Customer ID,Recency,Frequency,Monetary,AvgOrderValue,UniqueProducts,Tenure,Frequency_log,Monetary_log,Repurchased,Churned
12346.0,265,12,77556.46,2281.0723529411766,27,665,2.5649493574615367,11.258774359980725,0,1
12347.0,69,6,3402.39,20.746280487804878,107,343,1.9459101490553132,8.132527272694787,1,0
12348.0,14,5,2019.3999999999999,39.59607843137255,25,377,1.791759469228055,7.6110507905938976,0,1
12349.0,347,3,2671.14,26.18764705882353,90,528,1.3862943611198906,7.890634928493536,1,0
12350.0,249,1,334.40000000000003,19.67058823529412,17,249,0.6931471805599453,5.815323849389109,0,1
12351.0,314,1,300.93,14.33,21,314,0.6931471805599453,5.710195202428391,0,1
12352.0,11,9,2538.11,28.842159090909092,59,332,2.302585092994046,7.839568904909578,1,0
12353.0,143,2,406.76,16.948333333333334,23,348,1.0986122886681098,6.010678766031786,0,1
12354.0,171,1,1079.4,18.610344827586207,58,171,0.6931471805599453,6.985086621918461,0,1
12355.0,153,2,947.61,27.074571428571428,35,507,1.0986122886681098,6.854997755239065,0,1
12356.0,185,5,6313.38,45.09557142857143,104,364,1.791759469228055,8.75058485102569,1,0
12357.0,327,2,12079.99,73.2120606060606,165,328,1.0986122886681098,9.399388421773173,1,0
12358.0,90,4,3203.8700000000003,45.76957142857143,56,671,1.6094379124341003,8.072426806909661,1,0
12359.0,129,9,6059.09,23.304192307692308,230,673,2.302585092994046,8.709479930438226,1,0
12360.0,52,7,3209.11,19.687791411042944,123,595,2.0794415416798357,8.074060483449703,1,0
12361.0,226,4,511.25,17.629310344827587,18,621,1.6094379124341003,6.238812787119009,0,1
12362.0,12,6,2707.34,18.54342465753425,121,678,1.9459101490553132,7.904091180065261,1,0
12363.0,49,2,552.0,24.0,23,181,1.0986122886681098,6.315358001522335,0,1
12364.0,17,2,703.72,19.547777777777778,34,51,1.0986122886681098,6.557800560801541,1,0
12365.0,230,2,641.38,29.153636363636362,22,230,1.0986122886681098,6.465180028897591,0,1
12366.0,573,1,500.24,166.74666666666667,3,573,0.6931471805599453,6.217085028297085,0,1
12368.0,567,1,917.7,50.983333333333334,18,567,0.6931471805599453,6.822959627277421,0,1
12369.0,352,3,1791.15,19.25967741935484,90,581,1.3862943611198906,7.491171295388921,0,1
12370.0,214,6,3577.28,20.67791907514451,150,608,1.9459101490553132,8.182637517015767,1,0
12371.0,348,3,2179.42,20.95596153846154,91,584,1.3862943611198906,7.687272797776933,1,0
12372.0,11,3,1298.04,24.962307692307693,34,236,1.3862943611198906,7.169380809114136,0,1
12373.0,250,3,1127.65,22.110784313725492,36,613,1.3862943611198906,7.028777507229587,0,1
12374.0,360,3,2246.29,44.9258,47,527,1.3862943611198906,7.717480324827861,1,0
12375.0,37,1,230.3,20.936363636363637,11,37,0.6931471805599453,5.443715569237393,1,0
12376.0,329,2,503.15,38.70384615384615,11,357,1.0986122886681098,6.222873842839224,0,1
12377.0,254,4,3426.32,22.54157894736842,129,528,1.6094379124341003,8.139533893646055,0,1
12378.0,69,2,5416.32,17.994418604651162,281,501,1.0986122886681098,8.597356507200939,0,1
12379.0,21,4,1620.22,20.002716049382716,58,474,1.6094379124341003,7.390934231218893,0,1
12380.0,17,9,8185.05,34.53607594936709,136,602,2.302585092994046,9.010186765022945,1,0
12381.0,59,1,1268.74,20.463548387096775,62,59,0.6931471805599453,7.146567434084286,1,0
12383.0,124,5,1850.56,18.69252525252525,84,291,1.791759469228055,7.523783805985769,0,1
12384.0,61,1,292.69,20.90642857142857,14,61,0.6931471805599453,5.682524789276261,1,0
12385.0,318,1,1938.4,29.821538461538463,65,318,0.6931471805599453,7.570133925870446,0,1
12386.0,277,2,401.9,40.19,10,306,1.0986122886681098,5.998688392197302,0,1
12387.0,354,1,143.94,15.993333333333332,9,354,0.6931471805599453,4.976319863681136,0,1
12388.0,15,7,3614.71,26.19355072463768,83,521,2.0794415416798357,8.193043519180902,1,0
12389.0,342,3,1433.33,29.251632653061222,41,595,1.3862943611198906,7.268453120207762,0,1
12390.0,19,1,549.84,17.1825,32,19,0.6931471805599453,6.311444385858925,0,1
12391.0,404,5,2285.18,13.133218390804597,159,602,1.791759469228055,7.734637581412393,1,0
12392.0,530,1,234.75000000000003,33.53571428571429,7,530,0.6931471805599453,5.462771921513567,0,1
12393.0,11,6,2399.45,22.424766355140186,63,367,1.9459101490553132,7.783411498760109,0,1
12394.0,3,2,1272.48,47.12888888888889,26,156,1.0986122886681098,7.149508589545504,0,1
12395.0,5,12,3948.79,19.84316582914573,135,542,2.5649493574615367,8.28141769192492,1,0
12396.0,613,1,931.4300000000001,14.329692307692309,65,613,0.6931471805599453,6.837794081676172,0,1
12397.0,74,1,1214.81,17.35442857142857,70,74,0.6931471805599453,7.103165800317809,1,0
12399.0,58,7,1962.3,17.83909090909091,67,584,2.0794415416798357,7.582382009904704,0,1
12400.0,353,1,205.25,18.65909090909091,11,353,0.6931471805599453,5.32908902521479,0,1
12401.0,242,1,84.3,16.86,5,242,0.6931471805599453,4.446174454497633,0,1
12402.0,262,6,1256.9,17.955714285714286,43,610,1.9459101490553132,7.137198942844827,0,1
12403.0,461,1,591.6600000000001,147.91500000000002,4,461,0.6931471805599453,6.3846208787485486,1,0
12404.0,621,1,63.24,63.24,1,621,0.6931471805599453,4.162626069638506,0,1
12405.0,88,1,1710.39,31.67388888888889,54,88,0.6931471805599453,7.445061184797548,0,1
12406.0,123,4,4596.31,41.784636363636366,81,636,1.6094379124341003,8.433226628816453,1,0
12407.0,73,4,1407.36,21.99,50,203,1.6094379124341003,7.250181185855144,1,0
12408.0,38,7,3586.27,26.369632352941178,90,437,2.0794415416798357,8.18514674651439,1,0
12409.0,18,7,23419.29,88.70943181818183,177,504,2.0794415416798357,10.061358019654037,0,1
12410.0,248,3,1013.71,25.342750000000002,36,441,1.3862943611198906,6.9223581363660704,0,1
12411.0,349,1,346.9,15.768181818181818,22,349,0.6931471805599453,5.8519150821578965,0,1
12412.0,14,6,2596.93,20.448267716535433,82,478,1.9459101490553132,7.862470253064629,0,1
12413.0,6,4,999.45,19.597058823529412,41,341,1.6094379124341003,6.908205177762502,0,1
12414.0,156,6,952.4100000000001,34.01464285714286,21,403,1.9459101490553132,6.860045031492727,0,1
12415.0,5,24,138103.49,154.47817673378074,487,467,3.2188758248682006,11.835765851540835,1,0
12416.0,596,1,202.56,18.414545454545454,11,596,0.6931471805599453,5.315960801720632,0,1
12417.0,46,18,5964.83,18.353323076923076,252,673,2.9444389791664403,8.69380346986482,1,0
12418.0,52,4,2021.2,19.815686274509805,90,569,1.6094379124341003,7.6119413066572985,0,1
12419.0,325,2,503.01,20.1204,23,353,1.0986122886681098,6.222596109144375,0,1
12420.0,3,1,600.39,20.70310344827586,29,3,0.6931471805599453,6.3992436425478765,0,1
12421.0,54,5,920.12,16.430714285714284,38,444,1.791759469228055,6.8255903209275,1,0
12422.0,35,17,5231.8,30.417441860465118,137,661,2.8903717578961645,8.562701786647002,0,1
12423.0,40,9,2413.75,16.30912162162162,119,405,2.302585092994046,7.789351041059406,1,0
12424.0,102,4,3340.0299999999997,36.30467391304347,78,487,1.6094379124341003,8.114034421663943,0,1
12425.0,17,2,1741.41,19.136373626373626,87,387,1.0986122886681098,7.4630244913725114,0,1
12426.0,134,2,1345.21,17.470259740259742,73,602,1.0986122886681098,7.205048515865767,0,1
12427.0,311,1,303.5,30.35,10,311,0.6931471805599453,5.718671087149952,1,0
12428.0,59,8,7548.12,27.054193548387097,252,223,2.1972245773362196,8.929186279158467,1,0
12429.0,112,7,5298.89,42.054682539682545,107,485,2.0794415416798357,8.57544134460785,1,0
12431.0,4,25,9498.1,25.532526881720432,234,633,3.258096538021482,9.158952336258709,1,0
12432.0,109,3,4016.66,52.85078947368421,75,111,1.3862943611198906,8.298454922580934,1,0
12433.0,30,6,9813.5,26.739782016348773,227,416,1.9459101490553132,9.191616162977903,1,0
12434.0,24,3,1103.43,15.763285714285715,62,320,1.3862943611198906,7.007084643758051,0,1
12435.0,19,6,13925.93,124.33866071428572,88,676,1.9459101490553132,9.541579654832375,0,1
12436.0,39,1,509.01,31.813125,16,39,0.6931471805599453,6.234430333369278,0,1
12437.0,17,33,10766.0,22.61764705882353,230,676,3.5263605246161616,9.284241179815718,1,0
12438.0,79,1,890.0699999999999,18.16469387755102,49,79,0.6931471805599453,6.792422987796763,1,0
12439.0,622,2,1142.88,16.096901408450705,69,665,1.0986122886681098,7.042181271332972,0,1
12440.0,401,2,859.2,26.85,21,657,1.0986122886681098,6.757164920349636,0,1
12441.0,306,1,173.55,15.77727272727273,11,306,0.6931471805599453,5.162211233551045,0,1
12443.0,671,1,485.31,23.11,21,671,0.6931471805599453,6.186846280636522,0,1
12444.0,25,3,3189.81,25.51848,107,110,1.3862943611198906,8.068030082042343,1,0
12445.0,360,1,301.58000000000004,15.079000000000002,20,360,0.6931471805599453,5.7123457053166895,1,0
12447.0,182,1,476.49,18.326538461538462,26,182,0.6931471805599453,6.168543217293113,0,1
12449.0,31,5,3493.18,24.599859154929575,93,378,1.791759469228055,8.158854006253144,1,0
12450.0,95,5,688.2,18.6,31,413,1.791759469228055,6.5355315046537745,0,1
12451.0,4,6,11481.74,25.4020796460177,310,468,1.9459101490553132,9.34860031735317,1,0
12453.0,73,1,707.09,16.443953488372095,43,73,0.6931471805599453,6.562571204258897,0,1
12454.0,335,4,13151.44,526.0576,9,360,1.6094379124341003,9.48436257172419,1,0
12455.0,12,10,5879.95,25.902863436123347,199,661,2.3978952727983707,8.679473592468364,0,1
12456.0,70,2,2265.4,26.34186046511628,77,194,1.0986122886681098,7.725947948516307,1,0
12457.0,5,8,2995.91,35.665595238095236,63,374,2.1972245773362196,8.005337036835723,0,1
12458.0,10,4,1777.49,21.160595238095237,71,427,1.6094379124341003,7.483519968656931,0,1
12459.0,544,1,454.36,19.754782608695653,23,544,0.6931471805599453,6.121088314901487,0,1
12460.0,395,1,326.65,18.147222222222222,18,395,0.6931471805599453,5.791945965485506,0,1
12461.0,33,2,826.88,23.62514285714286,35,94,1.0986122886681098,6.718868216346018,0,1
12462.0,242,1,762.11,19.05275,40,242,0.6931471805599453,6.637402188652131,1,0
12463.0,114,3,985.7900000000001,16.16049180327869,51,181,1.3862943611198906,6.894457250838148,1,0
12464.0,45,6,780.55,37.16904761904762,6,248,1.9459101490553132,6.66127912734148,1,0
12465.0,108,1,440.94,16.959230769230768,26,108,0.6931471805599453,6.091174126256959,1,0
12466.0,621,1,56.73,56.73,1,621,0.6931471805599453,4.055776969072842,0,1
12467.0,362,1,132.8,14.755555555555556,9,362,0.6931471805599453,4.896346147694128,0,1
12468.0,127,5,3670.7400000000002,24.471600000000002,127,622,1.791759469228055,8.208420943133293,0,1
12469.0,462,2,3070.54,40.40184210526316,76,476,1.0986122886681098,8.029934343472139,0,1
12470.0,629,1,211.95,9.215217391304348,23,629,0.6931471805599453,5.3610573963692225,0,1
12471.0,5,72,34259.68,34.50118831822759,223,672,4.290459441148391,10.441753619900636,1,0
12472.0,78,17,14604.78,19.44711051930759,367,665,2.8903717578961645,9.589172619763454,1,0
12473.0,54,2,1175.75,18.37109375,60,131,1.0986122886681098,7.0705116802812515,1,0
12474.0,38,26,9410.72,17.656135084427767,285,606,3.295836866004329,9.149711000148466,1,0
12475.0,349,1,426.26,17.0504,25,349,0.6931471805599453,6.057392727222088,1,0
12476.0,24,19,10992.76,26.746374695863746,297,441,2.995732273553991,9.305083118093187,1,0
12477.0,3,7,16949.9,34.804722792607805,284,562,2.0794415416798357,9.738076208744115,1,0
12480.0,82,6,4328.17,21.426584158415842,146,446,1.9459101490553132,8.373131116710203,1,0
12481.0,5,14,11998.710000000001,32.6051902173913,240,546,2.70805020110221,9.392637761811452,1,0
12482.0,515,29,23691.4,116.1343137254902,42,593,3.4011973816621555,10.072909600590481,0,1
12483.0,38,17,4236.26,36.51948275862069,60,616,2.8903717578961645,8.351672112916619,1,0
12484.0,40,10,5485.43,13.44468137254902,296,620,2.3978952727983707,8.610033049760197,1,0
12485.0,468,1,708.1,20.826470588235296,34,468,0.6931471805599453,6.563996560309951,0,1
12486.0,371,1,1037.28,21.168979591836734,49,371,0.6931471805599453,6.945320776868279,0,1
12487.0,670,1,285.3,142.65,2,670,0.6931471805599453,5.65704021210407,0,1
12488.0,15,1,553.39,26.351904761904763,21,15,0.6931471805599453,6.317868410194978,1,0
12489.0,275,1,334.93,22.328666666666667,15,275,0.6931471805599453,5.816902804925467,0,1
12490.0,32,17,7958.3,20.83324607329843,171,677,2.8903717578961645,8.982096335273015,1,0
12492.0,2,3,715.21,17.028809523809525,38,342,1.3862943611198906,6.573973420047142,0,1
12493.0,105,2,433.74,19.715454545454545,20,136,1.0986122886681098,6.0747481512447195,0,1
12494.0,101,7,1438.03,17.536951219512193,62,515,2.0794415416798357,7.271724554481035,1,0
12495.0,580,1,357.4,21.023529411764706,17,580,0.6931471805599453,5.881649681100775,0,1
12496.0,559,2,45.34,4.534000000000001,10,559,1.0986122886681098,3.8360055190042304,0,1
12497.0,21,3,6248.5,109.62280701754386,41,584,1.3862943611198906,8.740256739530276,0,1
12499.0,499,1,393.72,14.582222222222223,27,499,0.6931471805599453,5.9781766527810465,0,1
12500.0,4,15,3621.48,29.205483870967743,80,612,2.772588722239781,8.194914153130597,1,0
12501.0,276,1,2169.39,14.559664429530201,149,276,0.6931471805599453,7.682662153888476,0,1
12502.0,35,5,3723.87,25.332448979591835,102,249,1.791759469228055,8.222787230875806,0,1
12503.0,523,1,1126.0,563.0,2,523,0.6931471805599453,7.027314514039777,0,1
12504.0,356,2,297.0,27.0,8,536,1.0986122886681098,5.697093486505405,1,0
12505.0,348,1,955.2,22.742857142857144,42,348,0.6931471805599453,6.862967096192003,0,1
12506.0,172,1,73.5,3.1956521739130435,23,172,0.6931471805599453,4.310799125385514,0,1
12507.0,73,4,1844.06,37.633877551020404,46,524,1.6094379124341003,7.520267076271057,0,1
12509.0,223,1,176.5,25.214285714285715,7,223,0.6931471805599453,5.178970608915471,0,1
12510.0,82,9,5178.02,35.71048275862069,94,674,2.302585092994046,8.552371128165808,0,1
12511.0,368,1,3084.02,16.231684210526314,190,368,0.6931471805599453,8.034313419300645,0,1
12512.0,5,2,132.18,4.263870967741935,31,5,1.0986122886681098,4.891701596682476,0,1
12513.0,52,1,612.29,17.494,35,52,0.6931471805599453,6.418837907265026,0,1
12514.0,206,2,1597.76,19.02095238095238,76,581,1.0986122886681098,7.3769836077601205,0,1
12515.0,292,1,383.7,23.98125,16,292,0.6931471805599453,5.95246380975825,0,1
12516.0,17,4,2648.62,35.792162162162164,49,538,1.6094379124341003,7.882171512471631,0,1
12517.0,13,3,1938.65,9.456829268292683,181,129,1.3862943611198906,7.57026282340997,1,0
12518.0,16,2,849.73,16.661372549019607,46,49,1.0986122886681098,6.74609480443586,1,0
12519.0,3,2,716.54,18.37282051282051,34,416,1.0986122886681098,6.575828695208771,0,1
12520.0,18,5,2634.26,17.330657894736845,121,213,1.791759469228055,7.876737127834484,0,1
12521.0,82,1,599.68,15.781052631578946,38,82,0.6931471805599453,6.39806234681208,0,1
12523.0,3,21,3861.71,17.39509009009009,157,671,3.091042453358316,8.259124288660104,1,0
12524.0,3,16,10818.31,45.84029661016949,157,608,2.833213344056216,9.289087779572204,1,0
12525.0,437,3,973.73,16.228833333333334,56,586,1.3862943611198906,6.882160509570649,0,1
12526.0,33,1,520.3,17.941379310344825,29,33,0.6931471805599453,6.25632569177406,1,0
12527.0,21,5,735.51,22.9846875,26,468,1.791759469228055,6.601922813543027,0,1
12528.0,3,5,1561.8799999999999,19.5235,47,252,1.791759469228055,7.354285552042231,1,0
12529.0,467,1,316.48,15.07047619047619,21,467,0.6931471805599453,5.760414824222675,0,1
12530.0,63,8,3318.63,24.04804347826087,85,581,2.1972245773362196,8.10760860991686,1,0
12531.0,625,1,1807.98,16.43618181818182,110,625,0.6931471805599453,7.500518429502228,1,0
12533.0,567,2,1367.89,18.998472222222222,63,678,1.0986122886681098,7.221755471439273,0,1
12534.0,70,1,1089.18,17.28857142857143,63,70,0.6931471805599453,6.9940980992041535,0,1
12535.0,31,2,716.35,21.069117647058825,28,126,1.0986122886681098,6.575563866544399,0,1
12537.0,348,1,732.94,17.04511627906977,43,348,0.6931471805599453,6.598427281404094,0,1
12538.0,317,1,276.5,21.26923076923077,13,317,0.6931471805599453,5.625820933186489,1,0
12539.0,201,6,10164.09,22.047917570498917,247,655,1.9459101490553132,9.226714579933729,1,0
12540.0,3,30,19773.04,29.12082474226804,318,671,3.4339872044851463,9.89212524531333,1,0
12541.0,112,2,536.14,19.14785714285714,27,220,1.0986122886681098,6.286258768165544,1,0
12542.0,423,2,481.88,12.355897435897436,39,579,1.0986122886681098,6.179768175579484,0,1
12543.0,387,1,980.25,22.796511627906977,43,387,0.6931471805599453,6.888827269096618,0,1
12545.0,14,2,1000.39,20.0078,42,199,1.0986122886681098,6.9091443138264115,0,1
12546.0,17,1,760.2,16.893333333333334,45,17,0.6931471805599453,6.634896135421995,1,0
12547.0,137,3,383.58,18.265714285714285,13,439,1.3862943611198906,5.952151829722441,0,1
12548.0,105,1,95.19999999999999,19.04,5,105,0.6931471805599453,4.566429357671661,0,1
12549.0,515,6,1575.68,32.15673469387755,38,637,1.9459101490553132,7.363076649441731,0,1
12550.0,18,1,964.83,16.92684210526316,57,18,0.6931471805599453,6.872987835288763,0,1
12551.0,297,1,168.0,16.8,10,297,0.6931471805599453,5.1298987149230735,0,1
12553.0,49,9,3336.06,18.33,96,362,2.302585092994046,8.112845458811488,1,0
12554.0,388,1,468.5,18.01923076923077,26,388,0.6931471805599453,6.1516682986483175,0,1
12555.0,621,1,129.23,129.23,1,621,0.6931471805599453,4.869302117979612,0,1
12556.0,90,1,308.75,4.75,60,90,0.6931471805599453,5.7357655205092515,1,0
12557.0,97,7,15106.14,308.2885714285714,15,662,2.0794415416798357,9.622922758727897,1,0
12559.0,250,2,561.71,26.74809523809524,21,259,1.0986122886681098,6.33276439774036,0,1
12560.0,51,2,1436.31,18.653376623376623,77,82,1.0986122886681098,7.270528590022721,1,0
12561.0,242,1,238.85,14.928125,16,242,0.6931471805599453,5.480013727948073,0,1
12562.0,21,6,3179.05,23.036594202898552,79,374,1.9459101490553132,8.064652198921053,1,0
12563.0,348,1,249.24,19.172307692307694,13,348,0.6931471805599453,5.522420457356946,0,1
12564.0,200,1,456.90000000000003,21.75714285714286,21,200,0.6931471805599453,6.12665081966305,0,1
12565.0,228,1,145.92000000000002,16.213333333333335,9,228,0.6931471805599453,4.989888220951467,0,1
12566.0,25,1,351.65,18.507894736842104,19,25,0.6931471805599453,5.865476063654188,0,1
12567.0,35,14,10216.18,21.507747368421054,315,606,2.70805020110221,9.23182589613223,1,0
12568.0,584,1,70.0,14.0,5,584,0.6931471805599453,4.2626798770413155,0,1
12569.0,3,17,2565.48,23.754444444444445,61,191,2.8903717578961645,7.850290589256182,1,0
12570.0,621,1,77.52,77.52,1,621,0.6931471805599453,4.3633533694082605,0,1
12571.0,61,1,248.35,17.739285714285714,14,61,0.6931471805599453,5.518857531992132,1,0
12573.0,166,5,717.41,6.028655462184874,107,404,1.791759469228055,6.577040436712936,0,1
12574.0,255,1,218.45000000000002,19.85909090909091,11,255,0.6931471805599453,5.391124416134243,0,1
12575.0,396,2,622.82,16.39,34,466,1.0986122886681098,6.435861865217934,0,1
12576.0,35,7,1763.44,15.202068965517242,97,465,2.0794415416798357,7.475588638570048,1,0
12577.0,298,6,1186.3899999999999,5.417305936073059,195,675,1.9459101490553132,7.079512900039279,1,0
12578.0,269,3,3456.6,27.0046875,109,383,1.3862943611198906,8.148329985752621,1,0
12579.0,17,1,440.42,15.18689655172414,29,17,0.6931471805599453,6.0899968031722285,0,1
12580.0,186,2,1052.9,18.153448275862072,52,516,1.0986122886681098,6.960252847939891,0,1
12582.0,178,4,1980.4,19.22718446601942,88,517,1.6094379124341003,7.59155894453893,0,1
12583.0,9,23,11410.44,29.948661417322835,129,673,3.1780538303479458,9.34237163997619,1,0
12584.0,19,5,1062.39,21.681428571428572,32,219,1.791759469228055,6.969217197226888,1,0
12585.0,173,2,2040.1,23.44942528735632,77,290,1.0986122886681098,7.621244157199997,0,1
12586.0,314,3,1865.73,22.47867469879518,76,662,1.3862943611198906,7.531943516050998,1,0
12588.0,338,3,743.88,20.663333333333334,27,537,1.3862943611198906,6.613223131580274,1,0
12589.0,84,7,4180.48,26.970838709677416,107,629,2.0794415416798357,8.338420529837524,1,0
12590.0,150,2,9864.26,145.06264705882353,68,150,1.0986122886681098,9.196774773912752,0,1
12591.0,256,3,1338.95,19.69044117647059,63,348,1.3862943611198906,7.200387578815958,0,1
12592.0,31,5,2582.66,31.88469135802469,42,458,1.791759469228055,7.856962277297855,0,1
12593.0,48,3,418.1,19.90952380952381,14,158,1.3862943611198906,6.038109554931026,0,1
12594.0,60,13,4281.79,24.607988505747127,78,585,2.6390573296152584,8.362359945360309,1,0
12595.0,444,1,299.02,15.737894736842104,19,444,0.6931471805599453,5.703849139100744,0,1
12596.0,181,1,269.95,17.996666666666666,15,181,0.6931471805599453,5.601934302012123,1,0
12597.0,122,2,1428.81,18.318076923076923,72,207,1.0986122886681098,7.265296847293467,1,0
12598.0,10,8,3457.15,22.304193548387097,111,588,2.1972245773362196,8.148489042977408,1,0
12599.0,66,12,2121.18,17.825042016806723,42,517,2.5649493574615367,7.66019914121263,1,0
12600.0,23,20,4587.84,37.916033057851244,49,671,3.044522437723423,8.431382547803127,1,0
12601.0,129,6,681.26,20.03705882352941,24,344,1.9459101490553132,6.525410816864686,0,1
12604.0,18,2,254.18,15.88625,15,201,1.0986122886681098,5.541969178493598,0,1
12605.0,315,4,1232.95,16.223026315789475,63,397,1.6094379124341003,7.117975685005857,0,1
12606.0,621,1,21.0,21.0,1,621,0.6931471805599453,3.091042453358316,0,1
12608.0,344,1,415.79,25.986875,16,344,0.6931471805599453,6.03258249782888,0,1
12609.0,17,9,3435.86,19.633485714285715,129,658,2.302585092994046,8.14231354282266,0,1
12610.0,45,2,1256.25,17.447916666666668,68,65,1.0986122886681098,7.136682075052074,1,0
12612.0,13,1,704.04,37.054736842105264,19,13,0.6931471805599453,6.558254538791405,0,1
12613.0,137,9,4935.51,19.98182186234818,173,664,2.302585092994046,8.504413882776182,1,0
12614.0,217,1,315.6,15.780000000000001,20,217,0.6931471805599453,5.757639147446912,0,1
12615.0,11,6,4661.18,20.716355555555555,178,570,1.9459101490553132,8.447238428888964,1,0
12616.0,34,3,1131.1,20.946296296296296,32,328,1.3862943611198906,7.031829594084064,0,1
12619.0,17,8,2900.52,42.036521739130436,42,499,2.1972245773362196,7.972990016593293,1,0
12620.0,20,2,939.32,16.479298245614036,56,144,1.0986122886681098,6.84622024286434,1,0
12621.0,20,32,21882.170000000002,33.154803030303036,299,608,3.4965075614664802,9.993473127211672,1,0
12622.0,171,1,180.1,16.37272727272727,11,171,0.6931471805599453,5.199049364889368,0,1
12623.0,215,7,3747.84,21.663815028901734,112,636,2.0794415416798357,8.229201737777698,0,1
12624.0,45,2,641.13,16.87184210526316,36,117,1.0986122886681098,6.464790775403018,0,1
12625.0,151,4,5164.88,28.22338797814208,144,536,1.6094379124341003,8.549830744582277,0,1
12626.0,3,7,6151.55,22.953544776119404,214,266,2.0794415416798357,8.72462190900992,1,0
12627.0,3,6,3911.55,19.460447761194033,143,79,1.9459101490553132,8.271944614319466,1,0
12628.0,4,1,333.64,19.625882352941176,17,4,0.6931471805599453,5.813055327133943,1,0
12629.0,325,2,1558.22,34.62711111111111,40,362,1.0986122886681098,7.3519409752019005,0,1
12631.0,395,5,2841.07,18.69125,105,632,1.791759469228055,7.952287938895591,1,0
12632.0,460,2,804.88,22.99657142857143,32,504,1.0986122886681098,6.691934848047708,0,1
12633.0,69,6,5462.93,18.772955326460483,213,465,1.9459101490553132,8.605923590041183,1,0
12634.0,475,2,490.0,24.5,20,487,1.0986122886681098,6.19644412779452,0,1
12635.0,29,4,2930.41,16.37100558659218,159,396,1.6094379124341003,7.983238814926674,0,1
12636.0,678,1,141.0,141.0,1,678,0.6931471805599453,4.955827057601261,0,1
12637.0,6,12,8283.81,13.491547231270358,295,482,2.5649493574615367,9.02217899658623,0,1
12638.0,579,1,249.8,27.755555555555556,9,579,0.6931471805599453,5.524655808758766,1,0
12639.0,178,3,1312.3700000000001,20.505781250000002,58,567,1.3862943611198906,7.180351632015874,0,1
12640.0,21,1,764.59,18.20452380952381,42,21,0.6931471805599453,6.640646778402448,1,0
12641.0,54,1,185.9,18.59,10,54,0.6931471805599453,5.230573714461517,0,1
12642.0,47,1,366.45,15.268749999999999,24,47,0.6931471805599453,5.90658725497488,1,0
12643.0,67,12,8304.82,162.83960784313726,14,550,2.5649493574615367,9.024711752874731,0,1
12644.0,69,4,1918.49,17.283693693693692,106,633,1.6094379124341003,7.559814804737258,0,1
12645.0,49,7,3074.98,21.06150684931507,106,608,2.0794415416798357,8.031378828653812,1,0
12647.0,17,35,16634.4,32.74488188976378,240,634,3.58351893845611,9.719288233850289,1,0
12648.0,94,4,1112.0,17.107692307692307,38,640,1.6094379124341003,7.014814351275545,0,1
12649.0,46,8,2294.65,19.446186440677966,94,635,2.1972245773362196,7.738771306795058,0,1
12651.0,274,4,377.75,12.591666666666667,30,404,1.6094379124341003,5.9368763568235785,0,1
12652.0,270,2,1017.0300000000001,19.941764705882356,51,373,1.0986122886681098,6.925624666224383,0,1
12653.0,88,3,4160.83,48.38174418604651,76,466,1.3862943611198906,8.333710160372133,0,1
12654.0,137,3,337.75,15.352272727272727,19,234,1.3862943611198906,5.825262372193911,1,0
12655.0,363,1,261.35,16.334375,16,363,0.6931471805599453,5.569679490132721,0,1
12656.0,12,7,5822.08,26.584840182648403,157,502,2.0794415416798357,8.66958461036545,1,0
12657.0,18,1,618.44,22.087142857142858,28,18,0.6931471805599453,6.428815844078469,1,0
12661.0,375,1,162.0,14.727272727272727,11,375,0.6931471805599453,5.093750200806762,0,1
12662.0,46,16,5530.42,17.39125786163522,135,557,2.833213344056216,8.618199842747222,1,0
12663.0,564,2,239.4,23.94,9,607,1.0986122886681098,5.4823042026610525,0,1
12664.0,5,7,3775.24,117.97625,10,666,2.0794415416798357,8.236484084567618,1,0
12665.0,264,3,313.6,18.447058823529414,13,608,1.3862943611198906,5.751301990624177,0,1
12666.0,333,1,1248.42,40.27161290322581,31,333,0.6931471805599453,7.130434722615036,0,1
12668.0,198,9,10500.35,21.08504016064257,258,616,2.302585092994046,9.259259099309588,1,0
12669.0,90,3,2744.0299999999997,27.168613861386135,98,196,1.3862943611198906,7.917547282845659,0,1
12670.0,38,5,2398.71,29.613703703703703,54,606,1.791759469228055,7.783103175701768,1,0
12671.0,545,1,2622.481,58.27735555555556,45,545,0.6931471805599453,7.872257340866884,0,1
12672.0,269,2,437.05,19.865909090909092,22,535,1.0986122886681098,6.082333059112373,0,1
12673.0,266,2,840.4,15.28,52,341,1.0986122886681098,6.7350671711564205,1,0
12674.0,31,3,1402.0,23.76271186440678,42,147,1.3862943611198906,7.246368080102461,1,0
12675.0,493,2,957.25,8.546875,111,517,1.0986122886681098,6.865108704260664,0,1
12676.0,10,10,2661.43,26.88313131313131,63,422,2.3978952727983707,7.886994518592251,1,0
12677.0,494,2,395.1,18.814285714285717,13,605,1.0986122886681098,5.981666704627871,0,1
12678.0,18,19,25333.22,80.67904458598727,188,640,2.995732273553991,10.139911329987873,1,0
12679.0,27,3,1000.7,21.754347826086956,43,223,1.3862943611198906,6.909453835617718,1,0
12680.0,12,3,613.36,16.5772972972973,29,52,1.3862943611198906,6.420581075547427,1,0
12681.0,17,39,26704.34,20.573451463790448,428,665,3.6888794541139363,10.192618824391007,1,0
12682.0,0,44,19583.010000000002,22.744494773519165,293,678,3.8066624897703196,9.882468695932838,1,0
12683.0,32,18,9779.32,23.678740920096853,224,665,2.9444389791664403,9.188127482329982,1,0
12684.0,3,5,1627.24,23.583188405797102,38,152,1.791759469228055,7.3952549558446234,1,0
12685.0,14,3,1829.02,17.58673076923077,90,33,1.3862943611198906,7.512082174737494,1,0
12686.0,311,1,89.14,12.734285714285715,7,311,0.6931471805599453,4.501364017262502,0,1
12687.0,420,2,2138.91,16.97547619047619,126,420,1.0986122886681098,7.668519051056749,0,1
12688.0,53,1,4873.81,28.50181286549708,171,53,0.6931471805599453,8.491836408313453,0,1
12689.0,67,1,511.03000000000003,15.03029411764706,34,67,0.6931471805599453,6.238383217072961,1,0
12690.0,145,1,389.01,24.313125,16,145,0.6931471805599453,5.966172379820607,0,1
12691.0,84,5,690.9,24.675,20,360,1.791759469228055,6.539441436504766,1,0
12692.0,576,1,110.95,8.534615384615385,13,576,0.6931471805599453,4.718052343044764,0,1
12693.0,66,7,1703.02,21.557215189873418,63,461,2.0794415416798357,7.4407454444095835,0,1
12694.0,9,3,1843.35,22.209036144578313,69,360,1.3862943611198906,7.519882190878127,0,1
12695.0,5,6,1322.02,23.607499999999998,44,604,1.9459101490553132,7.187672281158667,1,0
12696.0,374,2,851.91,17.38591836734694,43,448,1.0986122886681098,6.748654031960281,0,1
12697.0,70,2,733.91,25.307241379310344,27,108,1.0986122886681098,6.599748042735756,1,0
12698.0,529,1,339.75,21.234375,16,529,0.6931471805599453,5.831149070576642,0,1
12699.0,357,1,638.11,15.563658536585367,41,357,0.6931471805599453,6.460076583537422,0,1
12700.0,5,3,3625.24,17.181232227488152,167,154,1.3862943611198906,8.195951577762042,1,0
12701.0,19,6,2446.41,16.642244897959184,118,572,1.9459101490553132,7.802785601512003,0,1
12703.0,10,4,1006.53,13.601756756756757,56,624,1.6094379124341003,6.915257070052459,0,1
12704.0,17,4,1346.47,20.71492307692308,51,109,1.6094379124341003,7.205984039084483,1,0
12705.0,16,10,9898.95,19.44783889980354,290,473,2.3978952727983707,9.200284985604878,1,0
12707.0,231,1,603.42,18.285454545454545,33,231,0.6931471805599453,6.404269320519532,0,1
12708.0,11,16,4803.89,17.280179856115108,125,661,2.833213344056216,8.477389428322368,1,0
12709.0,10,31,28610.86,64.29406741573034,189,669,3.4657359027997265,10.261576596164437,1,0
12710.0,36,3,1149.02,14.922337662337663,75,140,1.3862943611198906,7.047534612510416,0,1
12711.0,551,2,1339.05,22.3175,56,616,1.0986122886681098,7.200462205681664,0,1
12712.0,46,19,6239.9800000000005,26.32902953586498,123,670,2.995732273553991,8.738892500314263,1,0
12714.0,46,11,12774.55,20.341640127388533,402,675,2.4849066497880004,9.455288466982731,1,0
12715.0,45,1,343.36,17.168,20,45,0.6931471805599453,5.841687621789754,0,1
12716.0,72,1,677.9,15.064444444444444,45,72,0.6931471805599453,6.520473841307601,1,0
12717.0,90,3,1308.91,18.435352112676057,60,529,1.3862943611198906,7.17771371154501,0,1
12718.0,10,1,238.25,12.539473684210526,19,10,0.6931471805599453,5.477509030333064,0,1
12719.0,4,1,283.6,15.755555555555556,18,4,0.6931471805599453,5.651084685655752,1,0
12720.0,5,24,6319.65,15.7205223880597,247,446,3.2188758248682006,8.751577329953665,1,0
12721.0,19,7,3398.76,16.660588235294117,157,411,2.0794415416798357,8.131460119877492,1,0
12722.0,24,4,997.63,18.82320754716981,50,90,1.6094379124341003,6.906384339674138,0,1
12723.0,4,2,299.40999999999997,8.316944444444443,35,4,1.0986122886681098,5.705148208283984,1,0
12724.0,21,6,2109.28,17.43206611570248,90,474,1.9459101490553132,7.654575919087859,1,0
12725.0,310,4,2266.76,21.384528301886796,92,523,1.6094379124341003,7.72654783914248,0,1
12726.0,25,10,3230.14,22.588391608391607,59,563,2.3978952727983707,8.080590295124086,1,0
12727.0,34,9,5036.53,27.98072222222222,114,594,2.302585092994046,8.524671161572194,1,0
12728.0,10,5,1070.17,17.54377049180328,48,323,1.791759469228055,6.97650678801018,0,1
12729.0,53,1,453.01,17.423461538461538,26,53,0.6931471805599453,6.118119224230488,0,1
12730.0,461,1,829.25,17.643617021276597,47,461,0.6931471805599453,6.721726860256856,0,1
12731.0,10,15,21774.45,61.336478873239436,133,587,2.772588722239781,9.98853846740843,1,0
12732.0,119,1,236.26000000000002,19.688333333333336,12,119,0.6931471805599453,5.469156586232957,0,1
12733.0,173,4,2424.87,15.445031847133757,117,628,1.6094379124341003,7.793945501918165,0,1
12734.0,292,3,639.65,33.66578947368421,17,331,1.3862943611198906,6.462483285955585,0,1
12735.0,254,2,779.5699999999999,18.12953488372093,38,276,1.0986122886681098,6.660024422032584,0,1
12736.0,272,1,234.0,58.5,4,272,0.6931471805599453,5.459585514144159,0,1
12737.0,438,2,3710.5,1855.25,2,438,1.0986122886681098,8.219191386557602,0,1
12738.0,311,1,155.35,14.122727272727273,11,311,0.6931471805599453,5.05209708390385,0,1
12739.0,17,4,2726.73,30.63741573033708,85,333,1.6094379124341003,7.911225040458104,0,1
12740.0,3,1,427.6,15.837037037037037,27,3,0.6931471805599453,6.060524083039477,0,1
12741.0,468,2,406.07,25.379375,16,472,1.0986122886681098,6.008985160825971,0,1
12742.0,565,1,1201.52,17.933134328358207,67,565,0.6931471805599453,7.092174633858238,0,1
12743.0,73,2,540.13,4.123129770992366,114,73,1.0986122886681098,6.293659545728696,0,1
12744.0,84,9,18249.74,59.835213114754104,232,530,2.302585092994046,9.811960906133798,1,0
12745.0,426,3,925.41,40.235217391304346,21,621,1.3862943611198906,6.8313169012337,0,1
12746.0,480,1,254.55,14.973529411764707,17,480,0.6931471805599453,5.543418085214289,0,1
12747.0,6,24,8147.25,35.26948051948052,82,671,3.2188758248682006,9.005558459252045,1,0
12748.0,1,272,40435.21,8.84990369884001,1943,674,5.60947179518496,10.607480949652489,1,0
12749.0,70,7,5561.71,20.830374531835208,219,460,2.0794415416798357,8.623840678570865,1,0
12750.0,68,1,275.88,18.392,15,68,0.6931471805599453,5.623584199327089,0,1
12751.0,384,1,268.27,4.326935483870967,61,384,0.6931471805599453,5.595714593686387,0,1
12752.0,20,1,4366.78,82.3920754716981,53,20,0.6931471805599453,8.38201014985595,0,1
12753.0,75,5,16620.91,100.12596385542169,114,302,1.791759469228055,9.718476983587424,1,0
12754.0,175,3,3010.74,47.78952380952381,49,248,1.3862943611198906,8.010273263812737,0,1
12755.0,220,11,5236.26,83.1152380952381,34,633,2.4849066497880004,8.563553739791448,0,1
12756.0,26,1,112.08,28.02,4,26,0.6931471805599453,4.72809553282539,0,1
12757.0,3,9,6989.400000000001,20.678698224852074,231,150,2.302585092994046,8.852293058197171,1,0
12758.0,56,7,9903.24,31.639744408945685,187,677,2.0794415416798357,9.200718227264051,0,1
12759.0,111,7,4571.82,16.746593406593405,188,675,2.0794415416798357,8.427885361413876,1,0
12760.0,395,1,347.8,16.561904761904763,21,395,0.6931471805599453,5.8544986920348245,0,1
12761.0,397,2,782.95,28.99814814814815,27,404,1.0986122886681098,6.664345242806459,0,1
12763.0,77,2,494.08,27.448888888888888,16,308,1.0986122886681098,6.204719365671822,0,1
12764.0,256,1,1693.88,37.64177777777778,45,256,0.6931471805599453,7.435367220848186,0,1
12765.0,411,6,1404.58,20.65558823529412,49,581,1.9459101490553132,7.248205307972568,0,1
12766.0,88,7,6881.55,21.572257053291537,217,347,2.0794415416798357,8.836744501792408,1,0
12767.0,315,1,949.82,22.088837209302326,43,315,0.6931471805599453,6.857324770182772,0,1
12768.0,390,1,168.69,16.869,10,390,0.6931471805599453,5.133973242984735,0,1
12769.0,178,1,1143.6,35.7375,32,178,0.6931471805599453,7.042810509975002,0,1
12770.0,150,2,3246.45,115.94464285714285,19,396,1.0986122886681098,8.085625351967414,0,1
12771.0,425,1,282.3,18.82,15,425,0.6931471805599453,5.646506406836471,0,1
12773.0,503,1,124.25,20.708333333333332,6,503,0.6931471805599453,4.830311739964974,0,1
12774.0,475,1,98.7,16.45,6,475,0.6931471805599453,4.602165676967792,0,1
12775.0,129,6,1464.76,21.862089552238807,45,348,1.9459101490553132,7.290129158266899,1,0
12776.0,607,1,55.5,13.875,4,607,0.6931471805599453,4.034240638152395,0,1
12777.0,397,1,519.45,19.978846153846156,26,397,0.6931471805599453,6.254693821961477,0,1
12778.0,2,8,1617.44,15.258867924528303,73,542,2.1972245773362196,7.389218001316767,1,0
12779.0,129,13,5492.16,24.518571428571427,123,676,2.6390573296152584,8.611258960899475,1,0
12780.0,538,1,337.4,16.869999999999997,20,538,0.6931471805599453,5.824228627732068,0,1
12781.0,3,2,826.74,33.0696,25,224,1.0986122886681098,6.718699095412067,0,1
12782.0,89,10,4365.99,20.497605633802817,135,458,2.3978952727983707,8.381829263581405,1,0
12783.0,14,1,339.02,18.834444444444443,18,14,0.6931471805599453,5.829004439409583,1,0
12784.0,468,1,1230.33,17.087916666666665,72,468,0.6931471805599453,7.1158501649948285,1,0
12785.0,303,3,1100.4,19.650000000000002,42,670,1.3862943611198906,7.004337376828381,0,1
12786.0,549,1,728.5000000000001,40.47222222222223,18,549,0.6931471805599453,6.592359367962841,0,1
12787.0,31,3,743.1800000000001,18.579500000000003,28,352,1.3862943611198906,6.612282941055294,1,0
12788.0,402,4,444.90000000000003,17.111538461538462,20,467,1.6094379124341003,6.100094711633431,0,1
12789.0,4,3,273.35,34.16875,5,633,1.3862943611198906,5.614404663504985,0,1
12790.0,131,2,591.85,15.995945945945946,36,349,1.0986122886681098,6.38494141590408,0,1
12791.0,313,6,863.51,30.839642857142856,17,563,1.9459101490553132,6.7621628724364315,0,1
12792.0,196,2,827.01,17.59595744680851,39,474,1.0986122886681098,6.719025231607016,0,1
12793.0,274,3,885.53,20.125681818181818,34,340,1.3862943611198906,6.787314965889217,0,1
12794.0,38,1,317.0,15.85,20,38,0.6931471805599453,5.762051382780177,1,0
12796.0,567,1,381.0,54.42857142857143,7,567,0.6931471805599453,5.945420608606575,0,1
12797.0,305,2,552.08,18.40266666666667,27,363,1.0986122886681098,6.315502656520417,0,1
12798.0,110,2,3140.9300000000003,101.32032258064517,27,361,1.0986122886681098,8.052592539764081,1,0
12799.0,468,1,219.35,14.623333333333333,15,468,0.6931471805599453,5.395217191287996,0,1
12800.0,409,3,584.25,17.183823529411764,31,616,1.3862943611198906,6.3720391063710204,0,1
12801.0,440,1,1071.82,21.4364,50,440,0.6931471805599453,6.978045974597571,0,1
12802.0,126,7,2416.42,17.510289855072465,108,503,2.0794415416798357,7.7904561347426675,0,1
12803.0,332,1,1092.81,19.869272727272726,55,332,0.6931471805599453,6.997422293310083,0,1
12804.0,405,2,325.37,4.929848484848485,60,439,1.0986122886681098,5.788031707101101,0,1
12805.0,321,4,1434.95,24.74051724137931,44,614,1.6094379124341003,7.269581930060472,0,1
12806.0,374,4,2878.96,42.96955223880597,58,528,1.6094379124341003,7.9655316841446515,0,1
12807.0,322,1,330.35,20.646875,16,322,0.6931471805599453,5.803175218534236,0,1
12808.0,124,4,574.4,16.41142857142857,35,402,1.6094379124341003,6.355065451117447,1,0
12809.0,117,3,1755.94,21.67827160493827,75,586,1.3862943611198906,7.471328938486188,0,1
12810.0,474,2,534.99,16.7184375,32,616,1.0986122886681098,6.284115504180345,0,1
12811.0,200,5,1033.9,18.462500000000002,47,367,1.791759469228055,6.942060082674128,0,1
12813.0,441,3,1687.8,37.50666666666667,37,632,1.3862943611198906,7.4317734965341105,0,1
12814.0,41,1,125.92,62.96,2,41,0.6931471805599453,4.843556966714995,0,1
12815.0,87,2,1063.46,22.6268085106383,38,137,1.0986122886681098,6.970222907300612,0,1
12816.0,35,2,572.2,19.731034482758623,27,115,1.0986122886681098,6.351234695954017,0,1
12817.0,220,3,690.98,27.639200000000002,16,374,1.3862943611198906,6.539557053465902,0,1
12818.0,201,1,1542.08,110.14857142857143,14,201,0.6931471805599453,7.341535698070348,0,1
12819.0,397,1,540.52,28.448421052631577,19,397,0.6931471805599453,6.294380000200352,0,1
12820.0,14,9,2135.41,17.08328,104,673,2.302585092994046,7.666882129226051,1,0
12821.0,153,2,220.8,16.984615384615385,13,550,1.0986122886681098,5.401776074916267,0,1
12822.0,10,2,948.88,20.62782608695652,41,26,1.0986122886681098,6.856335660826602,0,1
12823.0,14,18,6501.5,361.19444444444446,1,618,2.9444389791664403,8.779941997322807,0,1
12825.0,460,2,518.63,21.609583333333333,20,581,1.0986122886681098,6.253117019850299,0,1
12826.0,11,10,2378.65,17.61962962962963,90,661,2.3978952727983707,7.774708697027782,1,0
12828.0,5,4,661.3100000000001,17.402894736842107,36,69,1.6094379124341003,6.495733724274727,1,0
12829.0,276,3,385.3,20.278947368421054,17,489,1.3862943611198906,5.956614269672236,0,1
12830.0,30,5,6414.32,178.17555555555555,13,111,1.791759469228055,8.766444158892133,1,0
12831.0,201,3,451.11,20.505,16,402,1.3862943611198906,6.113925513056159,0,1
12832.0,37,1,267.8,14.877777777777778,18,37,0.6931471805599453,5.5939676086489944,1,0
12833.0,84,1,417.38,17.390833333333333,24,84,0.6931471805599453,6.0363901104609745,0,1
12834.0,222,1,312.38,17.354444444444443,18,222,0.6931471805599453,5.7474165116762626,0,1
12835.0,367,41,5996.83,9.750943089430894,138,676,3.7376696182833684,8.699153016126363,0,1
12836.0,76,14,6061.9,16.745580110497237,252,677,2.70805020110221,8.709943512450637,1,0
12837.0,112,2,662.66,7.530227272727273,83,508,1.0986122886681098,6.497769970142218,0,1
12838.0,313,9,2694.75,9.134745762711864,177,532,2.302585092994046,7.899431737762182,1,0
12839.0,11,22,7453.75,16.863687782805428,140,672,3.1354942159291497,8.916606692095966,1,0
12840.0,83,7,4041.9700000000003,22.96573863636364,109,613,2.0794415416798357,8.30473484938074,0,1
12841.0,5,34,6204.01,11.09840787119857,264,458,3.5553480614894135,8.733112309240955,1,0
12842.0,9,4,1917.99,39.958125,45,677,1.6094379124341003,7.559554284946702,0,1
12843.0,5,30,6583.36,30.061004566210045,130,666,3.4339872044851463,8.792452418869408,0,1
12844.0,69,3,497.52,6.297721518987341,68,533,1.3862943611198906,6.211643708958176,1,0
12845.0,206,4,354.09000000000003,13.114444444444446,26,229,1.6094379124341003,5.872371278471126,0,1
12846.0,621,1,15.58,15.58,1,621,0.6931471805599453,2.8081971497071487,0,1
12847.0,327,1,765.36,21.867428571428572,34,327,0.6931471805599453,6.641652033227792,1,0
12848.0,615,1,208.0,13.0,16,615,0.6931471805599453,5.342334251964811,0,1
12849.0,208,5,2701.03,20.777153846153848,110,530,1.791759469228055,7.901758621345258,1,0
12850.0,385,1,330.0,165.0,2,385,0.6931471805599453,5.802118375377063,0,1
12851.0,36,2,280.76,3.6462337662337663,71,416,1.0986122886681098,5.641055644747896,0,1
12852.0,234,1,311.55,18.326470588235296,17,234,0.6931471805599453,5.744764456377822,0,1
12853.0,74,11,3907.5,26.402027027027028,111,612,2.4849066497880004,8.270908947660384,0,1
12854.0,18,7,2970.9700000000003,11.383026819923373,188,667,2.0794415416798357,7.996980311574052,0,1
12855.0,312,4,612.84,9.146865671641791,65,341,1.6094379124341003,6.41973430786941,0,1
12856.0,3,1,392.49,4.968227848101266,78,3,0.6931471805599453,5.975055654573933,1,0
12857.0,150,6,3688.0,30.479338842975206,71,622,1.9459101490553132,8.213110697596676,0,1
12858.0,322,1,147.27,3.9802702702702706,36,322,0.6931471805599453,4.999034936029934,0,1
12859.0,398,1,575.1,27.385714285714286,21,398,0.6931471805599453,6.356281256738337,0,1
12860.0,632,1,54.22,3.38875,16,632,0.6931471805599453,4.011325206502009,0,1
12861.0,559,1,68.25,17.0625,4,559,0.6931471805599453,4.237723145067448,0,1
12862.0,365,2,984.62,7.51618320610687,119,434,1.0986122886681098,6.893270884781163,0,1
12863.0,318,5,2271.35,52.82209302325581,23,528,1.791759469228055,7.728569817272442,1,0
12864.0,77,2,299.57,42.79571428571428,5,447,1.0986122886681098,5.705680671939281,0,1
12865.0,63,3,2736.62,17.320379746835442,131,416,1.3862943611198906,7.914844208780442,1,0
12866.0,222,3,1227.35,19.48174603174603,58,442,1.3862943611198906,7.113427084384307,0,1
12867.0,35,12,6835.88,7.226088794926004,338,662,2.5649493574615367,8.830086766202063,1,0
12868.0,125,8,2043.76,15.251940298507463,86,332,2.1972245773362196,7.623035702176544,0,1
12869.0,621,1,337.66999999999996,9.126216216216216,35,621,0.6931471805599453,5.825026181941565,0,1
12870.0,314,3,1676.95,18.031720430107526,85,563,1.3862943611198906,7.42532808920537,0,1
12871.0,23,3,744.02,41.33444444444444,13,379,1.3862943611198906,6.613411063656805,0,1
12872.0,266,12,3283.96,8.33492385786802,217,675,2.5649493574615367,8.097109754284455,0,1
12873.0,221,3,2027.3,57.92285714285714,33,621,1.3862943611198906,7.614953282764742,0,1
12874.0,324,2,948.42,19.75875,44,493,1.0986122886681098,6.855851271831715,0,1
12875.0,82,5,1356.9900000000002,169.62375000000003,2,637,1.791759469228055,7.213760944321279,0,1
12876.0,135,3,2590.2,21.766386554621846,92,529,1.3862943611198906,7.85987636785712,1,0
12877.0,17,18,2566.7400000000002,12.459902912621361,95,630,2.9444389791664403,7.8507814135782,1,0
12878.0,175,2,854.99,18.191276595744682,38,205,1.0986122886681098,6.752258693830513,0,1
12879.0,20,2,507.7,72.52857142857142,4,31,1.0986122886681098,6.231858451828719,1,0
12880.0,321,2,640.13,17.781388888888888,32,514,1.0986122886681098,6.463232244470209,0,1
12881.0,215,1,298.0,42.57142857142857,7,215,0.6931471805599453,5.700443573390687,0,1
12883.0,28,1,291.63,15.348947368421053,19,28,0.6931471805599453,5.678909012380178,1,0
12884.0,27,1,309.05,44.15,7,27,0.6931471805599453,5.736733574795887,0,1
12885.0,2,3,1175.22,16.552394366197184,66,63,1.3862943611198906,7.0700611857921905,0,1
12886.0,7,2,1378.4,16.809756097560978,75,159,1.0986122886681098,7.229403900997191,0,1
12887.0,323,1,222.4,17.107692307692307,13,323,0.6931471805599453,5.4089638866351,0,1
12888.0,153,2,354.12,70.824,4,194,1.0986122886681098,5.87245576052578,0,1
12889.0,320,4,385.46000000000004,15.418400000000002,25,441,1.6094379124341003,5.957028369786855,0,1
12890.0,326,1,329.3,5.880357142857143,56,326,0.6931471805599453,5.800001332396744,1,0
12891.0,125,11,840.5,76.4090909090909,2,598,2.4849066497880004,6.735186013630861,0,1
12892.0,336,1,263.38,14.632222222222222,18,336,0.6931471805599453,5.577387462151254,0,1
12894.0,514,1,157.35,7.492857142857143,21,514,0.6931471805599453,5.064807772984649,0,1
12895.0,26,1,267.8,16.7375,16,26,0.6931471805599453,5.5939676086489944,1,0
12897.0,144,4,514.25,36.732142857142854,10,483,1.6094379124341003,6.244652219770568,0,1
12898.0,403,2,296.21,10.97074074074074,27,599,1.0986122886681098,5.6944389596530485,0,1
12899.0,353,1,366.4,21.552941176470586,17,353,0.6931471805599453,5.906451172781026,0,1
12900.0,361,1,340.33000000000004,26.179230769230774,13,361,0.6931471805599453,5.832849751258659,0,1
12901.0,20,20,13159.27,144.60736263736266,29,210,3.044522437723423,9.484957721386168,1,0
12902.0,204,1,138.68,13.868,10,204,0.6931471805599453,4.939354092091292,0,1
12903.0,368,1,833.5300000000001,20.330000000000002,41,368,0.6931471805599453,6.726868692126177,0,1
12904.0,111,1,244.69,7.6465625,32,111,0.6931471805599453,5.5040705786581645,1,0
12905.0,516,2,1018.42,18.85962962962963,52,621,1.0986122886681098,6.926989117097435,0,1
12906.0,17,2,1936.5900000000001,41.20404255319149,47,17,1.0986122886681098,7.569200211761562,1,0
12907.0,335,2,508.91,20.3564,23,433,1.0986122886681098,6.23423423955737,0,1
12908.0,115,5,1776.0,355.2,1,569,1.791759469228055,7.482681828154651,0,1
12909.0,27,7,2781.87,18.30177631578947,116,593,2.0794415416798357,7.931238048253744,1,0
12910.0,3,11,5338.06,41.38031007751938,73,560,2.4849066497880004,8.582804886496602,1,0
12911.0,491,1,1651.72,6.998813559322034,220,491,0.6931471805599453,7.410177694483373,0,1
12913.0,222,11,4666.0,81.85964912280701,31,678,2.4849066497880004,8.448271745949816,1,0
12914.0,340,1,223.98,24.886666666666667,9,340,0.6931471805599453,5.4160115093646795,0,1
12915.0,88,4,975.1,16.25166666666667,46,528,1.6094379124341003,6.88356504018092,0,1
12916.0,78,7,4479.73,26.044941860465112,82,624,2.0794415416798357,8.407541258563274,0,1
12917.0,67,6,4359.2,87.184,45,669,1.9459101490553132,8.380273206850646,0,1
12918.0,565,1,10953.5,10953.5,1,565,0.6931471805599453,9.301505609728274,0,1
12919.0,56,3,441.65,27.603125,12,109,1.3862943611198906,6.092779390057058,1,0
12920.0,510,3,323.86,10.120625,32,664,1.3862943611198906,5.78339432029125,1,0
12921.0,23,64,30042.13,23.02078927203065,283,677,4.174387269895637,10.310389294857668,1,0
12922.0,100,1,405.38,14.477857142857143,28,100,0.6931471805599453,6.007288682454868,0,1
12923.0,3,3,770.42,12.840333333333332,54,514,1.3862943611198906,6.648232972324212,0,1
12924.0,27,12,2469.4,33.37027027027027,56,670,2.5649493574615367,7.8121353598304575,0,1
12925.0,14,2,403.59000000000003,14.413928571428572,28,532,1.0986122886681098,6.002874208659545,1,0
12926.0,350,4,1523.97,5.816679389312977,202,664,1.6094379124341003,7.329730016716866,0,1
12927.0,334,1,197.31,17.937272727272727,11,334,0.6931471805599453,5.289831462897738,0,1
12928.0,87,10,3378.33,22.673355704697986,81,489,2.3978952727983707,8.125432743975852,1,0
12929.0,251,1,117.85,14.73125,8,251,0.6931471805599453,4.777862193806203,0,1
12930.0,17,2,415.8,16.632,20,110,1.0986122886681098,6.032606490439157,0,1
12931.0,6,54,84731.44,415.3501960784314,37,678,4.007333185232471,11.347253806134182,1,0
12932.0,478,8,1698.56,17.87957894736842,69,607,2.1972245773362196,7.438124673014305,0,1
12933.0,110,7,1386.59,5.976681034482758,178,668,2.0794415416798357,7.23532370838182,1,0
12934.0,676,1,181.65,90.825,2,676,0.6931471805599453,5.207571753241291,0,1
12935.0,49,12,3618.5,16.67511520737327,93,546,2.5649493574615367,8.194091173733197,1,0
12936.0,17,1,798.46,24.195757575757575,33,17,0.6931471805599453,6.68393649975286,1,0
12937.0,10,8,2419.78,15.412611464968155,93,675,2.1972245773362196,7.791845081268304,1,0
12939.0,3,20,25264.8,293.7767441860465,24,636,3.044522437723423,10.13720698158251,0,1
12940.0,27,1,361.27,19.01421052631579,19,27,0.6931471805599453,5.8923897901667415,1,0
12941.0,663,1,377.49,13.981111111111112,27,663,0.6931471805599453,5.936189652449227,0,1
12942.0,70,3,675.6,9.651428571428571,68,305,1.3862943611198906,6.517080256346608,0,1
12943.0,497,2,496.5,19.86,22,545,1.0986122886681098,6.209595556598647,0,1
12944.0,294,1,286.95,20.49642857142857,14,294,0.6931471805599453,5.6627868539526816,1,0
12945.0,227,2,900.11,17.64921568627451,47,595,1.0986122886681098,6.803627336726857,0,1
12946.0,376,1,324.45,16.2225,20,376,0.6931471805599453,5.785208840018396,0,1
12947.0,83,6,1603.99,16.535979381443298,83,312,1.9459101490553132,7.380872805015112,0,1
12948.0,44,6,1676.44,17.834468085106383,71,677,1.9459101490553132,7.425024100694987,1,0
12949.0,53,21,14808.9,21.809867452135492,332,675,3.091042453358316,9.603051155044586,1,0
12951.0,113,14,2901.4300000000003,16.48539772727273,104,638,2.70805020110221,7.973303596140828,1,0
12952.0,17,1,731.54,17.84243902439024,41,17,0.6931471805599453,6.596517946908819,1,0
12953.0,461,1,498.96,16.09548387096774,31,461,0.6931471805599453,6.214528095222021,1,0
12954.0,578,1,162.45,16.244999999999997,10,578,0.6931471805599453,5.09650713317022,0,1
12955.0,32,6,1843.36,22.48,42,207,1.9459101490553132,7.519887612827805,1,0
12956.0,245,4,521.89,12.425952380952381,42,663,1.6094379124341003,6.259371116895707,0,1
12957.0,11,11,7330.150000000001,17.791626213592235,344,668,2.4849066497880004,8.899887672070053,1,0
12958.0,339,2,467.34,9.537551020408163,45,522,1.0986122886681098,6.149194527873866,0,1
12959.0,423,1,150.95,18.86875,8,423,0.6931471805599453,5.023551519362802,0,1
12960.0,353,4,1322.0700000000002,18.886714285714287,49,600,1.6094379124341003,7.187710072768178,0,1
12961.0,318,1,211.99,5.29975,37,318,0.6931471805599453,5.361245216250509,0,1
12962.0,52,1,170.54,15.503636363636362,11,52,0.6931471805599453,5.144816475562275,1,0
12963.0,24,6,1998.8700000000001,18.171545454545456,85,458,1.9459101490553132,7.600837457429491,1,0
12964.0,376,1,132.24,5.086153846153847,26,376,0.6931471805599453,4.892152013325479,0,1
12965.0,28,1,769.8100000000001,7.1278703703703705,108,28,0.6931471805599453,6.647441909990047,0,1
12967.0,297,3,2938.52,45.208,47,323,1.3862943611198906,7.986001581697374,0,1
12968.0,51,1,135.95,27.189999999999998,5,51,0.6931471805599453,4.919615895709087,0,1
12969.0,542,1,122.45,24.490000000000002,5,542,0.6931471805599453,4.8158362157911885,0,1
12970.0,261,8,1071.93,4.785401785714286,181,674,2.1972245773362196,6.978148502851186,1,0
12971.0,5,99,13502.73,40.42733532934132,93,663,4.605170185988092,9.510721222560024,1,0
12972.0,353,4,1161.2,15.08051948051948,69,600,1.6094379124341003,7.058070039641005,0,1
12973.0,353,1,385.55,64.25833333333334,6,353,0.6931471805599453,5.957261225766484,0,1
12974.0,137,2,408.95,12.7796875,27,505,1.0986122886681098,6.016035201042187,0,1
12975.0,376,6,2100.09,18.750803571428573,92,673,1.9459101490553132,7.650211536671941,0,1
12976.0,151,8,3156.38,20.495974025974025,106,604,2.1972245773362196,8.057497848751854,0,1
12977.0,95,4,513.88,8.86,54,450,1.6094379124341003,6.243933863804019,0,1
12978.0,324,5,2502.82,15.35472392638037,126,669,1.791759469228055,7.825572844652115,0,1
12979.0,668,1,517.7,9.244642857142859,56,668,0.6931471805599453,6.251325681357355,0,1
12980.0,97,21,16245.78,312.4188461538462,7,677,3.091042453358316,9.695650014276662,0,1
12981.0,72,1,187.18,17.016363636363636,11,72,0.6931471805599453,5.237398951578619,1,0
12982.0,182,8,2744.81,15.420280898876404,139,545,2.1972245773362196,7.917831392382723,0,1
12983.0,537,1,490.08,16.336,30,537,0.6931471805599453,6.196607047312639,0,1
12986.0,368,10,2729.84,26.763137254901963,61,627,2.3978952727983707,7.912364533159128,0,1
12987.0,13,5,1312.21,19.881969696969698,61,628,1.791759469228055,7.180229800584737,0,1
12988.0,231,1,505.82,6.094216867469879,75,231,0.6931471805599453,6.228155910967461,0,1
12989.0,6,29,12585.26,185.07735294117649,27,668,3.4011973816621555,9.440361021747336,1,0
12990.0,124,6,809.9,38.56666666666666,6,559,1.9459101490553132,6.698144741950512,1,0
12991.0,51,2,564.62,15.68388888888889,36,328,1.0986122886681098,6.337922474636114,1,0
12992.0,664,1,93.35,15.558333333333332,6,664,0.6931471805599453,4.547011271814559,0,1
12993.0,60,7,1217.27,16.674931506849315,55,599,2.0794415416798357,7.105187098580444,1,0
12994.0,59,2,645.47,15.743170731707318,38,208,1.0986122886681098,6.47152679342293,1,0
12995.0,24,1,211.32,70.44,3,24,0.6931471805599453,5.358094570583897,0,1
12996.0,315,1,355.5,16.15909090909091,22,315,0.6931471805599453,5.8763342398543505,0,1
12997.0,28,7,1800.41,18.560927835051547,61,552,2.0794415416798357,7.496324970572161,1,0
12998.0,432,3,920.08,15.86344827586207,58,593,1.3862943611198906,6.825546894589419,0,1
12999.0,135,3,455.88,16.28142857142857,25,185,1.3862943611198906,6.124420774356607,0,1
13000.0,46,4,1032.5,16.653225806451612,57,664,1.6094379124341003,6.940706379121823,0,1
13001.0,97,31,22839.25,23.37691914022518,295,675,3.4657359027997265,10.036279609419324,1,0
13002.0,257,3,414.13,18.00565217391304,19,374,1.3862943611198906,6.0285917241892655,0,1
13003.0,45,3,149.05,24.84166666666667,4,154,1.3862943611198906,5.010968571886377,0,1
13004.0,2,33,10603.94,14.252607526881722,386,664,3.5263605246161616,9.26907520927415,1,0
13005.0,113,4,999.68,17.85142857142857,41,396,1.6094379124341003,6.908435047886894,0,1
13007.0,519,1,175.25,15.931818181818182,11,519,0.6931471805599453,5.171903441692378,0,1
13008.0,262,3,612.13,17.489428571428572,31,662,1.3862943611198906,6.4185769852303105,0,1
13009.0,612,1,234.0,58.5,4,612,0.6931471805599453,5.459585514144159,0,1
13010.0,313,2,330.12,27.51,10,588,1.0986122886681098,5.802480847440477,0,1
13011.0,311,1,50.550000000000004,16.85,3,311,0.6931471805599453,3.942552210462969,0,1
13012.0,17,8,2501.83,19.85579365079365,81,531,2.1972245773362196,7.825177370627406,1,0
13013.0,4,26,10189.390000000001,22.443590308370048,280,665,3.295836866004329,9.229200398300872,1,0
13014.0,14,7,4336.43,22.46854922279793,138,372,2.0794415416798357,8.37503728579636,1,0
13015.0,136,10,5003.18,19.169272030651342,202,542,2.3978952727983707,8.518028842162874,1,0
13016.0,12,3,789.89,16.806170212765956,39,62,1.3862943611198906,6.673158893621945,0,1
13018.0,3,29,8575.8,15.969832402234635,373,588,3.4011973816621555,9.05681616254203,1,0
13019.0,318,6,1229.95,22.362727272727273,46,672,1.9459101490553132,7.115541507975305,0,1
13020.0,502,2,618.96,15.870769230769232,38,599,1.0986122886681098,6.42965495982885,0,1
13021.0,9,14,3890.14,19.353930348258707,127,674,2.70805020110221,8.266457452805017,1,0
13022.0,369,1,65.3,13.059999999999999,5,369,0.6931471805599453,4.194189897191817,0,1
13023.0,3,3,1449.03,19.066184210526316,69,468,1.3862943611198906,7.279339524855764,0,1
13024.0,410,2,555.87,17.931290322580644,26,521,1.0986122886681098,6.32233181950912,0,1
13025.0,671,1,323.39,24.876153846153844,13,671,0.6931471805599453,5.781946495625555,0,1
13026.0,32,7,1361.92,23.083389830508477,33,666,2.0794415416798357,7.217384735916743,1,0
13027.0,53,19,17239.2,202.81411764705882,7,628,2.995732273553991,9.754999145078468,0,1
13029.0,78,4,1453.0,103.78571428571429,11,462,1.6094379124341003,7.282073658093465,1,0
13030.0,307,1,402.36,7.058947368421053,50,307,0.6931471805599453,5.999829463439609,1,0
13031.0,346,5,3292.84,8.090515970515971,275,493,1.791759469228055,8.099809336394545,0,1
13032.0,26,8,2302.08,12.789333333333333,141,399,2.1972245773362196,7.742002636516534,1,0
13033.0,296,2,220.55,16.965384615384615,12,369,1.0986122886681098,5.400648297645499,0,1
13034.0,308,2,279.91,15.550555555555556,16,340,1.0986122886681098,5.638034333334139,1,0
13035.0,13,3,1364.2,32.48095238095238,27,370,1.3862943611198906,7.219056217032552,0,1
13036.0,624,1,307.1,51.18333333333334,6,624,0.6931471805599453,5.730424405602622,0,1
13037.0,77,12,3914.9500000000003,16.87478448275862,181,675,2.5649493574615367,8.272813235438143,0,1
13038.0,19,3,908.46,32.445,24,230,1.3862943611198906,6.812851016782114,0,1
13039.0,523,4,1010.73,18.37690909090909,37,661,1.6094379124341003,6.919417015831408,0,1
13041.0,390,4,799.13,22.832285714285714,23,529,1.6094379124341003,6.684774214466232,0,1
13042.0,537,3,1488.59,8.09016304347826,164,671,1.3862943611198906,7.306256193288668,0,1
13043.0,212,1,516.42,39.72461538461538,13,212,0.6931471805599453,6.248854923817375,0,1
13044.0,230,11,4848.05,11.653966346153847,356,639,2.4849066497880004,8.486538088456603,0,1
13045.0,38,3,808.9200000000001,17.976000000000003,41,425,1.3862943611198906,6.696935477356759,0,1
13046.0,205,2,517.66,14.790285714285714,31,395,1.0986122886681098,6.251248562517183,1,0
13047.0,66,22,7873.0,22.754335260115607,170,663,3.1354942159291497,8.971321471503682,1,0
13048.0,53,8,3588.27,15.269234042553192,118,620,2.1972245773362196,8.185704118187028,1,0
13049.0,3,4,1408.24,54.16307692307692,19,340,1.6094379124341003,7.250805830963473,0,1
13050.0,45,31,10659.4,11.75237045203969,490,663,3.4657359027997265,9.274291220468006,1,0
13051.0,518,2,155.8,38.95,4,559,1.0986122886681098,5.054971107916307,0,1
13052.0,151,7,3119.33,12.577943548387097,161,594,2.0794415416798357,8.045694044441127,0,1
13053.0,561,1,127.65,7.508823529411765,17,561,0.6931471805599453,4.857095538727753,0,1
13055.0,17,4,2321.11,15.072142857142858,145,369,1.6094379124341003,7.7502315340901236,0,1
13056.0,490,1,209.48,11.025263157894736,18,490,0.6931471805599453,5.349390636732037,0,1
13057.0,469,3,709.59,17.73975,34,571,1.3862943611198906,6.566095610873215,0,1
13058.0,91,1,47.550000000000004,15.850000000000001,3,91,0.6931471805599453,3.882594194737334,1,0
13059.0,189,10,2291.77,11.574595959595959,155,558,2.3978952727983707,7.737515972550064,0,1
13060.0,193,1,307.53000000000003,20.502000000000002,15,193,0.6931471805599453,5.731819083350057,0,1
13061.0,11,1,248.61,24.861,10,11,0.6931471805599453,5.519899699795292,0,1
13062.0,130,1,346.98,31.543636363636367,11,130,0.6931471805599453,5.85214500685857,0,1
13063.0,420,1,188.4,15.700000000000001,12,420,0.6931471805599453,5.243861180751978,0,1
13064.0,27,5,1403.58,19.227123287671233,44,531,1.791759469228055,7.247493604694313,1,0
13065.0,312,5,1055.05,17.016935483870967,49,487,1.791759469228055,6.962290811630151,0,1
13067.0,21,3,508.51,15.8909375,24,385,1.3862943611198906,6.233449479555548,0,1
13068.0,259,1,165.0,165.0,1,259,0.6931471805599453,5.111987788356544,1,0
13069.0,39,34,8723.03,8.89197757390418,550,482,3.5553480614894135,9.073836566105154,1,0
13070.0,131,4,751.7,22.77878787878788,12,671,1.6094379124341003,6.623666742040486,0,1
13071.0,551,1,129.22,10.768333333333333,12,551,0.6931471805599453,4.869225327808716,0,1
13072.0,206,1,177.15,25.307142857142857,7,206,0.6931471805599453,5.182625892051845,0,1
13073.0,350,2,418.08,15.484444444444444,25,377,1.0986122886681098,6.038061832484764,0,1
13074.0,450,4,1378.74,47.54275862068965,26,663,1.6094379124341003,7.229650354603547,0,1
13075.0,69,1,919.61,41.80045454545455,22,69,0.6931471805599453,6.825036493805135,0,1
13076.0,397,1,135.4,15.044444444444444,9,397,0.6931471805599453,4.915591745409362,0,1
13077.0,229,10,2588.82,9.212882562277581,176,668,2.3978952727983707,7.859343654208983,1,0
13078.0,4,50,25562.65,35.11353021978022,150,678,3.9318256327243257,10.1489266995483,1,0
13079.0,14,4,371.48,24.765333333333334,11,356,1.6094379124341003,5.920183345103019,1,0
13080.0,118,4,280.73,14.775263157894738,17,548,1.6094379124341003,5.640949165484632,0,1
13081.0,83,25,47371.11,23.591190239043826,676,670,3.258096538021482,10.765788937885468,1,0
13082.0,65,21,7335.75,56.866279069767444,99,656,3.091042453358316,8.900651244261311,0,1
13083.0,15,2,284.07,15.781666666666666,18,364,1.0986122886681098,5.652734764145549,1,0
13084.0,431,1,122.39999999999999,61.199999999999996,2,431,0.6931471805599453,4.8154311114712876,0,1
13085.0,97,8,2433.28,28.96761904761905,50,678,2.1972245773362196,7.7974063039073975,0,1
13086.0,322,1,439.33000000000004,9.34744680851064,47,322,0.6931471805599453,6.087524445802853,0,1
13087.0,665,1,313.64,20.909333333333333,15,665,0.6931471805599453,5.751429128123554,0,1
13088.0,356,1,236.11,11.8055,19,356,0.6931471805599453,5.468524168478886,0,1
13089.0,3,187,101348.45,33.54798080105925,821,676,5.236441962829949,11.526329725126399,1,0
13090.0,4,20,9995.01,45.22628959276018,147,433,3.044522437723423,9.209941292354502,1,0
13091.0,669,2,1976.0,82.33333333333333,24,669,1.0986122886681098,7.589335823170617,1,0
13092.0,10,12,2140.28,20.38361904761905,52,607,2.5649493574615367,7.669159060048065,0,1
13093.0,215,55,54144.25,52.212391513982645,199,675,4.02535169073515,10.899425529283329,0,1
13094.0,19,12,2056.8,76.17777777777779,5,328,2.5649493574615367,7.62939272994171,1,0
13095.0,10,1,74.39999999999999,12.399999999999999,6,10,0.6931471805599453,4.32280727501391,0,1
13096.0,333,1,419.7000000000001,419.7000000000001,1,333,0.6931471805599453,6.041919990596475,0,1
13097.0,16,27,12792.960000000001,13.067374872318693,388,677,3.332204510175204,9.456728463539665,1,0
13098.0,0,21,21810.42,48.36013303769401,137,256,3.091042453358316,9.990188964824997,1,0
13099.0,38,1,207.36,207.36,1,38,0.6931471805599453,5.339267352876991,0,1
13101.0,173,4,695.4,13.635294117647058,48,620,1.6094379124341003,6.545924207894034,0,1
13102.0,20,33,10248.85,23.082995495495496,192,521,3.5263605246161616,9.235018350313133,1,0
13103.0,377,2,465.70000000000005,18.628,21,516,1.0986122886681098,6.14568665295577,1,0
13104.0,25,7,1189.62,51.72260869565217,13,592,2.0794415416798357,7.082229458831182,1,0
13105.0,375,1,72.0,72.0,1,375,0.6931471805599453,4.290459441148391,0,1
13106.0,72,2,603.46,37.71625,15,352,1.0986122886681098,6.4043354974767395,0,1
13107.0,25,8,5128.87,29.30782857142857,140,613,2.1972245773362196,8.542835596713118,1,0
13108.0,312,2,748.46,21.38457142857143,27,374,1.0986122886681098,6.619352947205873,0,1
13109.0,96,2,717.34,15.262553191489362,42,490,1.0986122886681098,6.576942994569132,1,0
13110.0,76,10,2511.04,11.900663507109005,141,677,2.3978952727983707,7.82885045102819,1,0
13111.0,658,1,321.88000000000005,26.823333333333338,12,658,0.6931471805599453,5.777280737165245,0,1
13112.0,480,1,20.599999999999998,10.299999999999999,2,480,0.6931471805599453,3.0726933146901194,0,1
13113.0,0,34,17246.83,47.77515235457064,165,560,3.5553480614894135,9.755441617444937,1,0
13114.0,670,1,234.38,14.64875,16,670,0.6931471805599453,5.461201229449516,0,1
13115.0,123,7,4078.4700000000003,16.379397590361446,161,538,2.0794415416798357,8.313722356999433,1,0
13116.0,77,1,501.14,16.704666666666665,30,77,0.6931471805599453,6.218878965272838,0,1
13117.0,61,17,2112.52,13.898157894736842,114,562,2.8903717578961645,7.656110082938177,1,0
13118.0,147,7,2017.3,17.241880341880343,85,378,2.0794415416798357,7.610010851906074,1,0
13119.0,608,1,134.9,12.263636363636364,11,608,0.6931471805599453,4.911919321157098,0,1
13120.0,178,1,30.6,30.6,1,178,0.6931471805599453,3.4531571205928664,0,1
13121.0,208,1,283.73,5.674600000000001,50,208,0.6931471805599453,5.6515413628105104,0,1
13122.0,33,2,922.39,16.77072727272727,54,179,1.0986122886681098,6.828051680471256,0,1
13123.0,412,2,506.75,11.261111111111111,36,469,1.0986122886681098,6.229989200460494,0,1
13124.0,29,4,4641.66,16.401625441696112,216,324,1.6094379124341003,8.443042756822537,0,1
13125.0,463,1,148.62,7.431,20,463,0.6931471805599453,5.008098746444259,0,1
13126.0,12,11,3061.15,16.196560846560846,142,587,2.4849066497880004,8.026872562607586,1,0
13127.0,17,1,259.17,17.278000000000002,15,17,0.6931471805599453,5.561335263505108,0,1
13128.0,570,1,263.5,263.5,1,570,0.6931471805599453,5.577841251298354,0,1
13129.0,391,2,233.25,21.204545454545453,10,469,1.0986122886681098,5.456388921118531,0,1
13130.0,33,1,64.0,32.0,2,33,0.6931471805599453,4.174387269895637,0,1
13131.0,10,6,3012.67,22.151985294117647,103,608,1.9459101490553132,8.010913884140983,1,0
13132.0,201,1,77.3,25.766666666666666,3,201,0.6931471805599453,4.360547602996758,0,1
13133.0,213,3,200.45,16.704166666666666,12,398,1.3862943611198906,5.305541211637356,0,1
13134.0,25,6,2475.23,20.456446280991734,110,355,1.9459101490553132,7.814492521251219,0,1
13135.0,136,2,3371.45,187.30277777777778,18,430,1.0986122886681098,8.12339476217512,0,1
13136.0,27,12,5815.03,20.051827586206894,187,670,2.5649493574615367,8.668373177384371,1,0
13137.0,32,13,5871.97,5.3576368613138685,547,441,2.6390573296152584,8.67811574738756,1,0
13138.0,19,5,999.51,14.485652173913044,39,336,1.791759469228055,6.908265148976337,1,0
13139.0,11,5,6722.6,30.837614678899083,194,377,1.791759469228055,8.81337900435924,1,0
13140.0,47,5,1054.92,10.046857142857144,89,430,1.791759469228055,6.9621677038206995,0,1
13141.0,24,17,7656.08,18.056792452830187,285,669,2.8903717578961645,8.943385989014663,0,1
13143.0,524,1,405.1,17.61304347826087,23,524,0.6931471805599453,6.006599434692252,0,1
13144.0,272,2,135.35,22.558333333333334,6,370,1.0986122886681098,4.9152251092915975,0,1
13145.0,31,6,1009.72,126.215,5,539,1.9459101490553132,6.91841822715039,1,0
13147.0,39,1,118.8,118.8,1,39,0.6931471805599453,4.785823685681349,1,0
13148.0,73,24,7580.57,10.986333333333333,400,671,3.2188758248682006,8.933475581199755,1,0
13149.0,45,3,1132.6200000000001,17.697187500000002,58,228,1.3862943611198906,7.033171331128388,1,0
13150.0,423,3,449.96999999999997,56.246249999999996,7,570,1.3862943611198906,6.111400818443195,0,1
13151.0,235,3,2465.21,15.602594936708861,131,567,1.3862943611198906,7.810437838249392,0,1
13152.0,356,7,2146.38,15.899111111111113,114,634,2.0794415416798357,7.672003773368138,0,1
13154.0,338,3,1624.84,17.471397849462363,78,675,1.3862943611198906,7.3937798842820515,0,1
13155.0,19,5,1281.22,12.086981132075472,75,431,1.791759469228055,7.156348229622116,1,0
13156.0,324,3,1586.54,15.255192307692308,94,615,1.3862943611198906,7.369940927299805,0,1
13157.0,80,8,4819.34,23.281835748792272,137,581,2.1972245773362196,8.480599743975946,1,0
13158.0,34,5,1508.18,15.081800000000001,70,327,1.791759469228055,7.319321735948278,0,1
13159.0,45,2,843.09,11.09328947368421,75,55,1.0986122886681098,6.7382591239819325,1,0
13161.0,252,2,472.13,14.306969696969697,30,440,1.0986122886681098,6.159370192167576,0,1
13162.0,61,16,9275.49,38.972647058823526,186,674,2.833213344056216,9.135238521473575,0,1
13163.0,549,1,17.65,8.825,2,549,0.6931471805599453,2.9258461460898246,0,1
13164.0,508,2,372.2,37.22,7,607,1.0986122886681098,5.922114468973189,0,1
13165.0,290,2,784.32,39.216,20,352,1.0986122886681098,6.666091278030549,1,0
13166.0,222,2,875.93,12.881323529411764,55,353,1.0986122886681098,6.776427171626729,0,1
13167.0,6,4,993.49,14.192714285714287,55,329,1.6094379124341003,6.902230042939299,1,0
13168.0,138,4,1494.2,9.702597402597403,119,481,1.6094379124341003,7.310015256141353,1,0
13169.0,3,3,840.08,46.67111111111112,16,501,1.3862943611198906,6.734686780300234,0,1
13171.0,238,1,140.35,6.102173913043478,23,238,0.6931471805599453,4.9512390841395995,1,0
13172.0,339,1,69.6,69.6,1,339,0.6931471805599453,4.257030144499196,0,1
13173.0,306,10,2212.11,11.286275510204081,147,668,2.3978952727983707,7.7021540450968,1,0
13174.0,255,11,7286.6,8.414087759815242,564,674,2.4849066497880004,8.89392955269153,1,0
13175.0,521,2,831.45,18.075,40,675,1.0986122886681098,6.724373159990861,0,1
13177.0,4,2,512.2,17.073333333333334,23,370,1.0986122886681098,6.240665632741481,0,1
13178.0,12,19,13490.45,20.409152798789712,183,662,2.995732273553991,9.509811430452913,1,0
13179.0,558,1,572.3100000000001,16.832647058823532,34,558,0.6931471805599453,6.3514265826367975,0,1
13180.0,546,1,86.10000000000001,21.525000000000002,4,546,0.6931471805599453,4.467056883858457,0,1
13181.0,320,1,359.69,18.931052631578947,19,320,0.6931471805599453,5.888018863654928,0,1
13183.0,26,13,6163.9800000000005,43.40830985915493,64,575,2.6390573296152584,8.72664017147315,1,0
13184.0,70,9,1472.1,9.317088607594936,122,229,2.302585092994046,7.295124302820892,1,0
13185.0,207,1,71.4,71.4,1,207,0.6931471805599453,4.282206299391671,0,1
13186.0,33,2,1301.94,20.665714285714287,57,68,1.0986122886681098,7.17237852848212,1,0
13187.0,276,4,341.36,6.095714285714286,51,563,1.6094379124341003,5.835862815013409,0,1
13189.0,54,1,127.0,7.055555555555555,18,54,0.6931471805599453,4.852030263919617,1,0
13190.0,483,3,570.66,33.56823529411764,16,672,1.3862943611198906,6.348544409056351,0,1
13191.0,597,1,164.69,2.79135593220339,58,597,0.6931471805599453,5.1101185725812055,0,1
13192.0,34,6,2558.58,15.793703703703704,135,626,1.9459101490553132,7.847598461513884,0,1
13193.0,0,1,112.08,4.4832,22,0,0.6931471805599453,4.72809553282539,0,1
13194.0,75,2,472.78,47.278,10,361,1.0986122886681098,6.160743078929981,0,1
13195.0,353,1,136.73,2.972391304347826,43,353,0.6931471805599453,4.92529524692924,0,1
13196.0,24,5,2858.01,16.331485714285716,131,556,1.791759469228055,7.958230690042672,1,0
13197.0,549,1,373.01000000000005,19.632105263157897,19,549,0.6931471805599453,5.924282535024993,0,1
13198.0,60,7,4582.17,15.800586206896552,248,373,2.0794415416798357,8.43014617742798,1,0
13199.0,4,53,11417.390000000001,71.3586875,49,674,3.9889840465642745,9.342980492535732,1,0
13200.0,13,2,627.01,17.914571428571428,34,65,1.0986122886681098,6.442556089908299,1,0
13201.0,441,4,1233.06,14.337906976744186,65,582,1.6094379124341003,7.118064825649593,0,1
13202.0,333,7,1580.3,22.902898550724636,55,670,2.0794415416798357,7.366002572529271,0,1
13203.0,60,8,2088.65,15.823106060606062,125,661,2.1972245773362196,7.644751866820344,1,0
13204.0,670,1,966.6600000000001,16.958947368421054,57,670,0.6931471805599453,6.874880785908055,0,1
13205.0,382,1,2803.2,2803.2,1,382,0.6931471805599453,7.938873572287031,0,1
13206.0,339,13,8308.19,14.678780918727917,393,671,2.6390573296152584,9.025117410174513,0,1
13207.0,90,3,483.12000000000006,48.312000000000005,8,551,1.3862943611198906,6.182332809870403,1,0
13208.0,94,7,1587.47,7.383581395348838,172,675,2.0794415416798357,7.370526567789968,1,0
13209.0,68,10,6773.9800000000005,23.936325088339224,230,623,2.3978952727983707,8.820991693714024,1,0
13210.0,33,1,353.48,16.067272727272726,22,33,0.6931471805599453,5.8706519268912345,0,1
13211.0,34,9,2307.9900000000002,12.083717277486912,96,672,2.302585092994046,7.744565478465948,1,0
13212.0,0,2,291.47,5.204821428571429,55,0,1.0986122886681098,5.67836209730929,1,0
13213.0,67,10,3294.82,19.96860606060606,147,507,2.3978952727983707,8.100410277887606,1,0
13214.0,357,7,3264.23,14.254279475982532,207,585,2.0794415416798357,8.091085483333597,0,1
13215.0,341,1,81.6,81.6,1,341,0.6931471805599453,4.414009680526933,0,1
13216.0,207,1,333.74,66.748,5,207,0.6931471805599453,5.813354111085492,0,1
13217.0,61,4,666.48,133.296,3,595,1.6094379124341003,6.503509427278702,0,1
13218.0,66,1,62.64,12.528,5,66,0.6931471805599453,4.153242203469586,0,1
13219.0,557,1,76.23,6.930000000000001,11,557,0.6931471805599453,4.346787982581173,0,1
13220.0,17,5,1336.0900000000001,25.20924528301887,46,515,1.791759469228055,7.198250889720467,0,1
13221.0,179,2,847.41,12.839545454545455,62,298,1.0986122886681098,6.743364009514037,0,1
13222.0,516,1,88.5,88.5,1,516,0.6931471805599453,4.4942386252808095,0,1
13223.0,139,6,969.12,74.5476923076923,8,604,1.9459101490553132,6.877419775186018,0,1
13224.0,90,1,1212.26,28.863333333333333,42,90,0.6931471805599453,7.101066230575693,1,0
13225.0,82,14,14095.79,123.6472807017544,54,662,2.70805020110221,9.553702390873417,1,0
13226.0,212,2,312.46,11.159285714285714,28,332,1.0986122886681098,5.747671760225922,0,1
13227.0,141,1,257.7,28.633333333333333,9,141,0.6931471805599453,5.5556690891919835,0,1
13228.0,20,1,358.0,179.0,2,20,0.6931471805599453,5.883322388488279,0,1
13229.0,165,1,160.95,16.095,10,165,0.6931471805599453,5.087287645617338,0,1
13230.0,77,28,5559.61,5.040444242973708,582,570,3.367295829986474,8.623463093456897,1,0
13232.0,37,5,1019.05,6.213719512195122,129,182,1.791759469228055,6.9276069246847385,1,0
13233.0,13,4,1176.46,15.479736842105263,74,633,1.6094379124341003,7.071114855037561,0,1
13234.0,612,2,346.5,5.680327868852459,56,672,1.0986122886681098,5.850764665004847,0,1
13235.0,151,1,1031.07,17.77706896551724,53,151,0.6931471805599453,6.939321773198559,0,1
13236.0,46,1,439.23,20.915714285714287,21,46,0.6931471805599453,6.087297317610726,1,0
13237.0,327,1,643.0,26.791666666666668,24,327,0.6931471805599453,6.467698726104354,0,1
13238.0,103,4,624.75,19.5234375,19,529,1.6094379124341003,6.438950930311884,1,0
13239.0,201,5,1594.69,17.14720430107527,86,441,1.791759469228055,7.375061523554606,0,1
13240.0,35,8,1475.79,7.342238805970149,160,591,2.1972245773362196,7.297626092328045,0,1
13241.0,351,1,112.53,2.81325,40,351,0.6931471805599453,4.732067119176442,0,1
13242.0,51,7,699.4,19.982857142857142,19,607,2.0794415416798357,6.551651600411697,0,1
13243.0,142,5,1220.38,5.953073170731708,165,570,1.791759469228055,7.107736646002929,0,1
13244.0,32,1,121.74000000000001,4.508888888888889,27,32,0.6931471805599453,4.810068296960951,0,1
13245.0,371,1,558.72,19.266206896551726,29,371,0.6931471805599453,6.327436658687513,1,0
13246.0,115,10,3228.74,9.304726224783861,214,464,2.3978952727983707,8.08015691762074,1,0
13247.0,22,1,305.07,21.790714285714284,14,22,0.6931471805599453,5.723813833961155,1,0
13248.0,64,2,465.68,17.91076923076923,25,128,1.0986122886681098,6.145643797955656,0,1
13249.0,31,9,1608.9299999999998,45.969428571428566,21,624,2.302585092994046,7.383945978772432,0,1
13250.0,400,2,253.09,13.320526315789474,17,441,1.0986122886681098,5.537688534966898,0,1
13251.0,341,1,252.68,10.1072,25,341,0.6931471805599453,5.536073630230092,0,1
13252.0,333,2,399.3,21.01578947368421,19,565,1.0986122886681098,5.992214265998528,0,1
13253.0,96,4,2951.11,39.34813333333334,73,643,1.6094379124341003,7.990275447898748,0,1
13254.0,315,1,51.41,12.8525,4,315,0.6931471805599453,3.959097412814075,0,1
13255.0,313,2,504.95,26.576315789473682,19,451,1.0986122886681098,6.226437850175769,1,0
13257.0,375,1,149.75,21.392857142857142,7,375,0.6931471805599453,5.015622835607295,0,1
13258.0,144,3,535.47,25.49857142857143,14,340,1.3862943611198906,6.285010642520332,1,0
13259.0,1,9,1402.54,4.480958466453674,234,638,2.302585092994046,7.246752895573941,0,1
13260.0,0,1,557.62,69.7025,8,0,0.6931471805599453,6.325469456665338,0,1
13261.0,208,2,944.1,104.9,8,225,1.0986122886681098,6.8512907420010105,0,1
13262.0,202,3,573.45,11.469000000000001,48,540,1.3862943611198906,6.353413061299374,0,1
13263.0,5,30,6997.71,4.535132858068697,458,352,3.4339872044851463,8.853481125340465,1,0
13264.0,382,1,722.5600000000001,19.014736842105265,38,382,0.6931471805599453,6.584183472833434,0,1
13265.0,28,4,1787.3,24.1527027027027,53,213,1.6094379124341003,7.48902072689399,1,0
13266.0,15,16,5142.13,20.2446062992126,137,662,2.833213344056216,8.545417122531093,1,0
13267.0,31,32,8027.66,23.067988505747127,134,671,3.4965075614664802,8.990772918794086,1,0
13268.0,24,7,2436.38,7.229614243323442,224,206,2.0794415416798357,7.798678970890897,1,0
13269.0,5,24,7108.94,16.806004728132386,223,677,3.2188758248682006,8.869249083943114,1,0
13270.0,305,1,590.0,590.0,1,305,0.6931471805599453,6.3818160174060985,0,1
13272.0,29,1,140.96,17.62,8,29,0.6931471805599453,4.955545327778296,1,0
13273.0,52,1,138.98,8.68625,16,52,0.6931471805599453,4.941499555261394,0,1
13274.0,348,1,360.85,18.992105263157896,19,348,0.6931471805599453,5.891229761312137,0,1
13275.0,323,2,238.86,4.97625,48,571,1.0986122886681098,5.480055419803575,0,1
13276.0,3,5,1891.91,7.915941422594143,209,581,1.791759469228055,7.545870606497474,0,1
13277.0,55,5,390.8,20.568421052631578,9,479,1.791759469228055,5.9707515055104405,1,0
13278.0,339,3,893.12,14.40516129032258,48,550,1.3862943611198906,6.795839994353637,1,0
13279.0,17,1,137.75,15.305555555555555,9,17,0.6931471805599453,4.932673752626544,0,1
13280.0,61,7,2293.33,11.186975609756097,159,584,2.0794415416798357,7.738196140874339,0,1
13281.0,378,1,350.85,15.947727272727274,22,378,0.6931471805599453,5.863204948412558,0,1
13282.0,101,3,954.15,26.504166666666666,28,345,1.3862943611198906,6.861868396209661,1,0
13283.0,125,3,305.2,20.346666666666668,14,579,1.3862943611198906,5.7242384832235835,1,0
13284.0,270,1,201.19,15.476153846153846,13,270,0.6931471805599453,5.309207849379209,0,1
13285.0,100,5,2625.57,14.505911602209945,147,563,1.791759469228055,7.873434091476147,1,0
13286.0,539,1,734.91,14.998163265306122,46,539,0.6931471805599453,6.601107828643053,0,1
13287.0,542,3,781.59,14.746981132075472,46,644,1.3862943611198906,6.662608931774919,0,1
13288.0,382,5,927.61,92.761,7,605,1.791759469228055,6.833688844427256,0,1
13289.0,663,1,307.95,19.246875,16,663,0.6931471805599453,5.733179451506989,0,1
13290.0,377,1,208.63,208.63,1,377,0.6931471805599453,5.345344071975791,0,1
13291.0,95,11,3270.79,10.285503144654088,155,605,2.4849066497880004,8.093092514733858,0,1
13292.0,223,4,665.14,15.836666666666666,41,465,1.6094379124341003,6.501499858659529,1,0
13293.0,331,6,1192.94,16.56861111111111,51,608,1.9459101490553132,7.085014041433629,0,1
13294.0,129,3,1689.53,16.564019607843136,93,585,1.3862943611198906,7.432797368219404,0,1
13295.0,299,4,1101.97,16.44731343283582,56,516,1.6094379124341003,7.005761820334205,0,1
13296.0,76,6,792.51,14.953018867924529,50,516,1.9459101490553132,6.676466142281509,0,1
13297.0,6,4,3594.15,35.23676470588235,94,482,1.6094379124341003,8.187340993902223,1,0
13299.0,207,3,1218.7,19.656451612903226,56,468,1.3862943611198906,7.106360205849192,0,1
13300.0,108,3,1285.51,23.37290909090909,44,513,1.3862943611198906,7.1596884047191836,0,1
13301.0,43,4,618.09,7.630740740740741,75,231,1.6094379124341003,6.428250657915328,0,1
13302.0,94,2,159.2,53.06666666666666,3,466,1.0986122886681098,5.076423034634259,0,1
13303.0,339,1,61.72,15.43,4,339,0.6931471805599453,4.138680376042152,0,1
13304.0,290,4,1217.99,15.61525641025641,59,609,1.6094379124341003,7.105777926002176,0,1
13305.0,32,14,3086.8,17.43954802259887,140,578,2.70805020110221,8.035214142207826,1,0
13306.0,369,1,53.65,13.4125,4,369,0.6931471805599453,4.000949214622548,0,1
13307.0,59,3,273.34,18.222666666666665,15,531,1.3862943611198906,5.614368213050261,0,1
13308.0,142,2,1099.81,25.576976744186044,42,536,1.0986122886681098,7.003801551440143,1,0
13309.0,27,4,1177.72,12.397052631578948,77,332,1.6094379124341003,7.072184382934504,1,0
13310.0,145,4,1226.82,16.357599999999998,65,341,1.6094379124341003,7.112995518158658,1,0
13311.0,89,1,490.11,20.42125,24,89,0.6931471805599453,6.196668135289526,1,0
13312.0,390,1,124.75,24.95,5,390,0.6931471805599453,4.8342958089798485,0,1
13313.0,80,10,2808.34,18.00217948717949,93,676,2.3978952727983707,7.940704859295394,1,0
13314.0,2,2,589.47,12.541914893617022,40,13,1.0986122886681098,6.380918829943782,1,0
13315.0,628,1,310.26000000000005,14.102727272727275,22,628,0.6931471805599453,5.7406285757768645,0,1
13316.0,19,9,11426.65,73.24775641025641,106,579,2.302585092994046,9.343791136350335,1,0
13317.0,5,19,6486.091,18.854915697674418,222,666,2.995732273553991,8.777569481170776,0,1
13319.0,6,53,18726.25,22.05683156654888,317,672,3.9889840465642745,9.837734961380379,1,0
13320.0,17,6,2211.6,14.842953020134228,98,418,1.9459101490553132,7.70192357360081,0,1
13321.0,11,2,567.36,51.57818181818182,10,25,1.0986122886681098,6.342755020769874,0,1
13323.0,23,1,120.30000000000001,24.060000000000002,5,23,0.6931471805599453,4.798266815950004,1,0
13324.0,29,17,9829.35,79.91341463414635,36,503,2.8903717578961645,9.193229817797288,1,0
13325.0,21,1,675.3,56.275,12,21,0.6931471805599453,6.516636764580894,0,1
13326.0,371,1,281.76,21.673846153846153,13,371,0.6931471805599453,5.644598481302753,0,1
13327.0,52,19,8245.460000000001,27.48486666666667,163,660,2.995732273553991,9.017539296333789,1,0
13328.0,255,1,1308.48,76.96941176470588,17,255,0.6931471805599453,7.17738539082617,0,1
13329.0,306,7,4323.97,40.03675925925926,60,674,2.0794415416798357,8.372160482925738,1,0
13330.0,32,6,2796.1,23.898290598290597,80,594,1.9459101490553132,7.936338445154914,0,1
13331.0,341,1,262.4,21.866666666666664,12,341,0.6931471805599453,5.573673789309181,0,1
13333.0,350,3,1015.74,18.468,54,598,1.3862943611198906,6.924356709479563,0,1
13334.0,21,5,6201.8,13.083966244725739,307,592,1.791759469228055,8.732756081989994,0,1
13336.0,16,1,795.12,15.590588235294117,51,16,0.6931471805599453,6.679749928251019,0,1
13337.0,485,1,1575.26,18.106436781609194,87,485,0.6931471805599453,7.362810231430298,0,1
13338.0,97,4,2445.62,19.10640625,113,643,1.6094379124341003,7.8024627591890665,0,1
13339.0,140,1,860.12,15.928148148148148,54,140,0.6931471805599453,6.758233867538541,0,1
13340.0,45,10,20593.62,106.70269430051813,173,594,2.3978952727983707,9.932785155619598,1,0
13341.0,200,1,775.85,18.472619047619048,42,200,0.6931471805599453,6.65524728153801,0,1
13343.0,117,1,353.43,18.60157894736842,19,117,0.6931471805599453,5.870510865261174,0,1
13344.0,7,3,2511.69,21.6525,115,217,1.3862943611198906,7.829109171398687,0,1
13345.0,227,1,389.5,19.475,20,227,0.6931471805599453,5.967427969279741,0,1
13346.0,402,6,299.4,49.9,4,536,1.9459101490553132,5.705114919889979,0,1
13347.0,9,1,341.36,42.67,8,9,0.6931471805599453,5.835862815013409,0,1
13348.0,3,1,233.76000000000002,16.697142857142858,14,3,0.6931471805599453,5.458563715690134,0,1
13350.0,18,1,646.57,20.2053125,32,18,0.6931471805599453,6.473226895838541,1,0
13351.0,5,1,373.94,23.37125,16,5,0.6931471805599453,5.926766013169045,0,1
13354.0,10,1,743.53,14.579019607843136,51,10,0.6931471805599453,6.612753146812557,0,1
13355.0,61,1,674.7,21.084375,32,61,0.6931471805599453,6.515749190558129,0,1
13356.0,19,1,768.24,18.291428571428572,42,19,0.6931471805599453,6.645403014442647,0,1
13357.0,196,5,3805.51,9.658654822335025,284,566,1.791759469228055,8.244468037828065,0,1
13358.0,208,1,439.03000000000003,15.138965517241381,29,208,0.6931471805599453,6.086842906406214,0,1
13359.0,3,2,1043.31,18.630535714285713,52,342,1.0986122886681098,6.951111659232052,0,1
13360.0,371,4,1553.65,23.540151515151518,58,640,1.6094379124341003,7.349005718893091,0,1
13361.0,411,2,1450.5,42.661764705882355,29,557,1.0986122886681098,7.280352783464685,0,1
13362.0,185,5,3884.86,17.266044444444447,161,364,1.791759469228055,8.265099602525668,1,0
13363.0,349,1,731.36,17.413333333333334,42,349,0.6931471805599453,6.596272196344404,1,0
13364.0,10,1,134.96,13.496,10,10,0.6931471805599453,4.9123607248279155,0,1
13365.0,157,1,700.6,17.964102564102564,39,157,0.6931471805599453,6.553363441057973,1,0
13367.0,371,1,510.2,25.509999999999998,20,371,0.6931471805599453,6.236760903063325,0,1
13368.0,196,4,1121.5,21.567307692307693,45,363,1.6094379124341003,7.02331361961641,0,1
13369.0,305,1,308.28000000000003,22.020000000000003,14,305,0.6931471805599453,5.734247015460021,0,1
13370.0,311,1,754.87,19.355641025641027,39,311,0.6931471805599453,6.62786940372116,0,1
13371.0,444,2,2297.66,24.9745652173913,75,571,1.0986122886681098,7.740081623439195,0,1
13372.0,29,1,378.64,16.46260869565217,23,29,0.6931471805599453,5.939223435262291,0,1
13373.0,0,6,7587.1900000000005,21.193268156424583,292,673,1.9459101490553132,8.934348370277531,0,1
13374.0,354,2,422.8,24.870588235294118,17,389,1.0986122886681098,6.049261645834199,0,1
13375.0,28,2,1792.23,25.242676056338027,62,384,1.0986122886681098,7.491773742009734,0,1
13376.0,38,3,1019.76,19.240754716981133,45,173,1.3862943611198906,6.928302726869797,0,1
13377.0,336,2,1552.88,19.90871794871795,71,585,1.0986122886681098,7.348510307868749,0,1
13379.0,7,2,435.82,7.514137931034482,57,76,1.0986122886681098,6.079521210928265,1,0
13380.0,372,1,62.4,20.8,3,372,0.6931471805599453,4.14946386144318,0,1
13381.0,28,11,7567.29,23.42814241486068,148,677,2.4849066497880004,8.931722429236451,1,0
13382.0,220,5,1387.58,16.134651162790696,74,671,1.791759469228055,7.236036921219625,0,1
13383.0,483,1,305.28000000000003,305.28000000000003,1,483,0.6931471805599453,5.724499716244923,0,1
13384.0,13,9,5660.37,24.826184210526314,169,440,2.302585092994046,8.641421191377946,1,0
13385.0,269,1,534.57,15.273428571428573,35,269,0.6931471805599453,6.283331600299074,0,1
13386.0,353,2,835.46,26.950322580645164,24,376,1.0986122886681098,6.729178700993051,0,1
13387.0,356,1,186.94,2.632957746478873,71,356,0.6931471805599453,5.236122762954919,0,1
13388.0,70,3,1185.65,17.183333333333334,68,543,1.3862943611198906,7.0788894901355155,0,1
13389.0,14,2,580.15,15.267105263157895,38,172,1.0986122886681098,6.365008899089717,1,0
13390.0,14,1,544.08,41.8523076923077,13,14,0.6931471805599453,6.30093257288162,0,1
13391.0,143,1,59.8,59.8,1,143,0.6931471805599453,4.107589788972121,0,1
13392.0,616,1,91.14,11.3925,8,616,0.6931471805599453,4.523309159507771,0,1
13393.0,523,4,1131.45,16.397826086956524,53,671,1.6094379124341003,7.032138706272169,0,1
13394.0,17,17,5947.87,15.988897849462365,236,678,2.8903717578961645,8.690956564536968,1,0
13395.0,124,3,1180.23,14.57074074074074,77,360,1.3862943611198906,7.074311547447687,0,1
13396.0,258,1,387.27000000000004,25.818,15,258,0.6931471805599453,5.961700973902294,1,0
13397.0,12,10,3191.87,35.863707865168536,68,628,2.3978952727983707,8.068675477823932,0,1
13398.0,131,2,670.34,17.18820512820513,37,388,1.0986122886681098,6.509275715047685,0,1
13399.0,403,3,275.4,18.36,10,458,1.3862943611198906,5.621849091893515,0,1
13400.0,522,1,310.83,13.514347826086956,23,522,0.6931471805599453,5.742458167518031,0,1
13402.0,66,4,1226.8500000000001,15.52974683544304,55,504,1.6094379124341003,7.113019951409055,0,1
13403.0,327,2,154.5,25.75,6,662,1.0986122886681098,5.0466457316192885,1,0
13404.0,152,1,217.81,24.20111111111111,9,152,0.6931471805599453,5.38820377334256,1,0
13405.0,13,6,1213.811,28.228162790697674,33,663,1.9459101490553132,7.1023437881190725,0,1
13406.0,366,2,568.92,63.21333333333333,7,571,1.0986122886681098,6.3454960001012966,0,1
13407.0,518,3,2244.7,26.408235294117645,85,601,1.3862943611198906,7.7167725555844955,0,1
13408.0,6,92,43434.582,60.325808333333335,296,675,4.532599493153256,10.679034245936586,1,0
13410.0,14,8,1927.56,42.834666666666664,24,670,2.1972245773362196,7.564528889427724,1,0
13411.0,46,1,213.55,11.863888888888889,17,46,0.6931471805599453,5.368542811437534,0,1
13412.0,559,1,487.35,14.333823529411765,33,559,0.6931471805599453,6.191032361893486,0,1
13413.0,579,6,429.44,9.986976744186046,38,626,1.9459101490553132,6.064807941332192,0,1
13414.0,73,6,2494.14,45.348,48,542,1.9459101490553132,7.822100118835836,0,1
13415.0,412,4,784.17,7.764059405940594,85,667,1.6094379124341003,6.66590025484612,0,1
13416.0,20,2,503.3,27.961111111111112,16,675,1.0986122886681098,6.22317132908268,1,0
13417.0,144,5,1264.66,21.43491525423729,42,609,1.791759469228055,7.143349004233518,1,0
13418.0,0,30,10871.04,20.825747126436784,320,667,3.4339872044851463,9.293949635000077,1,0
13419.0,3,1,221.06,13.81625,16,3,0.6931471805599453,5.40294761562612,0,1
13420.0,89,2,159.85,19.98125,8,110,1.0986122886681098,5.080472253685035,0,1
13421.0,229,7,3050.08,13.43647577092511,157,602,2.0794415416798357,8.023250905284085,1,0
13422.0,3,1,2626.3,20.67952755905512,127,3,0.6931471805599453,7.8737119818711125,0,1
13423.0,368,1,217.03,18.085833333333333,12,368,0.6931471805599453,5.3846326679999565,0,1
13424.0,389,1,572.77,14.31925,40,389,0.6931471805599453,6.352228619155015,0,1
13425.0,47,5,3390.4300000000003,19.154971751412432,124,518,1.791759469228055,8.129006940338249,0,1
13426.0,3,19,7234.17,24.275738255033556,147,669,2.995732273553991,8.886709135679654,1,0
13427.0,59,5,888.79,19.321521739130436,32,661,1.791759469228055,6.790985479828231,1,0
13428.0,453,2,276.76,4.130746268656717,66,453,1.0986122886681098,5.626757431471986,1,0
13429.0,14,1,330.6,13.775,24,14,0.6931471805599453,5.80392942326114,1,0
13430.0,25,1,336.31,11.596896551724138,29,25,0.6931471805599453,5.821002388826475,1,0
13431.0,6,8,3316.2400000000002,25.707286821705427,113,599,2.1972245773362196,8.106888390866821,0,1
13432.0,510,2,439.1,3.955855855855856,98,551,1.0986122886681098,6.0870019738170456,0,1
13433.0,440,4,658.32,27.430000000000003,22,636,1.6094379124341003,6.491209000863155,0,1
13434.0,13,5,1666.8600000000001,47.624571428571436,17,595,1.791759469228055,7.419296646542416,0,1
13435.0,14,6,2610.46,25.592745098039217,77,439,1.9459101490553132,7.867664730891349,1,0
13437.0,38,4,2173.6,18.113333333333333,108,129,1.6094379124341003,7.684600018563649,1,0
13438.0,486,1,46.5,46.5,1,486,0.6931471805599453,3.8607297110405954,0,1
13439.0,194,3,986.61,5.907844311377246,132,465,1.3862943611198906,6.895287882976667,0,1
13440.0,362,7,1295.25,21.953389830508474,49,391,2.0794415416798357,7.167230759543737,0,1
13441.0,31,2,720.9,18.971052631578946,33,371,1.0986122886681098,6.581886625145115,0,1
13442.0,606,3,419.87,11.04921052631579,33,677,1.3862943611198906,6.042323997398791,0,1
13443.0,388,6,1273.16,6.3658,176,616,1.9459101490553132,7.150042416943526,0,1
13444.0,313,2,619.08,10.861052631578948,51,445,1.0986122886681098,6.429848501973256,0,1
13445.0,565,1,241.89999999999998,34.55714285714286,7,565,0.6931471805599453,5.492649836008127,0,1
13446.0,369,11,3881.89,20.218177083333334,113,603,2.4849066497880004,8.264335000718507,0,1
13448.0,19,12,7695.610000000001,15.39122,317,673,2.5649493574615367,8.948535251158741,1,0
13450.0,28,12,3803.6,27.56231884057971,57,542,2.5649493574615367,8.243966139934042,1,0
13451.0,65,10,6577.3,6.9089285714285715,534,567,2.3978952727983707,8.791531632276401,1,0
13452.0,198,3,729.8,243.26666666666665,2,412,1.3862943611198906,6.594139824503851,0,1
13453.0,105,3,781.69,19.542250000000003,33,341,1.3862943611198906,6.662736704441964,0,1
13454.0,580,1,219.87,9.559565217391304,23,580,0.6931471805599453,5.397574293145378,0,1
13455.0,305,5,1847.5900000000001,18.85295918367347,70,670,1.791759469228055,7.522178465316966,1,0
13456.0,2,4,1309.8200000000002,28.47434782608696,39,146,1.6094379124341003,7.178408174566057,1,0
13457.0,628,2,148.22,16.468888888888888,9,677,1.0986122886681098,5.005421727043368,0,1
13458.0,5,13,10489.48,25.215096153846154,263,327,2.6390573296152584,9.258223458208116,1,0
13459.0,564,2,1160.41,15.896027397260275,57,621,1.0986122886681098,7.057390063198797,0,1
13461.0,78,5,3599.2,69.21538461538461,29,536,1.791759469228055,8.188744678456604,1,0
13462.0,192,5,1153.8500000000001,16.251408450704226,64,665,1.791759469228055,7.051725744392169,0,1
13464.0,334,5,2422.96,22.02690909090909,95,557,1.791759469228055,7.793157845402886,1,0
13465.0,385,2,931.12,27.385882352941177,34,525,1.0986122886681098,6.8374615617621375,0,1
13466.0,123,5,1013.35,18.424545454545456,49,567,1.791759469228055,6.9220032922473385,0,1
13468.0,5,66,12065.5,18.6483771251932,280,675,4.204692619390966,9.398188296895668,1,0
13469.0,592,1,82.4,13.733333333333334,6,592,0.6931471805599453,4.423648309364701,0,1
13470.0,38,2,165.0,16.5,7,54,1.0986122886681098,5.111987788356544,0,1
13472.0,403,2,592.24,21.15142857142857,24,495,1.0986122886681098,6.385599038873762,0,1
13473.0,0,8,2657.76,37.968,65,663,2.1972245773362196,7.8856151276733355,0,1
13474.0,175,3,646.59,5.131666666666667,116,434,1.3862943611198906,6.473257780053621,0,1
13475.0,130,4,1431.78,16.648604651162792,64,238,1.6094379124341003,7.2673718919667785,0,1
13476.0,118,5,2061.4700000000003,19.447830188679248,86,584,1.791759469228055,7.631659572648505,0,1
13477.0,77,9,2264.14,17.82787401574803,93,623,2.302585092994046,7.725391846161491,1,0
13478.0,408,5,2215.78,17.72624,114,616,1.791759469228055,7.703810971494357,0,1
13479.0,140,4,851.37,16.063584905660377,45,416,1.6094379124341003,6.748020704860861,0,1
13480.0,356,2,627.82,15.31268292682927,40,619,1.0986122886681098,6.443845047224953,0,1
13481.0,47,10,3387.61,17.195989847715737,142,675,2.3978952727983707,8.12817508679089,1,0
13482.0,171,2,336.09,16.804499999999997,20,567,1.0986122886681098,5.82034995701211,0,1
13483.0,5,1,140.34,14.034,10,5,0.6931471805599453,4.951168335262708,0,1
13484.0,180,3,790.72,20.274871794871796,38,579,1.3862943611198906,6.674207793952535,0,1
13485.0,172,11,3019.2200000000003,19.108987341772153,131,675,2.4849066497880004,8.01308495539777,0,1
13486.0,17,3,1122.41,16.2668115942029,69,94,1.3862943611198906,7.024123981607583,0,1
13487.0,152,4,680.27,17.44282051282051,26,674,1.6094379124341003,6.523958703344687,1,0
13488.0,11,21,12604.84,21.113634840871022,343,623,3.091042453358316,9.441915477623793,1,0
13489.0,44,4,449.52,32.10857142857143,11,234,1.6094379124341003,6.110402471179496,0,1
13490.0,593,1,154.25,19.28125,8,593,0.6931471805599453,5.045036720813588,0,1
13491.0,87,26,4340.29,17.155296442687746,137,672,3.295836866004329,8.375926817951914,1,0
13492.0,75,3,1269.84,25.3968,38,154,1.3862943611198906,7.147433378135437,0,1
13493.0,214,2,618.63,77.32875,6,226,1.0986122886681098,6.429122525704993,0,1
13494.0,251,1,316.26000000000005,17.570000000000004,18,251,0.6931471805599453,5.759721626980309,0,1
13495.0,171,8,3890.87,34.43247787610619,50,672,2.1972245773362196,8.266645040898092,1,0
13496.0,299,1,501.01,19.269615384615385,26,299,0.6931471805599453,6.2186200398120475,1,0
13497.0,222,6,1166.8300000000002,20.117758620689656,52,609,1.9459101490553132,7.062902604849837,0,1
13498.0,669,1,327.38,19.25764705882353,17,669,0.6931471805599453,5.794171474383882,0,1
13499.0,13,3,613.85,21.923214285714288,24,209,1.3862943611198906,6.421378335618456,1,0
13500.0,62,2,625.93,15.648249999999999,38,340,1.0986122886681098,6.440834891657184,1,0
13501.0,227,3,2885.11,25.30798245614035,90,509,1.3862943611198906,7.967664853645572,0,1
13502.0,214,4,677.66,28.235833333333332,20,488,1.6094379124341003,6.520120265771345,1,0
13503.0,10,6,1859.24,9.837248677248677,158,600,1.9459101490553132,7.528460790641366,0,1
13504.0,3,1,295.93,13.451363636363636,22,3,0.6931471805599453,5.693496420787701,0,1
13505.0,12,4,4393.63,20.435488372093022,182,172,1.6094379124341003,8.388138619999735,0,1
13506.0,255,5,1338.08,16.519506172839506,55,400,1.791759469228055,7.19973808998561,0,1
13507.0,37,3,2022.79,15.803046875,123,85,1.3862943611198906,7.612727270083728,1,0
13508.0,183,2,287.05,10.251785714285715,27,582,1.0986122886681098,5.663134076178392,0,1
13509.0,39,6,840.02,23.33388888888889,24,447,1.9459101490553132,6.734615440903021,1,0
13510.0,34,9,3664.54,15.593787234042553,147,658,2.302585092994046,8.206730943167187,1,0
13511.0,616,1,282.76,56.552,5,616,0.6931471805599453,5.648128810465367,0,1
13512.0,200,4,713.39,18.292051282051283,31,522,1.6094379124341003,6.571429031703961,0,1
13513.0,66,3,824.59,20.61475,32,594,1.3862943611198906,6.716098282250842,0,1
13514.0,13,4,815.9000000000001,38.852380952380955,15,621,1.6094379124341003,6.705516688347823,0,1
13515.0,12,6,1265.82,16.655526315789473,64,584,1.9459101490553132,7.1442651023516675,0,1
13516.0,12,3,916.26,16.65927272727273,51,357,1.3862943611198906,6.8213909653291385,1,0
13517.0,46,2,1612.18,14.927592592592593,99,119,1.0986122886681098,7.385962665203541,1,0
13518.0,25,1,627.16,17.42111111111111,36,25,0.6931471805599453,6.442794911088096,0,1
13519.0,17,2,343.21,18.063684210526315,19,382,1.0986122886681098,5.8412519362316475,0,1
13520.0,77,10,5929.63,33.31252808988764,72,662,2.3978952727983707,8.68788572580913,1,0
13523.0,139,4,2938.93,22.434580152671753,117,341,1.6094379124341003,7.986141050525466,1,0
13524.0,21,4,483.86,24.193,14,159,1.6094379124341003,6.183860189473411,1,0
13525.0,187,1,282.88,141.44,2,187,0.6931471805599453,5.648551613656782,1,0
13526.0,677,2,1182.0,26.863636363636363,29,677,1.0986122886681098,7.075808863978387,0,1
13527.0,29,11,4146.72,10.340947630922694,247,627,2.4849066497880004,8.330314064660227,1,0
13529.0,18,2,307.76,20.517333333333333,15,144,1.0986122886681098,5.732564276081653,0,1
13530.0,573,1,402.98,22.387777777777778,18,573,0.6931471805599453,6.001365371785244,0,1
13531.0,144,6,1433.07,19.107599999999998,44,675,1.9459101490553132,7.268271834473058,0,1
13533.0,122,3,269.09,3.5878666666666663,61,207,1.3862943611198906,5.598755236788495,0,1
13534.0,47,31,6222.35,18.85560606060606,145,459,3.4657359027997265,8.73606362595727,1,0
13535.0,342,1,89.5,89.5,1,342,0.6931471805599453,4.505349850705881,0,1
13536.0,14,1,455.17,18.2068,25,14,0.6931471805599453,6.12286554705666,1,0
13537.0,365,2,717.85,17.09166666666667,38,391,1.0986122886681098,6.577652712868601,0,1
13538.0,33,11,2813.03,20.533065693430657,104,615,2.4849066497880004,7.942372898598316,1,0
13539.0,25,7,1569.36,18.248372093023253,69,530,2.0794415416798357,7.35906017142033,0,1
13540.0,406,3,632.39,19.7621875,26,595,1.3862943611198906,6.451086346168101,0,1
13541.0,366,2,785.25,78.525,10,509,1.0986122886681098,6.667274808014651,0,1
13542.0,316,17,3959.4900000000002,11.962205438066466,98,668,2.8903717578961645,8.284123033967425,0,1
13543.0,573,2,1439.61,30.63,37,626,1.0986122886681098,7.272821913983301,0,1
13544.0,180,5,627.15,3.1047029702970295,186,584,1.791759469228055,6.442778991450427,1,0
13545.0,330,2,364.93,6.757962962962963,54,484,1.0986122886681098,5.9024420582788455,0,1
13546.0,140,3,647.41,7.992716049382715,58,363,1.3862943611198906,6.474523212321249,1,0
13547.0,347,1,167.08,3.7972727272727274,44,347,0.6931471805599453,5.124440056536745,0,1
13548.0,35,3,901.44,4.899130434782609,169,410,1.3862943611198906,6.805102206002551,0,1
13549.0,3,7,919.8000000000001,16.723636363636366,43,327,2.0794415416798357,6.825242857407673,1,0
13550.0,322,1,342.55,8.155952380952382,40,322,0.6931471805599453,5.839332661477085,0,1
13551.0,258,2,244.2,48.839999999999996,5,605,1.0986122886681098,5.5020742040620565,0,1
13552.0,5,22,6948.92,33.56966183574879,162,597,3.1354942159291497,8.846485427701221,0,1
13553.0,614,1,499.6,5.613483146067416,85,614,0.6931471805599453,6.215807378997674,0,1
13554.0,319,7,1629.35,8.313010204081632,156,386,2.0794415416798357,7.396549994677305,0,1
13555.0,13,13,8891.84,22.39758186397985,264,628,2.6390573296152584,9.09300173755894,0,1
13556.0,368,2,200.82,22.313333333333333,8,375,1.0986122886681098,5.307376211036383,0,1
13557.0,220,12,2688.88,16.598024691358024,116,670,2.5649493574615367,7.897251861935416,1,0
13558.0,1,2,312.71,3.678941176470588,72,7,1.0986122886681098,5.748468992278607,1,0
13559.0,452,2,990.0,495.0,1,483,1.0986122886681098,6.898714534329988,0,1
13561.0,155,11,1803.4,7.875109170305677,131,588,2.4849066497880004,7.4979834055342405,0,1
13562.0,21,8,4838.18,24.684591836734697,88,633,2.1972245773362196,8.484500563869632,0,1
13563.0,23,2,777.53,15.867959183673468,49,79,1.0986122886681098,6.657407526177046,0,1
13564.0,83,37,16498.97,13.749141666666668,484,677,3.6375861597263857,9.7111138417052,0,1
13565.0,273,2,284.76,8.136,28,350,1.0986122886681098,5.655152297688134,1,0
13566.0,22,4,1399.07,4.617392739273927,230,579,1.6094379124341003,7.244277514353391,1,0
13567.0,367,4,1079.29,5.369601990049751,180,481,1.6094379124341003,6.984984802592138,0,1
13568.0,112,1,187.05,4.3500000000000005,41,112,0.6931471805599453,5.2367078849163455,0,1
13569.0,307,3,497.74,4.046666666666667,103,367,1.3862943611198906,6.212084917877753,1,0
13570.0,182,1,239.49,8.870000000000001,27,182,0.6931471805599453,5.482678508639762,0,1
13571.0,8,22,3737.43,6.84510989010989,236,670,3.1354942159291497,8.226421016177472,1,0
13572.0,145,1,1384.25,41.946969696969695,32,145,0.6931471805599453,7.233635907747459,0,1
13573.0,192,5,646.04,9.939076923076923,54,576,1.791759469228055,6.472408116392052,1,0
13574.0,350,1,404.45,4.444505494505495,84,350,0.6931471805599453,6.004997561390566,0,1
13575.0,10,3,477.21000000000004,16.45551724137931,28,115,1.3862943611198906,6.170049966557982,1,0
13576.0,10,24,9828.630000000001,44.675590909090914,112,670,3.2188758248682006,9.193156572554889,1,0
13577.0,32,10,2995.48,19.707105263157896,92,664,2.3978952727983707,8.005193545422436,1,0
13578.0,348,1,147.66,16.406666666666666,9,348,0.6931471805599453,5.001661819297148,0,1
13579.0,308,4,1072.0,16.0,62,598,1.6094379124341003,6.9782137426306985,1,0
13580.0,345,1,107.75,21.55,5,345,0.6931471805599453,4.689051669968793,0,1
13581.0,248,2,280.53000000000003,8.500909090909092,32,353,1.0986122886681098,5.640239013837417,0,1
13582.0,329,2,241.68,21.970909090909092,10,557,1.0986122886681098,5.491743703074097,0,1
13583.0,95,2,1445.031,15.052406249999999,93,618,1.0986122886681098,7.276577840939809,0,1
13584.0,246,3,385.7,4.82125,74,615,1.3862943611198906,5.957649198613251,0,1
13585.0,470,3,684.54,17.552307692307693,29,677,1.3862943611198906,6.530206848868181,0,1
13586.0,480,1,127.28,6.364,20,480,0.6931471805599453,4.854215374824954,0,1
13587.0,3,4,1673.5,55.78333333333333,27,602,1.6094379124341003,7.423269892234259,0,1
13588.0,26,5,1605.94,13.844310344827587,109,194,1.791759469228055,7.3820870283883355,1,0
13589.0,119,5,888.09,22.20225,36,673,1.791759469228055,6.790198467735082,1,0
13590.0,90,16,5470.5,14.785135135135135,242,677,2.833213344056216,8.607308080858498,1,0
13591.0,4,7,2093.94,20.732079207920794,89,664,2.0794415416798357,7.647280192327978,0,1
13592.0,145,3,205.51,15.808461538461538,12,203,1.3862943611198906,5.3303488373787005,1,0
13593.0,47,14,5493.29,13.463946078431372,212,586,2.70805020110221,8.611464650118354,0,1
13594.0,425,1,136.35000000000002,19.47857142857143,7,425,0.6931471805599453,4.922532412541283,1,0
13595.0,456,3,784.48,5.485874125874126,114,585,1.3862943611198906,6.66629499588203,0,1
13597.0,339,2,396.71,23.335882352941177,17,342,1.0986122886681098,5.985723096478868,0,1
13598.0,434,4,601.92,10.559999999999999,46,591,1.6094379124341003,6.401784517942328,1,0
13599.0,24,22,7495.0,29.050387596899224,152,678,3.1354942159291497,8.922124823918258,1,0
13600.0,251,2,518.42,12.644390243902437,35,573,1.0986122886681098,6.252712804455737,0,1
13601.0,150,3,839.87,6.561484375,114,485,1.3862943611198906,6.734437070141084,1,0
13602.0,4,4,1025.17,17.67534482758621,49,500,1.6094379124341003,6.933588704013108,0,1
13604.0,598,1,717.62,34.172380952380955,21,598,0.6931471805599453,6.5773327061874705,0,1
13605.0,326,2,522.67,9.861698113207547,50,510,1.0986122886681098,6.260861714939627,0,1
13606.0,182,2,246.63,6.665675675675676,37,251,1.0986122886681098,5.511935696637175,1,0
13607.0,342,1,400.3,16.679166666666667,24,342,0.6931471805599453,5.994709277272871,1,0
13608.0,480,1,232.05,6.825,31,480,0.6931471805599453,5.45125302281875,0,1
13609.0,532,1,167.35,23.907142857142855,7,532,0.6931471805599453,5.126045145607083,0,1
13610.0,49,12,1786.14,5.162254335260116,287,642,2.5649493574615367,7.488371855683343,1,0
13611.0,28,10,3297.9300000000003,14.592610619469028,170,676,2.3978952727983707,8.101353452452388,0,1
13612.0,572,1,818.29,16.3658,50,572,0.6931471805599453,6.708438111531965,0,1
13613.0,392,5,1039.8500000000001,17.62457627118644,50,600,1.791759469228055,6.947792966013668,0,1
13614.0,28,5,1828.31,10.629709302325582,154,490,1.791759469228055,7.511694125554223,1,0
13615.0,258,8,6272.53,17.091362397820163,259,619,2.1972245773362196,8.744094473607927,0,1
13616.0,507,2,283.85,8.110000000000001,31,630,1.0986122886681098,5.6519627259264045,0,1
13617.0,52,7,1100.27,12.090879120879121,43,434,2.0794415416798357,7.004219338265954,1,0
13618.0,113,1,177.34,13.641538461538461,13,113,0.6931471805599453,5.183691840706733,0,1
13619.0,484,2,224.94,4.998666666666667,39,613,1.0986122886681098,5.420269477298783,0,1
13620.0,467,1,112.34,22.468,5,467,0.6931471805599453,4.730392150741473,0,1
13621.0,56,1,213.85,11.255263157894737,19,56,0.6931471805599453,5.3699401102210045,0,1
13622.0,635,1,658.95,20.5921875,32,635,0.6931471805599453,6.492164074574964,0,1
13623.0,149,9,2344.49,8.715576208178438,198,676,2.302585092994046,7.760249614276158,1,0
13624.0,327,1,462.08,21.003636363636364,22,327,0.6931471805599453,6.137899825337528,0,1
13625.0,536,1,301.26,14.345714285714285,21,536,0.6931471805599453,5.711287574141974,0,1
13626.0,192,2,707.04,16.069090909090907,44,318,1.0986122886681098,6.562500589272956,0,1
13627.0,18,6,1941.61,15.91483606557377,114,579,1.9459101490553132,7.571787708695123,1,0
13628.0,615,1,310.14,19.38375,16,615,0.6931471805599453,5.740242971658976,0,1
13629.0,3,17,11833.86,146.09703703703704,27,605,2.8903717578961645,9.378804692558303,1,0
13630.0,15,6,1799.78,26.86238805970149,50,225,1.9459101490553132,7.4959751833558155,1,0
13631.0,39,11,3070.42,279.1290909090909,6,206,2.4849066497880004,8.029895274358873,0,1
13632.0,113,6,2339.14,14.711572327044024,124,551,1.9459101490553132,7.757966035621889,1,0
13634.0,26,15,4830.89,11.668816425120774,246,637,2.772588722239781,8.482992974454865,1,0
13635.0,7,4,2999.16,18.513333333333332,135,678,1.6094379124341003,8.006420899561409,0,1
13636.0,61,4,646.55,15.76951219512195,36,224,1.6094379124341003,6.4731960106695965,1,0
13637.0,126,2,678.65,7.457692307692308,75,165,1.0986122886681098,6.521577959781257,1,0
13639.0,13,2,1346.27,22.81813559322034,49,376,1.0986122886681098,7.20583560175816,0,1
13640.0,550,1,405.0,101.25,4,550,0.6931471805599453,6.0063531596017325,0,1
13641.0,580,5,1016.47,23.10159090909091,41,673,1.791759469228055,6.925074432852604,0,1
13642.0,155,4,472.2,4.497142857142857,93,372,1.6094379124341003,6.159518132104232,0,1
13643.0,38,9,1896.73,21.55375,63,671,2.302585092994046,7.5484137140454015,1,0
13644.0,13,2,1398.6100000000001,17.056219512195124,81,45,1.0986122886681098,7.243948905366551,1,0
13645.0,59,1,252.1,50.42,5,59,0.6931471805599453,5.533784667551078,0,1
13646.0,339,2,326.25,5.625,58,339,1.0986122886681098,5.7907244047900095,0,1
13647.0,10,7,2669.46,22.061652892561984,87,542,2.0794415416798357,7.890006021199195,1,0
13648.0,339,8,1764.02,16.641698113207546,95,677,2.1972245773362196,7.475917300747956,0,1
13649.0,196,6,1453.68,13.46,97,466,1.9459101490553132,7.282541224145686,0,1
13650.0,6,9,2989.76,19.288774193548388,120,622,2.302585092994046,8.003282814688323,1,0
13651.0,321,1,132.65,16.58125,8,321,0.6931471805599453,4.895224442584928,1,0
13652.0,196,4,1805.21,15.562155172413794,102,591,1.6094379124341003,7.4989860062868114,1,0
13653.0,427,1,152.2,16.91111111111111,9,427,0.6931471805599453,5.0317442573064906,0,1
13654.0,84,9,5314.94,19.540220588235293,223,677,2.302585092994046,8.578465133087725,1,0
13655.0,53,6,2280.51,19.163949579831936,103,531,1.9459101490553132,7.7325927834391575,0,1
13656.0,104,4,1078.85,12.400574712643676,81,535,1.6094379124341003,6.984577421583421,0,1
13657.0,141,1,152.34,16.926666666666666,9,141,0.6931471805599453,5.032657678130748,1,0
13658.0,24,7,5483.1,25.986255924170617,156,611,2.0794415416798357,8.609608275381014,1,0
13659.0,145,12,4884.68,17.827299270072995,224,600,2.5649493574615367,8.4940637564269,0,1
13660.0,339,1,306.64,7.6659999999999995,39,339,0.6931471805599453,5.728930268188853,0,1
13661.0,542,1,325.24,19.131764705882354,17,542,0.6931471805599453,5.787633306826145,0,1
13662.0,25,11,2233.61,16.423602941176473,126,597,2.4849066497880004,7.711821995177063,0,1
13663.0,118,5,2047.51,20.681919191919192,87,586,1.791759469228055,7.6248679785957085,0,1
13665.0,325,3,1711.66,16.147735849056605,97,443,1.3862943611198906,7.4458029964289425,0,1
13666.0,226,4,107.3,7.153333333333333,15,675,1.6094379124341003,4.684905154006945,1,0
13667.0,88,1,299.05,3.603012048192771,82,88,0.6931471805599453,5.703949127435522,0,1
13668.0,52,30,11539.62,18.58231884057971,356,667,3.4339872044851463,9.353628264788735,1,0
13669.0,89,2,243.15,30.39375,8,346,1.0986122886681098,5.497782790507669,1,0
13670.0,14,1,349.7,13.988,25,14,0.6931471805599453,5.859931157146132,0,1
13671.0,334,1,172.6,2.696875,61,334,0.6931471805599453,5.15675380222625,0,1
13672.0,240,3,419.92,23.32888888888889,13,670,1.3862943611198906,6.042442791872611,0,1
13674.0,372,1,240.68,17.19142857142857,14,372,0.6931471805599453,5.487614537078416,0,1
13675.0,90,2,486.82000000000005,19.472800000000003,25,224,1.0986122886681098,6.189946485351331,0,1
13676.0,478,2,243.9,18.76153846153846,13,558,1.0986122886681098,5.500849963958122,0,1
13677.0,344,2,551.24,5.200377358490566,98,459,1.0986122886681098,6.31398273439522,0,1
13678.0,91,1,232.6,14.5375,16,91,0.6931471805599453,5.453610250954072,0,1
13679.0,433,3,281.26,5.6251999999999995,44,674,1.3862943611198906,5.642828631985861,0,1
13680.0,277,10,10092.14,19.333601532567048,280,674,2.3978952727983707,9.21961126414236,1,0
13681.0,8,2,531.08,16.093333333333334,29,94,1.0986122886681098,6.276793853976166,1,0
13682.0,126,1,59.5,19.833333333333332,3,126,0.6931471805599453,4.102643365036796,0,1
13683.0,397,1,258.6,25.860000000000003,10,397,0.6931471805599453,5.559141984829935,0,1
13684.0,225,4,594.88,5.508148148148148,81,560,1.6094379124341003,6.390039304511392,0,1
13686.0,122,3,409.04,12.030588235294118,27,340,1.3862943611198906,6.016254715915201,0,1
13687.0,377,1,11880.84,264.01866666666666,45,377,0.6931471805599453,9.382766463078516,0,1
13688.0,574,1,375.5,75.1,5,574,0.6931471805599453,5.930918047239948,0,1
13689.0,2,2,1259.5,139.94444444444446,6,384,1.0986122886681098,7.139263746627974,0,1
13691.0,335,1,212.78,3.9403703703703705,54,335,0.6931471805599453,5.3649474488457995,0,1
13692.0,153,4,2497.66,33.30213333333333,69,359,1.6094379124341003,7.823509867156941,1,0
13693.0,313,9,2011.8200000000002,18.979433962264153,78,672,2.302585092994046,7.607292002863751,0,1
13694.0,11,135,182128.13,127.45145556333101,862,674,4.912654885736052,12.112471219973406,1,0
13695.0,3,15,2473.95,30.54259259259259,39,517,2.772588722239781,7.813975472778525,1,0
13696.0,361,3,2020.4,84.18333333333334,24,605,1.3862943611198906,7.611545619640562,0,1
13698.0,536,2,451.73,11.887631578947369,31,621,1.0986122886681098,6.115295921298569,0,1
13699.0,94,2,764.15,20.6527027027027,33,489,1.0986122886681098,6.640071893037045,0,1
13700.0,32,11,1983.11,8.932927927927928,162,610,2.4849066497880004,7.592925729856268,1,0
13701.0,386,1,161.0,17.88888888888889,9,386,0.6931471805599453,5.087596335232384,0,1
13702.0,385,1,135.18,27.036,5,385,0.6931471805599453,4.9139775400548205,0,1
13703.0,257,2,425.56,11.501621621621622,36,354,1.0986122886681098,6.055753036990344,0,1
13704.0,13,5,1289.4,17.424324324324324,66,27,1.791759469228055,7.162707526810999,1,0
13705.0,84,6,1528.01,22.806119402985075,51,563,1.9459101490553132,7.332375746130043,1,0
13706.0,242,2,631.1700000000001,16.609736842105264,38,566,1.0986122886681098,6.449158345318021,0,1
13707.0,206,5,3365.86,21.715225806451613,142,476,1.791759469228055,8.12173583825502,0,1
13708.0,210,1,285.33,5.823061224489796,49,210,0.6931471805599453,5.657144991804844,0,1
13709.0,4,12,4861.53,17.7428102189781,214,637,2.5649493574615367,8.48931415757348,1,0
13710.0,363,2,329.04,47.00571428571429,7,551,1.0986122886681098,5.799213859236143,1,0
13711.0,158,9,1792.26,19.48108695652174,80,663,2.302585092994046,7.4917904714583035,0,1
13712.0,186,2,766.42,23.224848484848483,32,550,1.0986122886681098,6.643034239500869,0,1
13713.0,347,3,740.76,9.2595,70,522,1.3862943611198906,6.609025740711332,0,1
13714.0,404,1,161.35,5.378333333333333,30,404,0.6931471805599453,5.089754498548855,0,1
13715.0,220,17,8153.04,15.92390625,277,577,2.8903717578961645,9.006268788934985,0,1
13716.0,208,1,138.28,6.584761904761905,21,208,0.6931471805599453,4.936486295459933,0,1
13717.0,68,6,1274.28,13.701935483870967,82,425,1.9459101490553132,7.150921041325391,1,0
13718.0,185,2,306.55,25.545833333333334,9,235,1.0986122886681098,5.728637675654378,0,1
13719.0,144,8,2080.14,10.000673076923077,159,510,2.1972245773362196,7.64067109947914,1,0
13720.0,56,4,799.9,18.60232558139535,42,194,1.6094379124341003,6.685736095329637,0,1
13721.0,334,1,217.39999999999998,15.528571428571427,14,334,0.6931471805599453,5.38632824387075,1,0
13722.0,71,10,5635.41,29.816984126984128,137,585,2.3978952727983707,8.637002617001478,0,1
13723.0,156,6,1194.08,20.58758620689655,51,550,1.9459101490553132,7.085968407731548,0,1
13724.0,576,1,213.01,5.071666666666666,39,576,0.6931471805599453,5.366022742902049,0,1
13725.0,108,7,1865.7,19.638947368421054,86,248,2.0794415416798357,7.531927445038551,1,0
13726.0,40,1,292.68,12.725217391304348,23,40,0.6931471805599453,5.682490739188579,1,0
13727.0,551,6,740.6700000000001,11.756666666666668,55,669,1.9459101490553132,6.608904400304154,1,0
13728.0,46,15,2636.05,17.45728476821192,68,669,2.772588722239781,7.877416147113993,1,0
13729.0,375,3,724.73,18.582820512820515,36,623,1.3862943611198906,6.587178044826087,0,1
13730.0,75,2,752.6,17.50232558139535,38,101,1.0986122886681098,6.624861723262153,0,1
13731.0,158,2,610.59,16.068157894736842,36,186,1.0986122886681098,6.416062123365316,0,1
13733.0,350,2,487.03000000000003,16.794137931034484,28,674,1.0986122886681098,6.1903768793734475,0,1
13734.0,448,4,6695.6900000000005,247.98851851851853,24,542,1.6094379124341003,8.809368653455358,0,1
13735.0,115,11,8288.92,14.961949458483755,318,665,2.4849066497880004,9.022795597901837,1,0
13736.0,199,6,2380.2,5.409545454545454,255,673,1.9459101490553132,7.775359841279235,1,0
13737.0,139,1,339.6,11.32,29,139,0.6931471805599453,5.830708768228588,0,1
13738.0,335,1,434.78000000000003,4.885168539325843,88,335,0.6931471805599453,6.077137528846132,0,1
13739.0,467,1,75.3,25.099999999999998,3,467,0.6931471805599453,4.334672938290411,1,0
13740.0,180,5,1582.77,16.837978723404255,83,677,1.791759469228055,7.367563359811335,0,1
13741.0,11,3,668.4300000000001,19.65970588235294,34,156,1.3862943611198906,6.50642660402637,0,1
13742.0,29,11,2775.4700000000003,10.434097744360903,164,259,2.4849066497880004,7.9289356156530015,1,0
13743.0,28,6,1065.84,31.348235294117643,8,198,1.9459101490553132,6.972456286918013,1,0
13744.0,34,2,1080.52,17.15111111111111,54,231,1.0986122886681098,6.9861227380561495,0,1
13745.0,101,2,777.36,13.881428571428572,46,485,1.0986122886681098,6.657189142089955,0,1
13746.0,353,1,176.69,19.63222222222222,9,353,0.6931471805599453,5.1800404589569835,0,1
13747.0,313,2,169.8,33.96,4,364,1.0986122886681098,5.14049328135447,0,1
13748.0,35,9,2064.35,35.592241379310344,40,677,2.302585092994046,7.633054982558491,0,1
13750.0,79,10,3271.55,46.736428571428576,47,556,2.3978952727983707,8.093324776506144,1,0
13751.0,227,1,296.25,32.916666666666664,9,227,0.6931471805599453,5.694573535570891,0,1
13752.0,63,7,1579.8300000000002,16.806702127659577,75,467,2.0794415416798357,7.365705304546322,0,1
13753.0,227,4,2094.57,26.182125000000003,64,676,1.6094379124341003,7.647580871722489,0,1
13754.0,91,3,447.05,21.288095238095238,16,376,1.3862943611198906,6.104904833330228,0,1
13755.0,2,1,462.81,4.582277227722773,97,2,0.6931471805599453,6.139474985606676,1,0
13756.0,0,18,6731.75,22.14391447368421,138,663,2.9444389791664403,8.814738957304908,1,0
13757.0,614,1,195.55,24.44375,8,614,0.6931471805599453,5.280916851867869,0,1
13758.0,140,13,7859.1,29.882509505703425,199,678,2.6390573296152584,8.96955460798863,1,0
13759.0,10,1,560.4100000000001,23.35041666666667,24,10,0.6931471805599453,6.3304514763804685,1,0
13760.0,195,4,1211.94,13.466000000000001,80,532,1.6094379124341003,7.10080244358216,1,0
13761.0,119,5,1373.23,16.347976190476192,82,596,1.791759469228055,7.225648853242109,1,0
13762.0,158,5,2472.48,70.64228571428572,23,638,1.791759469228055,7.813381344926563,0,1
13763.0,2,3,5217.44,104.3488,50,374,1.3862943611198906,8.559953785637239,0,1
13764.0,10,6,2919.62,7.890864864864865,295,581,1.9459101490553132,7.979551201490889,0,1
13765.0,592,1,352.821,20.754176470588238,17,592,0.6931471805599453,5.86879113553233,0,1
13766.0,434,1,190.35,11.197058823529412,16,434,0.6931471805599453,5.254104211871711,0,1
13767.0,0,70,30366.890000000003,41.31549659863946,117,678,4.2626798770413155,10.321141079169164,1,0
13768.0,666,2,875.97,26.544545454545457,30,670,1.0986122886681098,6.776472784261436,0,1
13769.0,31,18,4858.2300000000005,20.15863070539419,111,663,2.9444389791664403,8.488635268128204,1,0
13770.0,361,4,785.37,16.361875,48,669,1.6094379124341003,6.66742741958036,0,1
13771.0,3,9,5728.82,26.522314814814813,182,592,2.302585092994046,8.653439395602803,0,1
13772.0,36,7,2660.36,5.331382765531062,356,593,2.0794415416798357,7.88659254931307,1,0
13773.0,336,2,301.54,15.870526315789474,19,599,1.0986122886681098,5.7122135001340535,0,1
13774.0,21,1,345.0,15.681818181818182,22,21,0.6931471805599453,5.846438775057725,0,1
13775.0,530,1,1049.66,16.661269841269842,63,530,0.6931471805599453,6.9571738171118644,0,1
13776.0,367,2,623.98,311.99,1,367,1.0986122886681098,6.43771964922439,0,1
13777.0,17,55,36682.6,124.34779661016948,44,677,4.02535169073515,10.510085067683065,1,0
13778.0,42,4,1124.49,25.55659090909091,33,504,1.6094379124341003,7.025973775367289,0,1
13779.0,455,1,161.13,5.967777777777777,27,455,0.6931471805599453,5.088398482561978,0,1
13780.0,110,2,488.34000000000003,9.7668,43,346,1.0986122886681098,6.193057544391747,1,0
13781.0,190,3,778.83,13.663684210526316,56,660,1.3862943611198906,6.659075947211416,0,1
13782.0,8,11,1504.52,7.448118811881188,161,672,2.4849066497880004,7.316893632456598,1,0
13783.0,427,4,1542.09,154.209,4,612,1.6094379124341003,7.341542178594752,0,1
13784.0,34,12,2571.59,65.93820512820513,13,390,2.5649493574615367,7.852668452518969,1,0
13785.0,368,4,542.49,18.083000000000002,26,399,1.6094379124341003,6.298011307127966,0,1
13786.0,306,6,3127.9900000000002,26.965431034482762,80,675,1.9459101490553132,8.048465547754539,0,1
13787.0,15,6,1222.5,14.215116279069768,71,634,1.9459101490553132,7.109470882882726,0,1
13788.0,444,1,3.75,3.75,1,444,0.6931471805599453,1.55814461804655,0,1
13789.0,327,1,239.46,13.303333333333335,18,327,0.6931471805599453,5.482553755546763,0,1
13791.0,67,2,1516.0,137.8181818181818,7,107,1.0986122886681098,7.324489979348532,0,1
13792.0,5,3,383.95,16.693478260869565,23,362,1.3862943611198906,5.953113455724059,0,1
13793.0,586,1,96.0,13.714285714285714,7,586,0.6931471805599453,4.574710978503383,0,1
13794.0,486,1,126.03,14.003333333333334,9,486,0.6931471805599453,4.844423279035369,0,1
13795.0,327,4,836.3,28.837931034482757,23,577,1.6094379124341003,6.7301824292103865,0,1
13796.0,438,1,289.7,13.168181818181818,22,438,0.6931471805599453,5.6722918075648305,0,1
13797.0,376,3,1179.45,15.121153846153847,71,587,1.3862943611198906,7.073651000694222,0,1
13798.0,3,100,70535.32,106.87169696969698,155,670,4.61512051684126,11.163883033447057,1,0
13799.0,56,9,2803.57,26.448773584905663,64,583,2.302585092994046,7.939005508522796,0,1
13800.0,249,3,1679.56,23.00767123287671,73,676,1.3862943611198906,7.426882350187425,0,1
13801.0,6,1,324.8,14.121739130434783,23,6,0.6931471805599453,5.786283696167945,0,1
13802.0,78,19,26259.11,58.61408482142857,212,601,2.995732273553991,10.17580633672844,0,1
13803.0,194,3,1338.91,17.16551282051282,73,558,1.3862943611198906,7.200357726510238,0,1
13804.0,18,7,2808.31,18.354967320261437,140,376,2.0794415416798357,7.9406941805736375,1,0
13805.0,68,1,500.24,83.37333333333333,6,68,0.6931471805599453,6.217085028297085,1,0
13806.0,3,1,256.38,25.637999999999998,10,3,0.6931471805599453,5.550553592065519,0,1
13807.0,306,3,422.2,16.887999999999998,24,675,1.3862943611198906,6.04784488054409,0,1
13808.0,5,3,1362.4,25.70566037735849,50,36,1.3862943611198906,7.217736858928685,1,0
13809.0,244,3,679.6999999999999,27.188,23,400,1.3862943611198906,6.523121680453905,0,1
13811.0,123,3,814.5,62.65384615384615,7,178,1.3862943611198906,6.703801422061068,0,1
13812.0,3,2,418.62,14.950714285714286,27,44,1.0986122886681098,6.039349539828555,1,0
13813.0,10,7,2357.93,19.170162601626014,75,673,2.0794415416798357,7.765963405376901,1,0
13814.0,31,3,2257.32,28.573670886075952,56,466,1.3862943611198906,7.7223764530033225,0,1
13815.0,111,6,6426.13,20.335854430379747,188,605,1.9459101490553132,8.76828337233336,1,0
13816.0,3,1,371.69,21.864117647058823,17,3,0.6931471805599453,5.920746974893695,1,0
13817.0,291,1,128.7,14.299999999999999,9,291,0.6931471805599453,4.865224091322398,1,0
13818.0,369,1,61.28,12.256,5,369,0.6931471805599453,4.131640346965797,0,1
13819.0,241,6,2642.35,26.161881188118812,47,677,1.9459101490553132,7.879802331111146,0,1
13820.0,357,3,652.75,7.334269662921348,68,620,1.3862943611198906,6.482725015379133,0,1
13821.0,84,6,1379.08,6.760196078431372,158,643,1.9459101490553132,7.229896747485489,0,1
13823.0,31,6,3096.21,20.77993288590604,101,663,1.9459101490553132,8.038256985230074,1,0
13824.0,75,11,3045.66,33.840666666666664,52,576,2.4849066497880004,8.021801187593885,1,0
13825.0,561,2,255.59,6.38975,38,669,1.0986122886681098,5.5474794802608,0,1
13826.0,115,1,189.5,18.95,10,115,0.6931471805599453,5.249652194566756,0,1
13827.0,73,2,300.76,4.930491803278688,59,82,1.0986122886681098,5.709631999445093,1,0
13829.0,360,1,102.0,102.0,1,360,0.6931471805599453,4.634728988229636,0,1
13830.0,521,1,156.85000000000002,14.259090909090911,11,521,0.6931471805599453,5.061645215004001,0,1
13831.0,27,17,6178.14,34.90474576271187,121,668,2.8903717578961645,8.728934382192232,1,0
13832.0,361,1,557.69,10.724807692307694,51,361,0.6931471805599453,6.325594757611524,1,0
13833.0,98,2,700.41,15.91840909090909,43,343,1.0986122886681098,6.553092594804331,0,1
13834.0,516,2,324.19,20.261875,15,608,1.0986122886681098,5.7844096268933525,0,1
13835.0,94,5,798.04,15.960799999999999,41,585,1.791759469228055,6.683411007091409,1,0
13836.0,338,2,620.37,20.011935483870968,29,353,1.0986122886681098,6.4319267177117725,0,1
13837.0,151,2,266.59000000000003,14.810555555555558,17,257,1.0986122886681098,5.589455958348054,0,1
13838.0,57,9,1482.79,4.21247159090909,291,519,2.302585092994046,7.302354904279959,1,0
13839.0,425,1,139.95000000000002,19.992857142857144,7,425,0.6931471805599453,4.948405217560122,0,1
13840.0,355,1,651.4,16.285,40,355,0.6931471805599453,6.4806578707468585,0,1
13841.0,192,1,85.0,85.0,1,192,0.6931471805599453,4.454347296253507,0,1
13842.0,11,17,4737.65,15.687582781456953,187,600,2.8903717578961645,8.463507563996433,1,0
13843.0,320,1,319.75,17.76388888888889,18,320,0.6931471805599453,5.770662003495746,0,1
13845.0,4,1,312.98,34.775555555555556,9,4,0.6931471805599453,5.749329289612172,0,1
13846.0,181,3,1106.66,16.038550724637684,69,339,1.3862943611198906,7.010004961010533,1,0
13847.0,659,1,310.72,16.353684210526318,19,659,0.6931471805599453,5.74210534897536,0,1
13848.0,31,8,3015.0,301.5,3,669,2.1972245773362196,8.011686729127847,0,1
13849.0,110,4,2524.93,16.082356687898088,139,564,1.6094379124341003,7.834364590729149,1,0
13850.0,68,1,1595.48,17.155698924731183,93,68,0.6931471805599453,7.375556484672672,0,1
13851.0,35,8,4606.46,32.903285714285715,111,619,2.1972245773362196,8.435432008008735,0,1
13852.0,550,1,187.35000000000002,17.031818181818185,11,550,0.6931471805599453,5.23830193413805,0,1
13854.0,4,36,10923.16,66.60463414634147,59,640,3.6109179126442243,9.298732129135914,1,0
13855.0,440,4,1310.3400000000001,17.949863013698632,64,670,1.6094379124341003,7.178804794152059,0,1
13856.0,108,11,1142.03,21.148703703703703,33,558,2.4849066497880004,7.041437910169532,0,1
13857.0,332,6,1001.01,7.820390625,99,510,1.9459101490553132,6.90976326163493,0,1
13859.0,265,2,515.86,14.329444444444444,34,468,1.0986122886681098,6.247772044800624,0,1
13860.0,26,1,405.88,16.911666666666665,24,26,0.6931471805599453,6.008518301673809,1,0
13861.0,368,2,273.26,13.012380952380951,21,470,1.0986122886681098,5.614076561571708,0,1
13862.0,12,8,2436.43,16.029144736842103,111,328,2.1972245773362196,7.798699484510916,1,0
13863.0,187,4,1239.55,17.707857142857144,59,532,1.6094379124341003,7.123310108647671,0,1
13864.0,326,1,662.4000000000001,662.4000000000001,1,326,0.6931471805599453,6.497378126512952,0,1
13865.0,76,3,383.34000000000003,16.66695652173913,23,229,1.3862943611198906,5.951527577504281,1,0
13866.0,13,1,145.67,20.81,7,13,0.6931471805599453,4.988185165258664,0,1
13867.0,14,2,582.64,15.747027027027027,34,157,1.0986122886681098,6.3692843543958215,1,0
13869.0,62,10,7996.87,9.542804295942721,502,630,2.3978952727983707,8.98693053521115,0,1
13870.0,41,12,5120.61,23.92808411214953,152,609,2.5649493574615367,8.541224121728531,1,0
13871.0,31,13,6095.24,19.598842443729904,148,658,2.6390573296152584,8.71542746667024,1,0
13872.0,466,3,919.57,16.13280701754386,51,665,1.3862943611198906,6.8249930434091866,0,1
13873.0,59,8,1038.92,17.315333333333335,55,586,2.1972245773362196,6.946899066099764,0,1
13874.0,297,7,2049.15,29.697826086956525,46,612,2.0794415416798357,7.625668240187314,0,1
13875.0,73,13,4452.38,18.02582995951417,147,662,2.6390573296152584,8.401418637409538,1,0
13876.0,3,1,122.7,17.52857142857143,7,3,0.6931471805599453,4.8178592793984425,0,1
13877.0,25,3,449.68,19.551304347826086,23,629,1.3862943611198906,6.110757553295965,0,1
13878.0,487,3,1145.33,17.0944776119403,59,543,1.3862943611198906,7.044320813937888,1,0
13879.0,585,1,395.5,15.82,25,585,0.6931471805599453,5.982676041074902,0,1
13880.0,27,15,3575.11,19.429945652173913,126,501,2.772588722239781,8.182030896446705,1,0
13881.0,6,36,39640.92,93.4927358490566,181,584,3.6109179126442243,10.587642423194252,1,0
13882.0,3,1,192.76,16.063333333333333,12,3,0.6931471805599453,5.266620279804782,1,0
13883.0,158,14,5628.32,21.001194029850744,190,670,2.70805020110221,8.635743932311529,1,0
13884.0,28,9,1577.93,9.336863905325444,105,409,2.302585092994046,7.364502681417352,1,0
13885.0,128,2,506.8,18.1,28,140,1.0986122886681098,6.230087669270578,0,1
13886.0,10,1,243.56,15.2225,16,10,0.6931471805599453,5.499460677582579,0,1
13887.0,143,1,349.55,18.397368421052633,19,143,0.6931471805599453,5.859503349652977,0,1
13888.0,59,7,2001.5900000000001,11.705204678362573,124,515,2.0794415416798357,7.602196621752796,0,1
13889.0,32,6,1991.23,23.990722891566264,57,625,1.9459101490553132,7.597009893326727,0,1
13890.0,46,6,1544.68,16.609462365591398,59,672,1.9459101490553132,7.343219221953128,1,0
13891.0,317,3,859.21,8.678888888888888,97,521,1.3862943611198906,6.757176545485505,0,1
13892.0,3,4,1030.41,31.224545454545456,32,515,1.6094379124341003,6.9386820771292905,1,0
13893.0,237,1,821.1,39.1,21,237,0.6931471805599453,6.711862042158088,0,1
13894.0,249,1,160.85,16.085,10,249,0.6931471805599453,5.086669980372253,1,0
13895.0,6,5,3326.56,22.03019867549669,126,675,1.791759469228055,8.109994581661923,1,0
13896.0,565,1,388.55,18.502380952380953,21,565,0.6931471805599453,5.964992226776867,0,1
13897.0,377,2,849.5600000000001,20.22761904761905,42,616,1.0986122886681098,6.745894956084826,1,0
13898.0,265,2,686.4,14.921739130434782,43,350,1.0986122886681098,6.532916364415733,0,1
13899.0,214,1,298.5,19.9,15,214,0.6931471805599453,5.702114417555504,1,0
13900.0,122,6,1610.5900000000001,16.953578947368424,80,563,1.9459101490553132,7.38497654828429,0,1
13901.0,11,15,5676.34,18.310774193548387,280,643,2.772588722239781,8.644238092164732,0,1
13902.0,571,5,34095.26,541.1946031746032,58,664,1.791759469228055,10.436942979837246,0,1
13903.0,339,1,165.45000000000002,16.545,10,339,0.6931471805599453,5.114694964021034,0,1
13904.0,234,1,201.12,11.830588235294117,17,234,0.6931471805599453,5.308861580423708,1,0
13905.0,672,1,312.65,26.054166666666664,12,672,0.6931471805599453,5.748277714542752,0,1
13906.0,348,1,42.0,42.0,1,348,0.6931471805599453,3.7612001156935624,0,1
13907.0,631,1,136.8,34.2,4,631,0.6931471805599453,4.925803358579558,0,1
13908.0,19,4,2369.55,19.42254098360656,104,216,1.6094379124341003,7.770877274716226,0,1
13909.0,362,2,282.85,7.44342105263158,35,460,1.0986122886681098,5.648445929616735,0,1
13911.0,83,19,4091.71,17.48594017094017,178,587,2.995732273553991,8.316962621306935,1,0
13912.0,363,1,124.95,17.85,7,363,0.6931471805599453,4.835885002798619,0,1
13913.0,446,1,42.22,14.073333333333332,3,446,0.6931471805599453,3.76630335107874,0,1
13915.0,333,1,70.80000000000001,35.400000000000006,2,333,0.6931471805599453,4.273884476054179,0,1
13916.0,403,4,1275.81,17.240675675675675,72,615,1.6094379124341003,7.152120058745075,0,1
13917.0,131,1,65.38,13.075999999999999,5,131,0.6931471805599453,4.195395806291828,1,0
13918.0,192,1,198.20000000000002,24.775000000000002,8,192,0.6931471805599453,5.294309345150498,1,0
13919.0,61,3,1189.02,18.292615384615384,59,480,1.3862943611198906,7.081725392687033,1,0
13920.0,371,4,1774.68,20.635813953488373,81,501,1.6094379124341003,7.481938727137536,0,1
13921.0,341,4,730.7,16.606818181818184,36,661,1.6094379124341003,6.595370593889984,0,1
13922.0,291,3,865.2,28.84,30,406,1.3862943611198906,6.764115828780526,0,1
13924.0,11,1,679.03,17.411025641025642,39,11,0.6931471805599453,6.522136914844056,1,0
13925.0,32,4,678.25,16.54268292682927,28,74,1.6094379124341003,6.520989248306457,0,1
13927.0,14,2,708.26,17.274634146341462,37,376,1.0986122886681098,6.56422217299034,0,1
13928.0,46,2,225.45000000000002,17.342307692307692,13,72,1.0986122886681098,5.422524170002223,1,0
13929.0,108,11,3494.1,61.3,38,634,2.4849066497880004,8.159117266561877,0,1
13930.0,76,1,210.0,21.0,10,76,0.6931471805599453,5.351858133476067,1,0
13931.0,35,11,5257.38,19.399926199261994,205,676,2.4849066497880004,8.567578273503825,0,1
13932.0,234,1,307.4,19.2125,16,234,0.6931471805599453,5.731397641689174,0,1
13933.0,48,2,608.79,26.469130434782606,23,87,1.0986122886681098,6.413114635600407,0,1
13934.0,203,1,922.1,29.74516129032258,31,203,0.6931471805599453,6.8277375709961055,0,1
13935.0,536,3,6116.92,76.4615,67,591,1.3862943611198906,8.718977448456672,0,1
13936.0,119,3,939.6600000000001,15.926440677966102,56,353,1.3862943611198906,6.846581756547318,0,1
13937.0,108,2,880.13,16.298703703703705,54,342,1.0986122886681098,6.781205174641707,0,1
13939.0,48,6,1382.6200000000001,13.965858585858587,81,552,1.9459101490553132,7.232458532003351,1,0
13940.0,3,3,616.3000000000001,15.031707317073172,36,83,1.3862943611198906,6.4253551293998505,1,0
13941.0,29,14,8773.52,103.21788235294119,41,662,2.70805020110221,9.07960734598322,1,0
13942.0,474,1,320.0,320.0,1,474,0.6931471805599453,5.771441123130016,0,1
13943.0,517,1,246.54000000000002,16.436,15,517,0.6931471805599453,5.511572185111876,0,1
13944.0,592,1,200.43,5.726571428571429,35,592,0.6931471805599453,5.3054419264903325,0,1
13945.0,334,2,854.1500000000001,16.748039215686276,49,419,1.0986122886681098,6.7512768921457,0,1
13946.0,18,6,1876.23,33.504107142857144,49,675,1.9459101490553132,7.537552565041232,0,1
13947.0,4,1,90.60000000000001,18.12,5,4,0.6931471805599453,4.517431271680085,0,1
13948.0,300,4,548.76,22.865,23,675,1.6094379124341003,6.3094818193558355,0,1
13949.0,5,3,1212.17,14.965061728395062,69,34,1.3862943611198906,7.1009920475165975,1,0
13950.0,12,2,323.66,21.577333333333335,15,186,1.0986122886681098,5.782778480882699,1,0
13951.0,115,3,674.45,17.293589743589745,38,233,1.3862943611198906,6.5153791354156905,0,1
13952.0,157,14,12823.521,31.35335207823961,238,663,2.70805020110221,9.459114320413606,0,1
13953.0,55,10,5729.36,337.0211764705882,8,667,2.3978952727983707,8.653533634960368,1,0
13954.0,10,1,227.41,17.493076923076924,13,10,0.6931471805599453,5.431142259660542,1,0
13955.0,93,3,544.0699999999999,6.400823529411764,82,314,1.3862943611198906,6.300914226782459,0,1
13956.0,77,3,676.07,6.2599074074074075,95,210,1.3862943611198906,6.51777466490835,1,0
13957.0,357,3,458.25,16.97222222222222,21,598,1.3862943611198906,6.129594724095235,0,1
13958.0,319,8,4709.2300000000005,20.745506607929517,172,673,2.1972245773362196,8.457492018089969,0,1
13959.0,18,6,1064.77,6.781974522292994,120,450,1.9459101490553132,6.971452821596379,0,1
13960.0,11,1,128.1,32.025,4,11,0.6931471805599453,4.860587297852597,1,0
13961.0,331,1,538.4,28.336842105263155,19,331,0.6931471805599453,6.2904574107056295,0,1
13962.0,185,2,310.85,16.360526315789475,19,375,1.0986122886681098,5.742522302972132,1,0
13963.0,247,17,2860.57,17.33678787878788,129,536,2.8903717578961645,7.959125704244341,0,1
13964.0,326,2,438.9,18.287499999999998,22,370,1.0986122886681098,6.086547428354674,0,1
13965.0,416,3,996.61,41.525416666666665,23,642,1.3862943611198906,6.905362418373325,0,1
13966.0,374,1,384.26,18.298095238095236,21,374,0.6931471805599453,5.953918431034012,0,1
13967.0,85,2,166.3,27.71666666666667,4,335,1.0986122886681098,5.119788607992779,0,1
13968.0,362,1,123.66,15.4575,8,362,0.6931471805599453,4.825590031380704,0,1
13969.0,46,28,7832.52,9.90204804045512,374,563,3.367295829986474,8.966167240967449,1,0
13970.0,325,2,846.55,65.11923076923077,10,377,1.0986122886681098,6.742349834564496,0,1
13971.0,45,12,3895.21,18.20191588785047,165,622,2.5649493574615367,8.267759564747168,1,0
13972.0,10,2,190.25,12.683333333333334,15,141,1.0986122886681098,5.253581472706645,0,1
13973.0,226,1,264.7,24.063636363636363,11,226,0.6931471805599453,5.582367852765768,0,1
13974.0,521,1,264.13,17.608666666666668,15,521,0.6931471805599453,5.580220271735778,1,0
13975.0,67,10,4261.83,6.918555194805195,377,614,2.3978952727983707,8.357688537949887,1,0
13976.0,146,4,1192.3600000000001,21.29214285714286,49,607,1.6094379124341003,7.084528136845675,0,1
13977.0,350,1,519.8100000000001,39.98538461538462,13,350,0.6931471805599453,6.255385291938897,0,1
13979.0,12,7,3379.93,8.60033078880407,356,676,2.0794415416798357,8.12590609855981,0,1
13980.0,378,4,568.68,10.936153846153845,47,595,1.6094379124341003,6.34507479967387,1,0
13981.0,355,1,331.14,15.05181818181818,22,355,0.6931471805599453,5.805556566778607,0,1
13982.0,102,8,3312.62,17.714545454545455,98,627,2.1972245773362196,8.105796526354636,1,0
13983.0,28,18,6214.0,19.980707395498392,228,669,2.9444389791664403,8.734721003944811,1,0
13984.0,65,11,1792.62,21.340714285714284,50,672,2.4849066497880004,7.491991203013978,1,0
13985.0,11,15,6751.99,20.276246246246245,126,607,2.772588722239781,8.817740648750407,1,0
13987.0,319,2,682.54,14.837826086956522,46,340,1.0986122886681098,6.527285176763272,0,1
13988.0,12,6,3795.15,15.747510373443983,187,565,1.9459101490553132,8.241742674228352,1,0
13989.0,5,5,2026.06,23.558837209302325,61,503,1.791759469228055,7.614341746408589,0,1
13990.0,152,1,311.3,19.45625,16,152,0.6931471805599453,5.7439642642890325,0,1
13991.0,14,2,337.2,9.113513513513514,35,82,1.0986122886681098,5.82363743646448,1,0
13992.0,319,2,142.7,23.78333333333333,5,402,1.0986122886681098,4.967727793084979,1,0
13993.0,3,18,6402.06,25.20496062992126,109,676,2.9444389791664403,8.764531280082426,1,0
13994.0,6,4,1549.74,14.088545454545455,95,87,1.6094379124341003,7.346487515339771,1,0
13995.0,55,12,3380.2200000000003,17.071818181818184,134,661,2.5649493574615367,8.125991870097021,1,0
13996.0,325,2,895.76,27.144242424242425,29,338,1.0986122886681098,6.798788267730199,0,1
13997.0,458,3,376.46,8.55590909090909,36,489,1.3862943611198906,5.933464602809993,0,1
13998.0,386,3,566.7,18.280645161290323,30,515,1.3862943611198906,6.341593110176681,0,1
13999.0,4,27,8777.86,20.65378823529412,168,674,3.332204510175204,9.080101837652451,1,0
14000.0,150,5,2046.34,41.76204081632653,28,677,1.791759469228055,7.624296668595673,0,1
14001.0,172,8,3494.91,39.71488636363636,48,433,2.1972245773362196,8.159348992736957,1,0
14002.0,73,2,529.73,11.270851063829788,47,95,1.0986122886681098,6.274253417348632,0,1
14003.0,672,1,209.41,13.088125,16,672,0.6931471805599453,5.3490580082512205,0,1
14004.0,18,10,5445.3,26.305797101449276,112,375,2.3978952727983707,8.602691758018384,1,0
14005.0,15,4,977.68,18.105185185185185,40,155,1.6094379124341003,6.886204724951693,1,0
14006.0,55,7,2196.67,28.528181818181817,55,592,2.0794415416798357,7.69515298720424,0,1
14007.0,452,1,79.48,15.896,5,452,0.6931471805599453,4.388008706351429,0,1
14008.0,371,1,509.04,15.9075,32,371,0.6931471805599453,6.234489154015341,0,1
14009.0,137,3,1099.91,14.863648648648649,71,402,1.3862943611198906,7.0038923895122585,0,1
14010.0,504,2,445.15,18.547916666666666,20,505,1.0986122886681098,6.10065521834616,0,1
14011.0,419,2,457.82,14.306875,32,546,1.0986122886681098,6.128657976284189,0,1
14012.0,217,1,328.8,29.89090909090909,11,217,0.6931471805599453,5.7984864101254985,0,1
14013.0,49,5,1084.57,15.949558823529411,56,563,1.791759469228055,6.989860473650979,0,1
14014.0,16,3,1948.21,25.63434210526316,76,516,1.3862943611198906,7.575179441266062,0,1
14016.0,101,11,11403.41,25.45404017857143,354,639,2.4849066497880004,9.341755401683734,0,1
14017.0,510,1,229.75,16.410714285714285,14,510,0.6931471805599453,5.441334873382962,0,1
14018.0,584,1,367.15,28.24230769230769,13,584,0.6931471805599453,5.908490463814726,0,1
14019.0,37,2,800.53,19.060238095238095,28,77,1.0986122886681098,6.686522401168219,1,0
14020.0,27,3,937.35,18.379411764705882,44,468,1.3862943611198906,6.844123013737281,1,0
14021.0,94,7,1716.58,19.07311111111111,84,532,2.0794415416798357,7.448671602342143,0,1
14022.0,164,2,792.15,16.854255319148937,45,426,1.0986122886681098,6.676012358854464,0,1
14023.0,189,1,273.14,17.07125,16,189,0.6931471805599453,5.613638924803235,1,0
14024.0,61,3,645.74,18.99235294117647,33,330,1.3862943611198906,6.471944359021592,0,1
14025.0,404,8,4057.9,40.98888888888889,60,523,2.1972245773362196,8.308667279925409,0,1
14026.0,410,2,713.11,14.2622,43,564,1.0986122886681098,6.571037012097961,0,1
14027.0,0,1,104.82,17.47,6,0,0.6931471805599453,4.661739537475985,0,1
14028.0,489,3,10396.5,1155.1666666666667,3,490,1.3862943611198906,9.249320671617067,0,1
14029.0,2,2,467.66,31.177333333333333,15,83,1.0986122886681098,6.149877558850261,0,1
14030.0,28,19,6979.77,9.100091264667537,553,668,2.995732273553991,8.850914504858393,1,0
14031.0,6,41,35783.8,51.41350574712644,266,675,3.7376696182833684,10.485278501223169,1,0
14032.0,26,12,3718.39,18.407871287128714,71,665,2.5649493574615367,8.221314955326624,1,0
14033.0,494,1,109.44,109.44,1,494,0.6931471805599453,4.704472387061954,0,1
14034.0,96,2,473.90999999999997,18.9564,23,96,1.0986122886681098,6.163125312398025,1,0
14035.0,46,7,2203.9900000000002,20.990380952380956,48,552,2.0794415416798357,7.6984782527232705,1,0
14036.0,224,1,626.65,16.49078947368421,38,224,0.6931471805599453,6.441982686264217,0,1
14037.0,115,6,836.95,7.341666666666667,96,672,1.9459101490553132,6.7309584328308825,0,1
14038.0,17,5,3069.88,19.067577639751555,99,613,1.791759469228055,8.029719444457568,0,1
14039.0,515,1,115.08000000000001,28.770000000000003,4,515,0.6931471805599453,4.754279608575932,1,0
14040.0,0,34,12382.76,15.936628056628058,334,678,3.5553480614894135,9.424141215796755,1,0
14041.0,205,1,141.41,6.733809523809524,21,205,0.6931471805599453,4.958710221231336,0,1
14042.0,664,1,431.98,20.570476190476192,21,664,0.6931471805599453,6.070691537559284,0,1
14043.0,430,2,302.59999999999997,7.380487804878048,37,668,1.0986122886681098,5.715711045521474,0,1
14044.0,42,9,2966.9900000000002,3.6994887780548633,520,623,2.302585092994046,7.995640235009358,1,0
14045.0,48,16,10986.63,296.93594594594595,16,640,2.833213344056216,9.304525373550288,0,1
14046.0,223,1,154.99,11.070714285714287,14,223,0.6931471805599453,5.049791902630777,0,1
14047.0,12,13,3616.96,25.652198581560285,89,616,2.6390573296152584,8.193665610062173,1,0
14048.0,244,3,748.69,5.309858156028369,126,321,1.3862943611198906,6.619659787751255,0,1
14049.0,98,12,10689.42,12.487640186915888,471,556,2.5649493574615367,9.277103292302488,1,0
14050.0,45,1,485.98,13.134594594594596,37,45,0.6931471805599453,6.188223054477479,1,0
14051.0,7,31,16406.38,65.36406374501992,82,676,3.4657359027997265,9.705486512592655,1,0
14052.0,330,1,241.3,3.7123076923076925,65,330,0.6931471805599453,5.49017662782248,1,0
14053.0,63,4,572.3,63.58888888888888,3,426,1.6094379124341003,6.351409139914337,0,1
14054.0,4,1,92.46000000000001,15.410000000000002,6,4,0.6931471805599453,4.53753353727228,0,1
14055.0,45,3,1520.96,46.08969696969697,33,662,1.3862943611198906,7.327754256867339,0,1
14056.0,5,19,6115.06,7.202661955241461,295,223,2.995732273553991,8.718673377334383,1,0
14057.0,6,21,7707.5,17.800230946882216,241,675,3.091042453358316,8.950078895100393,1,0
14058.0,402,2,469.19,19.549583333333334,23,470,1.0986122886681098,6.153136868334086,0,1
14059.0,206,1,183.6,22.95,8,206,0.6931471805599453,5.218191322068752,0,1
14060.0,18,27,7893.42,34.469082969432314,97,578,3.332204510175204,8.973911459773255,1,0
14061.0,446,3,917.4300000000001,48.28578947368421,17,677,1.3862943611198906,6.822665690537023,0,1
14062.0,11,23,24346.27,74.68180981595093,138,668,3.1780538303479458,10.100175007235647,1,0
14063.0,377,9,22710.2,567.755,30,670,2.302585092994046,10.030613473862132,0,1
14064.0,52,14,3022.93,13.995046296296296,116,626,2.70805020110221,8.014312588883353,1,0
14065.0,328,3,891.02,18.18408163265306,42,371,1.3862943611198906,6.793488553853314,0,1
14066.0,206,1,152.55,21.792857142857144,7,206,0.6931471805599453,5.034026246886832,0,1
14067.0,3,2,374.7,7.2057692307692305,51,36,1.0986122886681098,5.928790952579924,0,1
14068.0,259,4,1516.72,14.043703703703704,93,617,1.6094379124341003,7.3249644877140545,0,1
14069.0,454,2,225.81,5.507560975609756,37,501,1.0986122886681098,5.424112662592345,0,1
14070.0,624,1,321.6,7.843902439024391,40,624,0.6931471805599453,5.776413165691109,0,1
14071.0,199,2,356.81,12.303793103448276,22,204,1.0986122886681098,5.8800021192586875,1,0
14072.0,606,1,390.85,20.571052631578947,19,606,0.6931471805599453,5.9708791134988735,0,1
14074.0,562,1,219.4,36.56666666666667,6,562,0.6931471805599453,5.39544407727876,0,1
14075.0,200,4,1100.53,19.65232142857143,48,480,1.6094379124341003,7.00445540145935,1,0
14076.0,68,1,118.67,2.6970454545454547,43,68,0.6931471805599453,4.784737954585425,0,1
14077.0,17,5,482.36,8.932592592592593,43,334,1.791759469228055,6.180761717638362,1,0
14078.0,41,9,1553.47,10.49641891891892,107,560,2.302585092994046,7.348889930502677,0,1
14079.0,64,2,618.73,47.59461538461539,13,621,1.0986122886681098,6.4292838993175305,0,1
14080.0,352,4,1070.08,13.545316455696202,70,676,1.6094379124341003,6.976422764203385,1,0
14081.0,241,10,4867.57,5.767263033175355,465,668,2.3978952727983707,8.490555538460665,0,1
14082.0,304,2,413.36,6.359384615384616,48,332,1.0986122886681098,6.026735161189901,0,1
14083.0,65,9,612.6800000000001,5.78,99,661,2.302585092994046,6.419473619651041,1,0
14084.0,451,1,150.5,21.5,7,451,0.6931471805599453,5.020585624949423,0,1
14085.0,80,27,8520.32,9.054537725823591,443,670,3.332204510175204,9.050326537400478,1,0
14086.0,402,1,39.95,39.95,1,402,0.6931471805599453,3.7123518102990785,0,1
14087.0,344,2,638.0,4.4,126,674,1.0986122886681098,6.459904454377535,1,0
14088.0,68,10,39052.88,100.65175257731958,297,360,2.3978952727983707,10.572697510127108,1,0
14090.0,264,1,76.32000000000001,76.32000000000001,1,264,0.6931471805599453,4.34795265434013,0,1
14091.0,593,2,9530.08,733.0830769230769,13,637,1.0986122886681098,9.162313316565184,0,1
14092.0,7,21,6249.13,18.822680722891565,162,662,3.091042453358316,8.74035754251413,1,0
14094.0,379,1,311.77,7.250465116279069,41,379,0.6931471805599453,5.745468096143307,0,1
14095.0,662,1,2.95,2.95,1,662,0.6931471805599453,1.3737155789130306,0,1
14096.0,7,7,12187.69,10.41682905982906,657,41,2.0794415416798357,9.408263751565169,1,0
14097.0,420,2,422.86,10.5715,39,585,1.0986122886681098,6.0494032120284285,0,1
14099.0,4,18,5319.84,10.856816326530613,259,669,2.9444389791664403,8.57938646460847,1,0
14100.0,77,1,191.95,7.678,24,77,0.6931471805599453,5.262431087983628,0,1
14101.0,13,13,9961.93,110.68811111111111,19,560,2.6390573296152584,9.206626484023987,0,1
14104.0,94,5,743.53,5.507629629629629,117,499,1.791759469228055,6.612753146812557,0,1
14105.0,178,5,5988.83,21.465340501792113,200,660,1.791759469228055,8.697818310072366,0,1
14106.0,676,1,214.8,214.8,1,676,0.6931471805599453,5.374352052824034,0,1
14107.0,35,10,4636.01,20.333377192982457,99,669,2.3978952727983707,8.441825040955882,1,0
14108.0,41,3,738.38,21.717058823529413,32,677,1.3862943611198906,6.605811997178087,1,0
14109.0,12,1,144.2,16.022222222222222,9,12,0.6931471805599453,4.978112102390695,0,1
14110.0,6,29,11775.03,30.905590551181103,174,678,3.4011973816621555,9.37382138851976,1,0
14111.0,35,3,295.5,59.1,5,181,1.3862943611198906,5.69204721843778,1,0
14112.0,70,10,4820.26,17.464710144927537,174,593,2.3978952727983707,8.480790583671181,1,0
14113.0,17,14,6178.570000000001,63.696597938144336,61,671,2.70805020110221,8.72900396874296,1,0
14114.0,213,7,1364.09,18.43364864864865,72,546,2.0794415416798357,7.218975639511439,0,1
14115.0,441,2,622.67,28.303181818181816,22,606,1.0986122886681098,6.435621382327132,0,1
14116.0,3,3,956.32,18.39076923076923,45,61,1.3862943611198906,6.8641377138264135,1,0
14117.0,83,1,90.0,30.0,3,83,0.6931471805599453,4.51085950651685,0,1
14118.0,368,1,458.45,30.563333333333333,15,368,0.6931471805599453,6.130030121946894,0,1
14119.0,315,2,183.37,16.67,11,657,1.0986122886681098,5.216944608082299,0,1
14122.0,345,3,362.42,27.87846153846154,12,676,1.3862943611198906,5.895559190220911,0,1
14123.0,672,1,436.18,18.174166666666668,24,672,0.6931471805599453,6.0803450096018565,0,1
14124.0,23,1,419.58,83.916,4,23,0.6931471805599453,6.041634711020558,0,1
14125.0,17,1,1295.43,15.421785714285715,84,17,0.6931471805599453,7.167369612005506,1,0
14126.0,383,1,466.33000000000004,16.654642857142857,28,383,0.6931471805599453,6.147035646233371,1,0
14127.0,62,6,1900.0800000000002,16.240000000000002,96,365,1.9459101490553132,7.55017742471711,0,1
14128.0,0,3,924.21,14.218615384615385,50,490,1.3862943611198906,6.830020738772716,0,1
14129.0,35,7,2193.71,24.106703296703298,40,518,2.0794415416798357,7.6938051983298354,1,0
14130.0,258,4,1858.77,8.448954545454546,189,667,1.6094379124341003,7.528208103147246,0,1
14131.0,588,1,168.22,3.65695652173913,45,588,0.6931471805599453,5.1311996434963545,0,1
14132.0,26,6,1900.2,17.758878504672897,59,123,1.9459101490553132,7.550240544739855,1,0
14133.0,69,4,911.14,25.309444444444445,33,673,1.6094379124341003,6.815793487064996,0,1
14134.0,322,15,11123.35,61.79638888888889,130,669,2.772588722239781,9.316891678361227,0,1
14135.0,15,20,7663.68,39.10040816326531,126,677,3.044522437723423,8.944378042228303,1,0
14136.0,340,5,1570.81,14.818962264150944,86,671,1.791759469228055,7.359983100544423,0,1
14137.0,635,1,332.7,30.245454545454546,11,635,0.6931471805599453,5.810242385757328,0,1
14138.0,3,1,621.71,19.4284375,32,3,0.6931471805599453,6.434080920846939,1,0
14139.0,429,3,670.98,15.604186046511629,29,482,1.3862943611198906,6.510228578175494,1,0
14141.0,13,2,489.31,21.274347826086956,20,44,1.0986122886681098,6.1950378441253156,1,0
14142.0,312,2,671.34,15.257727272727273,42,585,1.0986122886681098,6.510764164953352,0,1
14143.0,73,1,115.8,16.54285714285714,7,73,0.6931471805599453,4.760463070394127,0,1
14144.0,425,1,30.6,30.6,1,425,0.6931471805599453,3.4531571205928664,0,1
14145.0,96,6,6709.05,304.95681818181816,11,550,1.9459101490553132,8.811361681502794,1,0
14146.0,20,11,8225.14,21.475561357702347,291,634,2.4849066497880004,9.015072167852935,1,0
14147.0,17,9,2590.2,86.33999999999999,24,579,2.302585092994046,7.85987636785712,0,1
14148.0,173,2,466.29,27.428823529411765,15,353,1.0986122886681098,6.146950049948197,0,1
14149.0,160,1,446.62,15.950714285714286,28,160,0.6931471805599453,6.103944658191983,0,1
14150.0,299,1,306.18,25.515,12,299,0.6931471805599453,5.727433894987482,1,0
14151.0,612,2,679.45,15.442045454545456,44,656,1.0986122886681098,6.5227543440063265,0,1
14152.0,14,7,1997.3400000000001,15.017593984962406,104,598,2.0794415416798357,7.600072114901368,0,1
14153.0,422,1,233.39999999999998,13.729411764705882,17,422,0.6931471805599453,5.457029057702857,0,1
14154.0,178,8,6460.7,22.12568493150685,236,635,2.1972245773362196,8.77364772005142,0,1
14155.0,205,1,118.75,19.791666666666668,6,205,0.6931471805599453,4.785406236291025,0,1
14156.0,0,145,302757.41,78.25210907211165,1387,678,4.983606621708336,12.620690439724811,1,0
14157.0,224,4,822.98,10.828684210526315,68,585,1.6094379124341003,6.7141462577702455,1,0
14159.0,21,17,6350.18,4.358393960192176,636,676,2.8903717578961645,8.756395901394734,1,0
14160.0,549,7,8421.47,78.70532710280374,80,638,2.0794415416798357,9.038658413386564,0,1
14161.0,155,7,2996.93,10.819241877256317,202,666,2.0794415416798357,8.005677329490688,0,1
14162.0,113,2,289.36,11.5744,25,232,1.0986122886681098,5.67112153241664,0,1
14163.0,26,5,2594.62,44.7348275862069,42,401,1.791759469228055,7.861580688064839,0,1
14164.0,10,2,1631.77,56.26793103448276,28,20,1.0986122886681098,7.398033237980444,0,1
14165.0,215,1,120.44,5.0183333333333335,23,215,0.6931471805599453,4.79942031364732,0,1
14166.0,444,2,251.15,4.924509803921569,39,565,1.0986122886681098,5.530024148522735,0,1
14167.0,104,7,1101.55,10.591826923076923,45,620,2.0794415416798357,7.005380957766577,1,0
14168.0,360,2,370.45,24.696666666666665,11,504,1.0986122886681098,5.917414265597815,0,1
14169.0,370,2,621.51,9.71109375,50,383,1.0986122886681098,6.433759692466862,0,1
14170.0,314,3,570.18,3.9322758620689653,123,334,1.3862943611198906,6.347704396406768,0,1
14171.0,37,2,498.79,7.79359375,61,669,1.0986122886681098,6.214188010197488,0,1
14172.0,544,3,369.02,8.386818181818182,38,582,1.3862943611198906,5.913557058231456,0,1
14173.0,158,3,249.2,16.613333333333333,13,670,1.3862943611198906,5.522260598032811,1,0
14175.0,110,7,5662.57,23.496141078838175,166,567,2.0794415416798357,8.641809714412537,1,0
14176.0,236,5,756.46,20.444864864864865,33,320,1.791759469228055,6.629970730708748,0,1
14177.0,25,13,2209.69,10.778975609756097,141,591,2.6390573296152584,7.701059962976723,0,1
14178.0,6,4,676.03,4.694652777777778,122,121,1.6094379124341003,6.51771558507671,1,0
14180.0,30,30,5627.9,21.07827715355805,120,487,3.4339872044851463,8.635669320161439,1,0
14181.0,350,2,308.35,5.929807692307692,48,502,1.0986122886681098,5.734473321976997,0,1
14182.0,383,4,678.77,13.5754,42,535,1.6094379124341003,6.521754505661576,0,1
14183.0,350,2,278.34000000000003,8.186470588235295,27,420,1.0986122886681098,5.632429677877625,0,1
14184.0,6,1,452.89,18.870416666666667,24,6,0.6931471805599453,6.1178548779353035,0,1
14185.0,270,1,197.65,65.88333333333334,3,270,0.6931471805599453,5.291544482260608,0,1
14186.0,366,5,1550.63,14.909903846153847,75,584,1.791759469228055,7.34706127025902,0,1
14187.0,413,1,123.5,15.4375,8,413,0.6931471805599453,4.824305715904762,0,1
14188.0,11,5,1717.96,31.235636363636363,31,249,1.791759469228055,7.449474735769473,1,0
14189.0,35,12,4116.99,18.216769911504425,150,328,2.5649493574615367,8.323120459221503,1,0
14190.0,605,1,79.9,79.9,1,605,0.6931471805599453,4.393213824064446,0,1
14191.0,20,10,2658.19,19.690296296296296,77,668,2.3978952727983707,7.8857768441245755,1,0
14192.0,327,1,293.74,20.981428571428573,14,327,0.6931471805599453,5.686093611785117,0,1
14193.0,7,3,1210.19,18.90921875,49,336,1.3862943611198906,7.0993586263743325,0,1
14194.0,15,29,14297.03,19.164919571045576,381,642,3.4011973816621555,9.567877044520149,1,0
14195.0,141,6,2615.6,163.475,10,573,1.9459101490553132,7.869631044076776,0,1
14196.0,46,1,335.52,55.919999999999995,6,46,0.6931471805599453,5.818657582682612,0,1
14197.0,350,1,390.05,19.5025,20,350,0.6931471805599453,5.968835429047621,0,1
14198.0,26,8,1397.13,17.24851851851852,50,643,2.1972245773362196,7.242890908456149,1,0
14199.0,157,4,1091.7,60.650000000000006,15,470,1.6094379124341003,6.9964069765767,0,1
14200.0,556,1,379.2,18.057142857142857,21,556,0.6931471805599453,5.940697430054329,0,1
14201.0,20,9,1073.24,22.359166666666667,40,527,2.302585092994046,6.97936871379167,1,0
14202.0,320,3,847.76,29.233103448275862,27,564,1.3862943611198906,6.743776460835899,0,1
14203.0,336,1,339.34,21.20875,16,336,0.6931471805599453,5.82994511794329,0,1
14204.0,361,3,874.22,4.829944751381215,158,676,1.3862943611198906,6.7744752833261765,1,0
14205.0,203,8,2170.4,19.2070796460177,70,582,2.1972245773362196,7.683127399797752,1,0
14206.0,178,3,1185.01,16.690281690140846,62,342,1.3862943611198906,7.078350011225329,0,1
14207.0,627,1,157.8,78.9,2,627,0.6931471805599453,5.067645548813036,0,1
14208.0,34,2,567.05,16.20142857142857,34,490,1.0986122886681098,6.342209443015913,0,1
14209.0,60,14,4796.17,21.316311111111112,132,626,2.70805020110221,8.475781439690051,1,0
14210.0,45,16,5556.570000000001,17.69608280254777,143,642,2.833213344056216,8.622916241350572,0,1
14211.0,19,16,3500.28,17.67818181818182,129,670,2.833213344056216,8.16088389490605,1,0
14212.0,29,2,2190.14,104.29238095238095,18,385,1.0986122886681098,7.692177235317669,0,1
14213.0,344,1,1192.2,238.44,5,344,0.6931471805599453,7.084394052640594,0,1
14214.0,95,3,899.16,15.24,56,217,1.3862943611198906,6.802572525301492,1,0
14215.0,17,8,2804.52,17.75012658227848,141,671,2.1972245773362196,7.939344184019653,1,0
14216.0,353,1,310.74,17.263333333333335,18,353,0.6931471805599453,5.742169507060905,1,0
14217.0,13,18,2763.28,18.797823129251704,109,466,2.9444389791664403,7.924535482217015,1,0
14219.0,349,2,543.89,15.108055555555556,32,432,1.0986122886681098,6.300583939429462,1,0
14220.0,186,4,1515.0,39.86842105263158,26,508,1.6094379124341003,7.323830566202317,0,1
14221.0,20,16,6173.58,18.995630769230768,154,551,2.833213344056216,8.72819614298864,1,0
14222.0,116,1,683.17,16.662682926829266,41,116,0.6931471805599453,6.528206424753791,0,1
14223.0,31,3,991.13,16.518833333333333,50,203,1.3862943611198906,6.89985414708588,0,1
14224.0,49,9,1841.71,8.042401746724892,189,483,2.302585092994046,7.518992593145431,0,1
14225.0,374,4,2031.07,23.617093023255812,70,635,1.6094379124341003,7.616810256923923,0,1
14226.0,10,4,2648.11,31.52511904761905,77,380,1.6094379124341003,7.881979013513739,1,0
14227.0,25,14,6049.650000000001,16.711740331491715,246,609,2.70805020110221,8.707920983270366,1,0
14228.0,377,3,745.5,19.61842105263158,38,486,1.3862943611198906,6.615395616979245,0,1
14229.0,231,6,1808.97,31.189137931034484,37,411,1.9459101490553132,7.501065549536876,1,0
14230.0,375,3,979.8000000000001,29.69090909090909,27,487,1.3862943611198906,6.888368565181947,0,1
14231.0,123,4,1235.6200000000001,17.90753623188406,66,390,1.6094379124341003,7.120137130372299,0,1
14232.0,54,4,1573.33,17.28934065934066,71,204,1.6094379124341003,7.361585063927438,1,0
14233.0,151,6,2400.65,41.390517241379314,30,583,1.9459101490553132,7.783911280116174,1,0
14235.0,14,9,4717.99,31.87831081081081,107,558,2.302585092994046,8.459350072631114,0,1
14236.0,20,5,1555.34,33.092340425531916,39,444,1.791759469228055,7.350092189866152,0,1
14237.0,312,2,471.14,18.12076923076923,26,530,1.0986122886681098,6.157275551774947,0,1
14238.0,265,3,434.23,33.402307692307694,13,674,1.3862943611198906,6.075874626989435,0,1
14239.0,10,20,4101.71,20.205467980295566,93,674,3.044522437723423,8.319403009953987,1,0
14240.0,165,2,584.0,20.137931034482758,26,363,1.0986122886681098,6.371611847231857,1,0
14241.0,123,2,333.7,27.808333333333334,12,635,1.0986122886681098,5.8132346082172806,0,1
14242.0,174,2,280.55,17.534375,13,265,1.0986122886681098,5.640310051700627,0,1
14243.0,34,15,6934.93,19.87085959885387,232,415,2.772588722239781,8.844470426137248,1,0
14244.0,600,1,366.41999999999996,22.901249999999997,16,600,0.6931471805599453,5.906505607880791,0,1
14245.0,159,2,1693.45,15.680092592592594,107,203,1.0986122886681098,7.435113483382488,0,1
14246.0,50,3,1474.06,19.654133333333334,57,185,1.3862943611198906,7.296453945912696,0,1
14247.0,217,5,753.56,6.668672566371681,82,490,1.791759469228055,6.626134797908952,0,1
14248.0,257,3,1032.95,21.977659574468085,41,454,1.3862943611198906,6.941141697999771,0,1
14249.0,350,12,5400.461,19.854636029411765,178,618,2.5649493574615367,8.594424751514367,0,1
14250.0,28,1,1228.83,16.60581081081081,74,28,0.6931471805599453,7.114631227432276,1,0
14252.0,320,1,350.99,35.099000000000004,10,320,0.6931471805599453,5.863602766103642,0,1
14253.0,432,2,363.40000000000003,30.283333333333335,11,562,1.0986122886681098,5.898252165385803,0,1
14254.0,372,1,601.03,26.13173913043478,23,372,0.6931471805599453,6.400307277954197,0,1
14255.0,485,1,1000.63,1000.63,1,485,0.6931471805599453,6.909383951973957,0,1
14256.0,199,5,2460.79,18.50218045112782,100,634,1.791759469228055,7.80864400659954,0,1
14257.0,3,9,5954.45,24.810208333333332,167,587,2.302585092994046,8.692062045685008,0,1
14258.0,29,24,30679.74,105.06760273972603,97,675,3.2188758248682006,10.33139037513816,1,0
14259.0,81,1,120.0,24.0,5,81,0.6931471805599453,4.795790545596741,0,1
14260.0,410,3,824.28,16.16235294117647,50,488,1.3862943611198906,6.71572272269298,0,1
14261.0,18,1,943.75,20.97222222222222,45,18,0.6931471805599453,6.850920342229599,1,0
14262.0,23,4,1379.3,17.683333333333334,56,180,1.6094379124341003,7.230056145829533,1,0
14263.0,362,1,322.93,20.183125,16,362,0.6931471805599453,5.780527443067584,0,1
14264.0,94,6,1517.3600000000001,19.207088607594937,59,550,1.9459101490553132,7.325386083989173,0,1
14265.0,48,4,1373.35,17.384177215189872,74,551,1.6094379124341003,7.225736171057181,0,1
14266.0,367,1,40.56,40.56,1,367,0.6931471805599453,3.727138166231027,0,1
14267.0,102,3,1516.24,27.568,25,200,1.3862943611198906,7.3246481738226015,0,1
14268.0,410,1,354.85,18.676315789473687,19,410,0.6931471805599453,5.87450929374528,0,1
14269.0,378,1,295.73,18.483125,16,378,0.6931471805599453,5.692822634419859,0,1
14270.0,271,1,492.65000000000003,16.98793103448276,29,271,0.6931471805599453,6.201826764057459,0,1
14271.0,165,2,214.18,5.636315789473684,38,348,1.0986122886681098,5.371474887165763,0,1
14272.0,13,4,920.81,14.38765625,62,521,1.6094379124341003,6.826339128567769,0,1
14273.0,75,3,450.05,19.567391304347826,18,181,1.3862943611198906,6.111578198102648,1,0
14274.0,625,1,256.6,17.10666666666667,15,625,0.6931471805599453,5.551407994230199,0,1
14275.0,335,6,1189.3799999999999,51.71217391304347,14,547,1.9459101490553132,7.082027862862419,0,1
14276.0,38,7,2102.68,17.377520661157025,75,599,2.0794415416798357,7.6514434710358,0,1
14277.0,151,7,14638.64,63.370735930735925,218,665,2.0794415416798357,9.591488197049024,1,0
14278.0,349,1,205.83,15.833076923076923,13,349,0.6931471805599453,5.331897199811232,0,1
14279.0,460,2,191.86,63.95333333333334,3,620,1.0986122886681098,5.261964537082238,0,1
14280.0,136,1,134.04,16.755,8,136,0.6931471805599453,4.905571030847647,0,1
14281.0,347,1,245.15,35.02142857142857,7,347,0.6931471805599453,5.50594110620421,0,1
14282.0,20,20,6318.16,32.56783505154639,96,602,3.044522437723423,8.751341566914997,1,0
14283.0,402,4,628.44,15.327804878048783,36,509,1.6094379124341003,6.444830535200694,0,1
14284.0,25,2,956.5,19.927083333333332,48,593,1.0986122886681098,6.864325721054801,1,0
14285.0,15,6,2627.84,51.526274509803926,47,670,1.9459101490553132,7.874297963235408,1,0
14286.0,182,5,5901.09,16.391916666666667,218,675,1.791759469228055,8.68306180445473,1,0
14287.0,138,2,83.28,20.82,4,138,1.0986122886681098,4.434144588935989,1,0
14288.0,152,1,426.6,26.6625,16,152,0.6931471805599453,6.05818817915089,0,1
14289.0,74,5,832.78,19.828095238095237,33,229,1.791759469228055,6.725969578591492,1,0
14290.0,7,6,4001.51,32.53260162601626,102,671,1.9459101490553132,8.294676943306225,1,0
14291.0,6,20,6986.81,15.915284738041004,226,670,3.044522437723423,8.851922481416649,1,0
14292.0,27,12,7498.27,43.342601156069364,116,570,2.5649493574615367,8.922560961453872,1,0
14293.0,86,8,2595.86,26.488367346938777,78,669,2.1972245773362196,7.862058301853846,1,0
14294.0,346,1,375.34000000000003,16.31913043478261,23,346,0.6931471805599453,5.930492990116498,0,1
14295.0,378,4,2196.71,32.78671641791045,61,671,1.6094379124341003,7.695171188133398,1,0
14296.0,360,2,456.4,16.9037037037037,27,513,1.0986122886681098,6.125558281588681,0,1
14297.0,0,2,710.1,20.28857142857143,35,214,1.0986122886681098,6.566813066889472,1,0
14298.0,11,79,83904.65,32.06138708444784,1259,667,4.382026634673881,11.337448232261819,1,0
14299.0,18,24,12948.12,44.495257731958766,163,677,3.2188758248682006,9.468783111150776,1,0
14301.0,56,4,1992.18,37.58830188679245,37,605,1.6094379124341003,7.597486632240913,0,1
14302.0,370,3,742.9000000000001,26.532142857142862,25,677,1.3862943611198906,6.611906617197296,0,1
14303.0,346,2,277.94,12.633636363636363,21,374,1.0986122886681098,5.630996704930548,0,1
14304.0,162,3,1725.01,19.602386363636363,69,510,1.3862943611198906,7.453567665369348,0,1
14305.0,10,3,1858.96,17.70438095238095,96,74,1.3862943611198906,7.528310261099659,0,1
14306.0,25,5,2761.02,70.79538461538462,36,616,1.791759469228055,7.9237175750726365,1,0
14307.0,28,10,4287.92,16.366106870229007,205,671,2.3978952727983707,8.363790231976404,0,1
14308.0,488,2,1147.02,573.51,1,488,1.0986122886681098,7.045793998330545,0,1
14309.0,33,9,3061.98,19.754709677419356,117,490,2.302585092994046,8.027143577265262,1,0
14310.0,372,1,492.1,22.36818181818182,22,372,0.6931471805599453,6.2007119932300805,0,1
14311.0,182,2,516.45,16.65967741935484,31,507,1.0986122886681098,6.248912902114182,0,1
14312.0,30,10,2525.89,16.72774834437086,129,443,2.3978952727983707,7.834744576563416,1,0
14314.0,46,2,229.79999999999998,22.979999999999997,10,370,1.0986122886681098,5.441551534633945,0,1
14315.0,68,7,2266.84,22.668400000000002,68,574,2.0794415416798357,7.726583115621891,1,0
14316.0,361,5,1370.34,44.20451612903226,21,569,1.791759469228055,7.223543642981688,0,1
14317.0,4,1,508.58,21.190833333333334,24,4,0.6931471805599453,6.233586857019973,0,1
14318.0,399,1,158.02,17.55777777777778,9,399,0.6931471805599453,5.069029980473338,0,1
14319.0,363,1,494.85,19.032692307692308,26,363,0.6931471805599453,6.206273461632134,0,1
14320.0,146,5,1346.75,16.626543209876544,68,627,1.791759469228055,7.2061918143317785,0,1
14321.0,13,6,1917.9,11.986875000000001,152,412,1.9459101490553132,7.559507384175697,1,0
14322.0,368,4,474.1,36.46923076923077,10,599,1.6094379124341003,6.163525308192876,0,1
14323.0,54,2,605.0600000000001,16.807222222222222,32,178,1.0986122886681098,6.406978991069148,0,1
14324.0,349,2,701.61,17.112439024390245,41,632,1.0986122886681098,6.554801972579857,0,1
14325.0,509,1,245.48000000000002,13.637777777777778,18,509,0.6931471805599453,5.507280854288412,0,1
14326.0,181,3,940.98,16.50842105263158,54,472,1.3862943611198906,6.847984042928468,0,1
14327.0,102,6,1894.93,17.87669811320755,99,639,1.9459101490553132,7.54746476230219,0,1
14328.0,377,1,445.05,445.05,1,377,0.6931471805599453,6.1004310533597925,0,1
14329.0,48,12,8397.41,17.243141683778234,309,662,2.5649493574615367,9.035797681200318,1,0
14330.0,563,1,200.63,15.433076923076923,13,563,0.6931471805599453,5.3064343346499845,0,1
14331.0,63,2,462.66,16.52357142857143,27,74,1.0986122886681098,6.139151525006747,0,1
14332.0,5,4,1636.44,31.470000000000002,42,355,1.6094379124341003,7.400889325616727,1,0
14333.0,7,1,415.2,27.68,15,7,0.6931471805599453,6.031165913959534,0,1
14334.0,33,11,4094.98,16.78270491803279,146,508,2.4849066497880004,8.317761283894923,1,0
14335.0,35,1,347.5,8.6875,40,35,0.6931471805599453,5.853638230200579,1,0
14336.0,137,3,1114.39,18.887966101694918,53,215,1.3862943611198906,7.016959398521683,1,0
14338.0,100,3,928.1,18.562,43,476,1.3862943611198906,6.834216375647267,0,1
14339.0,182,2,620.27,26.968260869565217,21,368,1.0986122886681098,6.431765770051603,0,1
14340.0,158,1,134.7,22.45,6,158,0.6931471805599453,4.9104465668408235,0,1
14341.0,69,16,3424.56,16.86975369458128,137,678,2.833213344056216,8.139020240980695,1,0
14342.0,76,4,669.62,29.11391304347826,20,411,1.6094379124341003,6.508202657625575,1,0
14343.0,360,4,1079.66,4.613931623931625,193,629,1.6094379124341003,6.985327244577022,0,1
14344.0,66,20,2993.05,13.013260869565219,140,565,3.044522437723423,8.00438226490693,0,1
14346.0,60,5,2315.75,15.861301369863014,123,437,1.791759469228055,7.747920620466801,0,1
14347.0,676,1,82.60000000000001,13.766666666666667,6,676,0.6931471805599453,4.426043520090656,0,1
14348.0,199,1,409.57,22.753888888888888,18,199,0.6931471805599453,6.017546438106483,0,1
14350.0,213,3,972.03,16.47508474576271,55,369,1.3862943611198906,6.880414914187569,0,1
14351.0,104,1,51.0,51.0,1,104,0.6931471805599453,3.9512437185814275,0,1
14352.0,96,4,1078.96,22.95659574468085,44,212,1.6094379124341003,6.984679282395341,0,1
14353.0,154,3,376.5,15.06,18,371,1.3862943611198906,5.933570568689079,0,1
14355.0,305,3,840.0500000000001,14.000833333333334,57,566,1.3862943611198906,6.734651111237791,0,1
14356.0,19,2,701.23,21.24939393939394,33,20,1.0986122886681098,6.5542609856927125,0,1
14358.0,328,2,400.06,16.0024,21,367,1.0986122886681098,5.994111042048887,0,1
14359.0,27,1,483.39,17.263928571428572,28,27,0.6931471805599453,6.182890367370057,1,0
14360.0,7,3,1907.08,18.8819801980198,95,34,1.3862943611198906,7.553852779850422,1,0
14361.0,518,1,214.71,15.336428571428572,14,518,0.6931471805599453,5.373934913006625,0,1
14363.0,341,2,227.47000000000003,28.433750000000003,8,390,1.0986122886681098,5.431404910686392,0,1
14364.0,48,8,3717.35,53.87463768115942,61,150,2.1972245773362196,8.221035300483413,0,1
14365.0,334,2,634.68,12.44470588235294,50,621,1.0986122886681098,6.454695292066289,0,1
14366.0,464,1,136.0,136.0,1,464,0.6931471805599453,4.919980925828125,0,1
14367.0,15,12,6916.24,16.197283372365337,243,215,2.5649493574615367,8.841772125121684,1,0
14368.0,259,1,155.0,19.375,8,259,0.6931471805599453,5.049856007249537,0,1
14369.0,581,2,469.13,18.04346153846154,24,601,1.0986122886681098,6.153009252203234,0,1
14370.0,390,6,1175.78,26.722272727272728,37,616,1.9459101490553132,7.070537173901474,0,1
14371.0,234,1,100.5,25.125,4,234,0.6931471805599453,4.620058798481842,0,1
14372.0,382,2,860.08,22.633684210526315,36,538,1.0986122886681098,6.758187415326246,0,1
14373.0,297,1,76.55,19.1375,4,297,0.6931471805599453,4.350922889622548,0,1
14374.0,480,1,108.0,15.428571428571429,7,480,0.6931471805599453,4.6913478822291435,0,1
14375.0,124,3,1106.82,5.399121951219512,176,480,1.3862943611198906,7.010149399236361,0,1
14376.0,622,1,215.46,11.97,17,622,0.6931471805599453,5.377405772867,0,1
14377.0,130,2,617.05,56.095454545454544,11,201,1.0986122886681098,6.426569360333832,0,1
14378.0,561,1,131.25,14.583333333333334,9,561,0.6931471805599453,4.8846940707384086,0,1
14379.0,234,3,1028.04,10.384242424242425,75,419,1.3862943611198906,6.93638160777046,1,0
14380.0,621,1,48.96,48.96,1,621,0.6931471805599453,3.911222685257377,0,1
14381.0,390,1,423.26,7.5582142857142856,56,390,0.6931471805599453,6.050346474844204,1,0
14382.0,329,1,578.14,3.778692810457516,137,329,0.6931471805599453,6.3615442445453505,1,0
14383.0,3,2,917.81,21.852619047619047,41,103,1.0986122886681098,6.8230793545171435,1,0
14384.0,440,1,58.5,19.5,3,440,0.6931471805599453,4.085976312551584,0,1
14386.0,236,1,142.4,20.342857142857145,7,236,0.6931471805599453,4.96563792816552,0,1
14387.0,13,2,929.74,11.338292682926829,77,48,1.0986122886681098,6.835979968671472,1,0
14388.0,30,14,5453.13,16.038617647058825,159,628,2.70805020110221,8.604128398838373,1,0
14389.0,4,5,1898.01,21.816206896551723,48,529,1.791759469228055,7.549087976727858,0,1
14390.0,83,8,3098.17,9.773406940063092,166,364,2.1972245773362196,8.038889612688482,1,0
14391.0,516,1,135.6,9.685714285714285,14,516,0.6931471805599453,4.91705694713669,0,1
14392.0,371,1,266.4,19.02857142857143,14,371,0.6931471805599453,5.588745664667843,0,1
14393.0,157,1,67.95,13.59,5,157,0.6931471805599453,4.233381604239311,0,1
14394.0,504,1,93.8,15.633333333333333,6,504,0.6931471805599453,4.551769409260976,0,1
14395.0,18,18,6932.4,10.04695652173913,295,539,2.9444389791664403,8.844105592359687,1,0
14396.0,4,7,1969.38,7.909156626506024,202,676,2.0794415416798357,7.585981696531509,0,1
14397.0,19,11,1089.24,24.755454545454544,16,153,2.4849066497880004,6.994153134472602,1,0
14398.0,340,2,707.79,13.354528301886791,50,467,1.0986122886681098,6.563559290839203,0,1
14399.0,333,8,2108.21,10.980260416666667,119,613,2.1972245773362196,7.654068748779155,0,1
14400.0,88,3,1732.47,23.73246575342466,71,571,1.3862943611198906,7.45788045894706,0,1
14401.0,19,20,6129.3,27.36294642857143,138,664,3.044522437723423,8.72099896737386,1,0
14402.0,591,1,285.6,35.7,8,591,0.6931471805599453,5.6580875153940715,0,1
14403.0,69,6,1880.51,75.2204,20,578,1.9459101490553132,7.539829924927686,0,1
14404.0,48,12,2597.33,15.46029761904762,118,658,2.5649493574615367,7.862624209949307,1,0
14405.0,326,1,195.0,97.5,2,326,0.6931471805599453,5.278114659230517,0,1
14406.0,58,1,156.75,19.59375,8,58,0.6931471805599453,5.061011501421323,0,1
14407.0,46,6,2157.73,29.557945205479452,67,216,1.9459101490553132,7.677275364797242,0,1
14408.0,34,10,3794.05,31.617083333333333,62,672,2.3978952727983707,8.241452864973505,1,0
14409.0,10,9,3427.29,32.95471153846154,76,506,2.302585092994046,8.139816873572414,0,1
14410.0,31,11,2631.9,6.8361038961038965,307,376,2.4849066497880004,7.875841179283995,0,1
14411.0,250,1,1063.0,75.92857142857143,14,250,0.6931471805599453,6.96979066990159,0,1
14412.0,12,2,1118.61,16.211739130434783,60,364,1.0986122886681098,7.020735689362754,1,0
14413.0,301,4,764.52,7.96375,93,628,1.6094379124341003,6.640555341471007,0,1
14414.0,31,8,2399.33,20.333305084745763,99,314,2.1972245773362196,7.783361506883779,0,1
14415.0,0,20,10171.76,9.73374162679426,377,662,3.044522437723423,9.227468838654648,1,0
14417.0,327,1,524.65,4.484188034188034,106,327,0.6931471805599453,6.26463559202184,0,1
14418.0,47,1,150.44,7.917894736842105,17,47,0.6931471805599453,5.020189506901067,1,0
14419.0,0,5,870.03,6.000206896551724,92,322,1.791759469228055,6.769676419428122,1,0
14420.0,38,4,1639.17,17.62548387096774,85,631,1.6094379124341003,7.4025551739826545,0,1
14421.0,151,5,2111.44,25.136190476190478,67,631,1.791759469228055,7.65559895646111,1,0
14422.0,10,16,8326.01,18.42037610619469,276,662,2.833213344056216,9.027259727147792,1,0
14423.0,157,3,916.61,61.10733333333334,12,634,1.3862943611198906,6.8217724637505475,0,1
14425.0,374,3,661.39,16.958717948717947,35,677,1.3862943611198906,6.495854506338738,0,1
14426.0,80,13,10131.85,18.288537906137186,426,584,2.6390573296152584,9.223537900220228,1,0
14427.0,3,3,1221.92,28.416744186046515,43,571,1.3862943611198906,7.108996720628602,1,0
14428.0,18,3,534.12,13.027317073170732,35,264,1.3862943611198906,6.282491020810153,1,0
14429.0,343,1,516.28,23.467272727272725,22,343,0.6931471805599453,6.248584313977123,0,1
14430.0,451,3,1220.9,34.88285714285715,29,546,1.3862943611198906,7.108162303322477,0,1
14431.0,242,4,2614.2,32.27407407407407,72,627,1.6094379124341003,7.869095855410001,0,1
14432.0,7,2,555.9,4.876315789473684,91,28,1.0986122886681098,6.322385690595623,1,0
14433.0,405,1,280.7,3.7932432432432432,72,405,0.6931471805599453,5.640842674882327,0,1
14434.0,4,2,410.4,102.6,3,11,1.0986122886681098,6.019565977218857,1,0
14435.0,441,1,90.42,30.14,3,441,0.6931471805599453,4.515464272903598,0,1
14436.0,38,2,271.7,24.7,11,493,1.0986122886681098,5.608372289851543,0,1
14437.0,305,5,873.34,20.793809523809525,34,523,1.791759469228055,6.773469316026729,0,1
14438.0,245,1,131.9,14.655555555555557,9,245,0.6931471805599453,4.8895969657192,0,1
14439.0,259,5,9443.04,73.20186046511628,105,626,1.791759469228055,9.15313913368987,0,1
14440.0,12,11,5183.08,45.07026086956522,61,677,2.4849066497880004,8.553347670011803,1,0
14441.0,34,9,3596.2,28.54126984126984,83,630,2.302585092994046,8.18791104404036,1,0
14442.0,144,7,5367.02,29.327978142076507,128,629,2.0794415416798357,8.588214404426992,0,1
14443.0,78,4,1654.29,15.755142857142857,93,318,1.6094379124341003,7.411731499046881,1,0
14444.0,395,1,120.44,10.94909090909091,11,395,0.6931471805599453,4.79942031364732,0,1
14445.0,395,1,221.65,6.9265625,32,395,0.6931471805599453,5.405601031767711,0,1
14446.0,20,3,864.49,3.9655504587155965,191,326,1.3862943611198906,6.763295820534496,1,0
14447.0,135,3,1149.53,15.327066666666667,63,339,1.3862943611198906,7.047977984754754,1,0
14448.0,303,1,102.35000000000001,5.686111111111112,18,303,0.6931471805599453,4.638121286127777,1,0
14449.0,3,7,2043.6299999999999,4.67649885583524,278,375,2.0794415416798357,7.6229721230119045,1,0
14450.0,120,7,1128.44,14.847894736842106,47,550,2.0794415416798357,7.029477213647162,0,1
14451.0,134,11,2974.78,6.481002178649238,218,631,2.4849066497880004,7.998261468489233,1,0
14452.0,33,3,527.27,5.325959595959596,86,460,1.3862943611198906,6.2696075166407965,1,0
14453.0,129,1,119.93,5.451363636363637,22,129,0.6931471805599453,4.795211865797184,0,1
14454.0,315,5,977.3000000000001,8.884545454545455,93,672,1.791759469228055,6.885816371463383,0,1
14455.0,371,4,617.72,8.022337662337662,65,434,1.6094379124341003,6.427652827858987,0,1
14456.0,12,5,1820.82,3.1888266199649737,438,81,1.791759469228055,7.507591280403925,1,0
14457.0,250,1,113.64,28.41,4,250,0.6931471805599453,4.741796783519916,0,1
14458.0,320,1,228.07,4.852553191489362,46,320,0.6931471805599453,5.434027633700484,0,1
14459.0,94,2,5375.741,47.57292920353982,113,590,1.0986122886681098,8.589837707526067,0,1
14460.0,49,9,1093.5,26.035714285714285,33,663,2.302585092994046,6.9980529169629175,0,1
14461.0,87,13,6676.91,10.498286163522012,515,630,2.6390573296152584,8.806560343323834,0,1
14462.0,5,12,2242.81,7.98153024911032,182,371,2.5649493574615367,7.7159305928261315,0,1
14463.0,37,4,786.5699999999999,98.32124999999999,7,439,1.6094379124341003,6.668952255638294,0,1
14464.0,507,2,111.0,27.75,4,566,1.0986122886681098,4.718498871295094,0,1
14465.0,186,11,3925.85,20.34119170984456,128,640,2.4849066497880004,8.27559285675146,0,1
14466.0,13,12,3780.4,19.689583333333335,77,665,2.5649493574615367,8.237849590413829,1,0
14467.0,252,9,1738.68,7.592489082969433,120,677,2.302585092994046,7.461456467249439,1,0
14468.0,673,1,204.24,17.02,12,673,0.6931471805599453,5.324180026073764,0,1
14469.0,355,4,2093.46,14.437655172413793,120,619,1.6094379124341003,7.64705104256806,0,1
14470.0,227,2,548.49,10.547884615384616,48,370,1.0986122886681098,6.308990575315937,1,0
14471.0,530,2,400.95,9.779268292682927,38,672,1.0986122886681098,5.99632770277397,0,1
14472.0,43,9,2118.72,6.856699029126213,173,628,2.302585092994046,7.6590392834716265,0,1
14473.0,13,2,234.34,33.47714285714286,7,221,1.0986122886681098,5.461031277035783,0,1
14474.0,519,1,711.23,7.257448979591837,97,519,0.6931471805599453,6.568400892955687,1,0
14475.0,11,4,1151.15,23.98229166666667,40,348,1.6094379124341003,7.0493850411128,0,1
14476.0,196,1,193.0,11.352941176470589,17,196,0.6931471805599453,5.267858159063328,0,1
14477.0,123,5,1183.0,169.0,5,643,1.791759469228055,7.076653815443951,1,0
14478.0,321,4,1276.66,18.774411764705885,59,677,1.6094379124341003,7.152785558853802,0,1
14479.0,193,4,1124.71,8.091438848920864,127,672,1.6094379124341003,7.026169226682765,0,1
14480.0,342,3,1020.47,19.624423076923076,43,657,1.3862943611198906,6.928998045250788,1,0
14481.0,104,5,2284.69,15.231266666666667,114,617,1.791759469228055,7.73442322711016,0,1
14482.0,38,8,2749.86,21.48328125,101,409,2.1972245773362196,7.919668869044363,1,0
14483.0,221,2,257.1,19.77692307692308,13,676,1.0986122886681098,5.553347106724568,0,1
14484.0,340,3,749.0600000000001,19.206666666666667,37,662,1.3862943611198906,6.620153203330527,1,0
14486.0,451,2,175.5,29.25,4,493,1.0986122886681098,5.173320876373351,0,1
14487.0,22,5,917.4,7.908620689655172,98,318,1.791759469228055,6.822633025565302,1,0
14488.0,7,1,1064.28,23.136521739130433,46,7,0.6931471805599453,6.97099295438666,0,1
14489.0,146,4,1574.93,15.7493,65,552,1.6094379124341003,7.362600853187739,0,1
14490.0,345,2,1273.47,15.918375000000001,72,368,1.0986122886681098,7.150285684896527,0,1
14491.0,114,2,340.93,20.05470588235294,17,312,1.0986122886681098,5.834606037750557,0,1
14492.0,369,7,1921.91,20.890326086956524,70,558,2.0794415416798357,7.561594942621463,0,1
14493.0,94,6,3315.84,12.56,228,581,1.9459101490553132,8.106767801425487,1,0
14494.0,340,2,261.9,26.189999999999998,10,670,1.0986122886681098,5.571773731735836,1,0
14495.0,60,2,91.6,30.53333333333333,3,599,1.0986122886681098,4.528289141652134,1,0
14496.0,251,7,2363.89,22.300849056603774,64,572,2.0794415416798357,7.768486788216427,0,1
14497.0,248,2,697.0600000000001,17.4265,40,613,1.0986122886681098,6.54830505895342,0,1
14498.0,55,9,3225.3,10.933220338983052,231,489,2.302585092994046,8.079091248781776,1,0
14499.0,73,6,1661.16,8.024927536231884,141,409,1.9459101490553132,7.415873240336531,1,0
14500.0,27,3,356.85,50.978571428571435,6,129,1.3862943611198906,5.880113904184607,0,1
14501.0,123,2,251.21,25.121000000000002,9,259,1.0986122886681098,5.530262073815315,0,1
14502.0,7,8,1627.86,3.9898529411764705,275,252,2.1972245773362196,7.395635662612907,1,0
14503.0,9,2,1284.45,15.111176470588235,81,118,1.0986122886681098,7.158864130578049,1,0
14504.0,182,3,542.71,5.653229166666667,81,217,1.3862943611198906,6.298416016478597,1,0
14505.0,48,17,10242.39,7.842565084226646,777,669,2.8903717578961645,9.234387898494488,1,0
14506.0,5,6,2484.28,7.528121212121213,227,539,1.9459101490553132,7.818140608239597,1,0
14507.0,40,9,2773.55,11.367008196721311,180,668,2.302585092994046,7.928243850868668,1,0
14508.0,29,4,692.43,4.742671232876712,119,479,1.6094379124341003,6.541650297385683,1,0
14509.0,473,1,110.95,4.438,25,473,0.6931471805599453,4.718052343044764,0,1
14510.0,315,3,979.85,13.064666666666668,67,375,1.3862943611198906,6.888419542675394,0,1
14511.0,5,3,648.33,20.2603125,27,73,1.3862943611198906,6.4759410620509685,1,0
14512.0,127,7,1215.97,15.392025316455696,55,671,2.0794415416798357,7.104119441903084,0,1
14513.0,40,6,788.01,41.47421052631579,15,507,1.9459101490553132,6.670778995036786,0,1
14514.0,0,9,4380.04,13.730532915360502,212,665,2.302585092994046,8.385041418107757,0,1
14515.0,6,9,2971.04,21.686423357664232,91,490,2.302585092994046,7.997003864697281,1,0
14516.0,455,1,151.17,4.3191428571428565,35,455,0.6931471805599453,5.024998316932023,0,1
14517.0,81,1,252.45,18.032142857142855,14,81,0.6931471805599453,5.535166564918359,1,0
14518.0,3,1,174.37,10.898125,16,3,0.6931471805599453,5.166898027681201,0,1
14519.0,623,2,203.14,5.34578947368421,38,668,1.0986122886681098,5.318806032975353,0,1
14520.0,230,1,165.0,165.0,1,230,0.6931471805599453,5.111987788356544,1,0
14521.0,430,1,199.45000000000002,11.732352941176472,17,430,0.6931471805599453,5.300564839088516,0,1
14522.0,11,7,1605.38,36.4859090909091,34,623,2.0794415416798357,7.381738479220703,1,0
14523.0,47,1,241.09,20.090833333333332,12,47,0.6931471805599453,5.489309557845162,0,1
14524.0,11,12,2797.96,8.743625,250,356,2.5649493574615367,7.93700319859519,1,0
14525.0,39,15,6630.93,15.20855504587156,289,665,2.772588722239781,8.799651141874024,1,0
14526.0,328,1,258.65,6.308536585365853,41,328,0.6931471805599453,5.559334570290328,0,1
14527.0,4,111,24743.16,10.396285714285714,579,677,4.718498871295094,10.116344780558032,1,0
14529.0,16,2,338.14,2.70512,113,49,1.0986122886681098,5.826413001478981,1,0
14530.0,32,15,5709.08,12.800627802690583,250,627,2.772588722239781,8.64998831305979,1,0
14531.0,419,1,376.34,12.977241379310344,29,419,0.6931471805599453,5.933146637783467,0,1
14532.0,175,11,3845.78,12.247707006369428,209,638,2.4849066497880004,8.254991713698265,0,1
14533.0,3,9,3290.31,39.642289156626504,70,550,2.302585092994046,8.099040940800068,1,0
14534.0,5,23,5527.62,8.413424657534247,420,573,3.1780538303479458,8.617693515453682,1,0
14535.0,66,8,4771.2,6.934883720930232,495,592,2.1972245773362196,8.470562693487924,1,0
14536.0,199,1,170.95,9.497222222222222,18,199,0.6931471805599453,5.147203736878275,0,1
14537.0,562,1,285.84,21.987692307692306,13,562,0.6931471805599453,5.658924569014374,1,0
14538.0,4,5,1370.8400000000001,26.362307692307695,45,622,1.791759469228055,7.223908183409613,0,1
14540.0,15,10,3394.91,13.634176706827308,190,671,2.3978952727983707,8.130327045313276,1,0
14541.0,108,13,2345.38,13.63593023255814,99,641,2.6390573296152584,7.76062899393104,1,0
14542.0,125,1,103.25,20.65,5,125,0.6931471805599453,4.646791860678911,0,1
14543.0,13,37,14259.29,69.21985436893205,102,677,3.6375861597263857,9.565234030367392,1,0
14544.0,301,2,2036.0,15.661538461538461,111,409,1.0986122886681098,7.619233416226805,1,0
14545.0,613,1,349.25,15.184782608695652,23,613,0.6931471805599453,5.858647185217117,0,1
14546.0,16,9,4213.01,6.364063444108762,379,672,2.302585092994046,8.34616996740356,1,0
14548.0,90,9,2541.29,23.102636363636364,66,672,2.302585092994046,7.840820528641282,0,1
14549.0,250,4,913.6,6.388811188811189,117,676,1.6094379124341003,6.818486811223955,0,1
14550.0,327,2,587.69,11.753800000000002,46,423,1.0986122886681098,6.377899729309341,1,0
14551.0,143,6,817.29,10.753815789473684,68,621,1.9459101490553132,6.70721679700162,1,0
14552.0,91,3,507.93,3.298246753246753,124,531,1.3862943611198906,6.232310482535197,0,1
14553.0,158,6,1271.65,5.942289719626169,169,449,1.9459101490553132,7.148856619670124,1,0
14555.0,241,5,2177.83,19.444910714285715,93,661,1.791759469228055,7.686543314461908,1,0
14556.0,535,3,815.69,4.161683673469388,158,628,1.3862943611198906,6.705259585891079,0,1
14557.0,24,1,788.38,49.27375,16,24,0.6931471805599453,6.671247827209794,0,1
14558.0,593,3,655.5,43.7,13,671,1.3862943611198906,6.486922693742851,0,1
14559.0,329,1,75.6,37.8,2,329,0.6931471805599453,4.338597076746545,0,1
14560.0,3,38,5706.08,31.011304347826087,59,677,3.6635616461296463,8.649462788311247,1,0
14561.0,15,3,1080.76,15.6631884057971,67,123,1.3862943611198906,6.986344623342368,0,1
14562.0,17,18,4630.6,10.869953051643193,208,609,2.9444389791664403,8.440657659738118,1,0
14563.0,449,2,640.54,6.042830188679245,95,531,1.0986122886681098,6.463871535969915,0,1
14564.0,374,2,2605.62,24.35158878504673,107,675,1.0986122886681098,7.86580964189769,0,1
14565.0,35,5,3859.2200000000003,24.120125,139,413,1.791759469228055,8.258479455653386,0,1
14566.0,50,4,4092.0,255.75,9,473,1.6094379124341003,8.317033476492403,0,1
14567.0,69,1,800.76,61.596923076923076,13,69,0.6931471805599453,6.686809311211414,1,0
14568.0,374,1,919.7,19.56808510638298,47,374,0.6931471805599453,6.8251342502938,0,1
14569.0,392,3,369.94,16.815454545454546,21,543,1.3862943611198906,5.916040324461141,1,0
14570.0,220,3,613.75,9.025735294117647,64,382,1.3862943611198906,6.421215681096302,0,1
14571.0,364,1,160.0,5.333333333333333,30,364,0.6931471805599453,5.081404364984463,0,1
14572.0,49,9,4785.58,10.587566371681415,304,560,2.302585092994046,8.47357144792061,1,0
14573.0,119,13,2163.12,6.977806451612903,183,639,2.6390573296152584,7.679769091293983,0,1
14574.0,672,1,143.70000000000002,13.063636363636364,11,672,0.6931471805599453,4.974662633637438,0,1
14575.0,427,1,420.22,5.836388888888889,71,427,0.6931471805599453,6.043155262513337,0,1
14576.0,311,1,35.400000000000006,35.400000000000006,1,311,0.6931471805599453,3.594568774642695,0,1
14577.0,103,6,1151.08,7.725369127516778,95,668,1.9459101490553132,7.049324283289127,1,0
14579.0,371,1,105.56,4.2224,24,371,0.6931471805599453,4.668708206792079,0,1
14580.0,457,1,14.85,14.85,1,457,0.6931471805599453,2.7631695003232895,0,1
14581.0,483,1,271.05,6.303488372093024,43,483,0.6931471805599453,5.605985872931934,1,0
14583.0,83,7,1415.05,3.7734666666666667,292,560,2.0794415416798357,7.255626584364719,1,0
14584.0,108,8,1738.16,7.973211009174312,127,599,2.1972245773362196,7.461157517022425,0,1
14585.0,322,4,986.22,12.027073170731708,64,356,1.6094379124341003,6.894892912265193,1,0
14586.0,216,1,237.35999999999999,12.492631578947368,19,216,0.6931471805599453,5.473782135878778,0,1
14587.0,123,8,1452.68,4.138689458689459,166,270,2.1972245773362196,7.281853551340801,1,0
14588.0,517,1,135.39,8.461875,16,517,0.6931471805599453,4.915518428938784,0,1
14589.0,311,1,39.75,13.25,3,311,0.6931471805599453,3.7074558396868715,0,1
14590.0,364,20,2993.37,14.818663366336633,124,671,3.044522437723423,8.004489137838455,0,1
14591.0,152,1,204.02,5.514054054054054,33,152,0.6931471805599453,5.3231075353552555,1,0
14592.0,3,1,262.71,3.5501351351351347,73,3,0.6931471805599453,5.57485001452115,1,0
14593.0,138,11,3387.97,6.465591603053435,369,669,2.4849066497880004,8.12828131939909,1,0
14594.0,312,1,255.0,8.225806451612904,31,312,0.6931471805599453,5.545177444479562,1,0
14595.0,1,5,865.63,15.457678571428572,46,627,1.791759469228055,6.764612126754161,1,0
14596.0,566,1,222.22,4.192830188679245,50,566,0.6931471805599453,5.408157832227569,0,1
14597.0,131,5,1483.49,29.088039215686276,44,376,1.791759469228055,7.302826557906286,1,0
14598.0,508,1,162.07,4.05175,40,508,0.6931471805599453,5.094179556473186,1,0
14599.0,329,2,457.89,5.796075949367088,77,448,1.0986122886681098,6.128810529923434,0,1
14600.0,245,2,865.17,16.021666666666665,53,332,1.0986122886681098,6.764081194147044,0,1
14602.0,595,1,205.35999999999999,6.624516129032258,31,595,0.6931471805599453,5.329622216376449,0,1
14603.0,214,1,660.0,330.0,2,214,0.6931471805599453,6.493753839851686,0,1
14604.0,572,1,143.85999999999999,6.254782608695652,20,572,0.6931471805599453,4.97576775876718,0,1
14605.0,313,4,921.5600000000001,8.532962962962964,88,670,1.6094379124341003,6.827152414450038,0,1
14606.0,0,177,28039.34,4.767784390409794,1225,676,5.181783550292085,10.241399466609963,1,0
14607.0,200,9,8048.63,64.38904,76,664,2.302585092994046,8.99338140662337,1,0
14608.0,25,9,2358.74,76.08838709677418,15,673,2.302585092994046,7.766306722459026,1,0
14609.0,11,10,1486.2,114.32307692307693,6,608,2.3978952727983707,7.304650436407234,0,1
14610.0,335,2,24.35,2.435,10,453,1.0986122886681098,3.232778730037192,0,1
14611.0,383,2,604.33,15.90342105263158,37,538,1.0986122886681098,6.405773763870038,0,1
14612.0,354,1,877.7,62.69285714285714,14,354,0.6931471805599453,6.7784435425017975,0,1
14613.0,619,1,76.32000000000001,76.32000000000001,1,619,0.6931471805599453,4.34795265434013,0,1
14614.0,325,1,295.13,15.533157894736842,19,325,0.6931471805599453,5.690798547097907,0,1
14615.0,333,5,951.76,19.828333333333333,40,487,1.791759469228055,6.859363035631714,0,1
14616.0,182,5,527.78,105.556,3,488,1.791759469228055,6.270572466339624,0,1
14617.0,342,2,190.47,21.163333333333334,7,355,1.0986122886681098,5.254731138385114,0,1
14618.0,277,5,1000.6800000000001,25.017000000000003,35,486,1.791759469228055,6.909433869360693,1,0
14619.0,185,2,1291.24,21.520666666666667,58,480,1.0986122886681098,7.164132425605502,0,1
14620.0,145,2,412.78000000000003,15.876153846153848,26,223,1.0986122886681098,6.0253344316155975,0,1
14621.0,96,7,2215.12,19.430877192982454,100,623,2.0794415416798357,7.703513198025576,1,0
14622.0,124,1,320.58000000000004,15.265714285714287,21,124,0.6931471805599453,5.773246346316266,0,1
14623.0,55,8,1736.44,6.836377952755906,175,541,2.1972245773362196,7.46016804446859,1,0
14624.0,354,4,588.22,15.479473684210527,30,544,1.6094379124341003,6.3787996283436765,1,0
14625.0,135,11,4497.88,16.90932330827068,167,662,2.4849066497880004,8.411583755891543,0,1
14626.0,4,10,4801.85,23.423658536585368,155,668,2.3978952727983707,8.476964770696194,1,0
14627.0,318,1,462.75,15.956896551724139,29,318,0.6931471805599453,6.139345613921645,0,1
14628.0,30,5,1998.0,23.232558139534884,65,622,1.791759469228055,7.6004023345004,0,1
14630.0,423,1,338.65,16.126190476190477,21,423,0.6931471805599453,5.8279156756373105,0,1
14631.0,174,5,1648.79,21.983866666666668,55,426,1.791759469228055,7.408403286067493,1,0
14632.0,202,1,114.56,14.32,8,202,0.6931471805599453,4.749789875598035,0,1
14633.0,205,1,344.90000000000003,17.245,20,205,0.6931471805599453,5.846149715943123,0,1
14634.0,377,4,2124.46,19.49045871559633,105,481,1.6094379124341003,7.661743528520375,0,1
14635.0,393,1,215.22,14.348,15,393,0.6931471805599453,5.376296407864626,0,1
14636.0,208,1,300.19,18.761875,16,208,0.6931471805599453,5.70774129484338,1,0
14637.0,616,1,106.68,15.24,7,616,0.6931471805599453,4.679163865896418,0,1
14639.0,59,7,3983.7000000000003,16.951914893617023,166,601,2.0794415416798357,8.290217306081804,1,0
14640.0,67,8,3025.34,17.69204678362573,142,625,2.1972245773362196,8.015109247587002,1,0
14643.0,109,5,1679.89,27.095000000000002,57,668,1.791759469228055,7.4270786940277675,0,1
14644.0,7,7,2247.72,36.25354838709677,50,675,2.0794415416798357,7.718116444430896,0,1
14645.0,96,3,876.89,18.268541666666668,45,574,1.3862943611198906,6.777521301048287,0,1
14646.0,4,127,452344.69,134.90745302713987,863,676,4.852030263919617,13.022201967388158,1,0
14647.0,140,2,506.04,10.5425,42,462,1.0986122886681098,6.22858989594261,0,1
14648.0,355,15,4466.65,10.363457076566124,286,668,2.772588722239781,8.404617822295334,0,1
14649.0,11,8,3143.78,7.064674157303371,333,627,2.1972245773362196,8.053499214382517,1,0
14650.0,528,1,62.5,15.625,4,528,0.6931471805599453,4.151039905898646,0,1
14651.0,6,9,2025.52,7.157314487632509,216,571,2.302585092994046,7.61407531525233,0,1
14652.0,16,1,114.18,3.937241379310345,29,16,0.6931471805599453,4.7464961220785264,0,1
14653.0,6,7,2361.31,10.091068376068376,204,677,2.0794415416798357,7.7673952328533495,1,0
14654.0,677,1,246.86,9.142962962962963,27,677,0.6931471805599453,5.512864070636728,0,1
14655.0,10,5,3157.45,38.98086419753086,63,535,1.791759469228055,8.057836679914262,1,0
14656.0,108,5,790.0,3.816425120772947,148,543,1.791759469228055,6.673297967767654,0,1
14657.0,94,5,1240.91,7.050625,132,374,1.791759469228055,7.1244057960996825,1,0
14658.0,56,1,123.14,8.795714285714286,14,56,0.6931471805599453,4.821409960985506,1,0
14659.0,18,7,2067.98,10.237524752475247,135,255,2.0794415416798357,7.634811011193264,1,0
14660.0,26,2,285.74,9.524666666666667,24,40,1.0986122886681098,5.6585758818181215,0,1
14662.0,174,6,1147.34,6.829404761904762,139,675,1.9459101490553132,7.046072700278037,1,0
14663.0,369,2,490.6,7.214705882352941,60,369,1.0986122886681098,6.19766537769188,0,1
14665.0,0,7,2749.65,20.83068181818182,94,532,2.0794415416798357,7.919592526367497,0,1
14667.0,13,48,18296.1,15.868256721595836,521,677,3.8918202981106265,9.814497856326469,1,0
14668.0,384,1,111.63,9.3025,10,384,0.6931471805599453,4.724108110059605,0,1
14669.0,181,7,3216.78,8.312093023255814,334,676,2.0794415416798357,8.07644695977093,0,1
14670.0,219,3,583.33,3.2588268156424585,159,671,1.3862943611198906,6.370465891730294,0,1
14671.0,488,2,1127.45,20.49909090909091,48,507,1.0986122886681098,7.02860028867434,0,1
14672.0,174,4,1113.14,10.501320754716982,93,620,1.6094379124341003,7.015838085840559,0,1
14673.0,307,3,1674.41,18.81359550561798,65,349,1.3862943611198906,7.423813190425784,1,0
14674.0,448,1,173.66,12.404285714285715,14,448,0.6931471805599453,5.162841226985587,0,1
14675.0,328,1,419.21999999999997,3.380806451612903,114,328,0.6931471805599453,6.040778383660903,1,0
14676.0,18,11,7979.51,62.339921875,77,579,2.4849066497880004,8.984757598176149,1,0
14677.0,532,1,184.91,13.207857142857142,14,532,0.6931471805599453,5.225262685642126,0,1
14678.0,518,1,403.39,16.807916666666667,24,518,0.6931471805599453,6.0023797588484875,0,1
14679.0,321,3,1289.44,20.467301587301588,49,670,1.3862943611198906,7.1627385244706785,0,1
14680.0,11,57,54520.9,43.03149171270719,221,675,4.060443010546419,10.906357734799714,1,0
14681.0,10,6,875.1500000000001,43.75750000000001,19,593,1.9459101490553132,6.775537309154428,0,1
14682.0,127,6,1514.81,17.61406976744186,79,611,1.9459101490553132,7.323705228532576,0,1
14683.0,527,1,146.56,6.979047619047619,21,527,0.6931471805599453,4.994234872728475,0,1
14684.0,21,4,851.29,2.818841059602649,211,329,1.6094379124341003,6.747926844501541,1,0
14685.0,515,8,4536.64,24.26010695187166,109,666,2.1972245773362196,8.420162332091621,0,1
14686.0,353,5,852.53,3.8928310502283106,185,598,1.791759469228055,6.749380691001656,0,1
14687.0,46,3,1402.06,35.0515,34,491,1.3862943611198906,7.246410844690537,0,1
14688.0,10,24,6032.5,14.094626168224298,165,396,3.2188758248682006,8.705082552513655,1,0
14689.0,148,1,112.80000000000001,8.676923076923078,13,148,0.6931471805599453,4.73444252169223,0,1
14690.0,91,3,635.19,7.652891566265061,65,350,1.3862943611198906,6.45549726086394,1,0
14691.0,10,4,1769.0700000000002,28.533387096774195,50,152,1.6094379124341003,7.478774372808472,1,0
14692.0,76,12,1715.14,10.787044025157233,101,556,2.5649493574615367,7.4478328618016105,0,1
14693.0,204,7,1165.3600000000001,15.538133333333334,43,465,2.0794415416798357,7.061643067113544,0,1
14694.0,556,1,244.31,16.287333333333333,15,556,0.6931471805599453,5.5025227168419955,0,1
14695.0,458,3,1534.22,18.71,76,672,1.3862943611198906,7.336428972227183,0,1
14696.0,10,7,2172.7400000000002,16.2144776119403,122,361,2.0794415416798357,7.684204465312885,1,0
14697.0,157,2,188.61,8.57318181818182,22,157,1.0986122886681098,5.2449693310461125,0,1
14699.0,153,4,702.6,14.052,45,465,1.6094379124341003,6.556210012863403,0,1
14700.0,129,4,2422.06,18.489007633587786,88,425,1.6094379124341003,7.792786483200814,1,0
14701.0,112,13,3902.4500000000003,7.773804780876494,377,624,2.6390573296152584,8.26961605646076,1,0
14702.0,3,23,5114.55,9.524301675977654,282,668,3.1780538303479458,8.540040199486846,1,0
14704.0,20,5,631.78,3.828969696969697,122,563,1.791759469228055,6.450122810391399,1,0
14705.0,138,1,179.0,179.0,1,138,0.6931471805599453,5.19295685089021,0,1
14706.0,558,1,367.54,14.701600000000001,25,558,0.6931471805599453,5.9095492539067145,0,1
14707.0,375,2,139.2,69.6,1,516,1.0986122886681098,4.94306997460049,0,1
14708.0,93,4,1368.03,50.66777777777778,14,395,1.6094379124341003,7.221857738854043,1,0
14709.0,10,22,8229.33,24.937363636363635,101,673,3.1354942159291497,9.01558139007259,1,0
14710.0,318,9,1300.31,4.392939189189189,203,675,2.302585092994046,7.1711267283762545,1,0
14711.0,30,9,2355.63,8.692361623616236,177,201,2.302585092994046,7.764987911402744,1,0
14712.0,14,3,832.47,30.832222222222224,24,357,1.3862943611198906,6.7255977087416525,1,0
14713.0,38,19,4483.17,7.337430441898527,208,675,2.995732273553991,8.408308696051442,1,0
14714.0,346,3,746.05,8.988554216867469,59,627,1.3862943611198906,6.616132117297094,1,0
14715.0,34,7,1552.82,13.502782608695652,87,629,2.0794415416798357,7.348471694102937,1,0
14716.0,88,2,417.49,6.231194029850746,61,384,1.0986122886681098,6.036652994781439,1,0
14717.0,672,1,81.3,7.390909090909091,11,672,0.6931471805599453,4.410371107683024,0,1
14718.0,349,1,226.42,20.583636363636362,11,349,0.6931471805599453,5.426798528196577,0,1
14719.0,0,3,788.0,5.96969696969697,117,188,1.3862943611198906,6.670766320845874,1,0
14720.0,28,2,401.13,18.23318181818182,22,66,1.0986122886681098,5.996775419426559,1,0
14721.0,318,1,109.07,4.3628,24,318,0.6931471805599453,4.701116527035301,0,1
14722.0,86,3,489.52,5.626666666666666,72,425,1.3862943611198906,6.195466052893825,0,1
14723.0,297,8,1136.35,4.715145228215767,180,675,2.1972245773362196,7.036456273997871,1,0
14724.0,529,1,341.9,8.339024390243901,40,529,0.6931471805599453,5.837438859468874,0,1
14725.0,334,3,597.16,11.267169811320754,41,474,1.3862943611198906,6.39385827669166,1,0
14726.0,594,1,116.5,7.766666666666667,15,594,0.6931471805599453,4.7664383335842135,0,1
14727.0,213,3,463.73,10.08108695652174,43,485,1.3862943611198906,6.1414565917863815,0,1
14728.0,352,1,190.58,13.612857142857143,14,352,0.6931471805599453,5.255305475954746,0,1
14729.0,313,3,586.24,4.441212121212121,126,564,1.3862943611198906,6.37543359487126,0,1
14730.0,4,7,1669.38,4.194422110552764,277,216,2.0794415416798357,7.420806424436564,1,0
14731.0,145,2,251.01999999999998,8.367333333333333,23,151,1.0986122886681098,5.529508449441547,1,0
14732.0,27,17,4741.77,19.51345679012346,146,670,2.8903717578961645,8.464376632186497,1,0
14733.0,50,14,13793.44,44.929771986970685,137,341,2.70805020110221,9.532020891409143,1,0
14734.0,365,4,1056.42,16.76857142857143,48,490,1.6094379124341003,6.963587257940615,0,1
14735.0,21,50,10521.720000000001,32.77794392523365,184,675,3.9318256327243257,9.261292008005162,1,0
14736.0,424,2,374.05,4.250568181818182,70,424,1.0986122886681098,5.927059350415646,0,1
14737.0,68,3,3471.37,80.72953488372093,28,340,1.3862943611198906,8.152592636922677,1,0
14738.0,3,8,1591.91,22.74157142857143,50,672,2.1972245773362196,7.3733178111388815,1,0
14739.0,5,23,10528.7,46.17850877192983,125,676,3.1780538303479458,9.261955114693682,1,0
14740.0,136,11,4161.06,18.013246753246754,173,592,2.4849066497880004,8.333765422995752,0,1
14741.0,52,5,1177.71,22.220943396226417,38,357,1.791759469228055,7.072175899119501,1,0
14742.0,374,1,579.85,17.054411764705883,34,374,0.6931471805599453,6.364492547959484,0,1
14743.0,532,1,50.480000000000004,16.826666666666668,3,532,0.6931471805599453,3.941193382727926,0,1
14744.0,237,12,3488.13,32.00119266055046,53,509,2.5649493574615367,8.157407700452513,1,0
14745.0,52,12,2551.41,18.22435714285714,74,577,2.5649493574615367,7.844793289867726,0,1
14746.0,345,4,593.5,65.94444444444444,7,363,1.6094379124341003,6.387720716130836,0,1
14747.0,188,1,328.2,18.233333333333334,18,188,0.6931471805599453,5.796665468802915,0,1
14748.0,63,9,2384.92,16.447724137931036,118,584,2.302585092994046,7.777340073177062,1,0
14749.0,419,1,310.15,17.230555555555554,18,419,0.6931471805599453,5.740275111015227,0,1
14750.0,675,1,112.03,3.5009375,32,675,0.6931471805599453,4.72765327020264,0,1
14751.0,623,2,126.45,18.064285714285713,7,665,1.0986122886681098,4.847724130822124,0,1
14753.0,26,2,869.51,18.114791666666665,45,400,1.0986122886681098,6.769079246793036,0,1
14754.0,235,5,1138.15,10.346818181818183,90,630,1.791759469228055,7.03803764924506,1,0
14755.0,13,22,8134.25,20.084567901234568,206,675,3.1354942159291497,9.003961750588436,1,0
14756.0,322,2,1914.8,23.639506172839507,68,364,1.0986122886681098,7.557890568948792,1,0
14757.0,14,1,420.5,22.13157894736842,19,14,0.6931471805599453,6.04381977744191,0,1
14758.0,84,7,2864.9700000000003,21.06595588235294,91,550,2.0794415416798357,7.9606621407827385,0,1
14759.0,52,2,870.85,16.747115384615384,47,172,1.0986122886681098,6.770617390763503,1,0
14760.0,236,1,89.2,17.84,5,236,0.6931471805599453,4.502029427068578,0,1
14761.0,274,2,289.52000000000004,14.476000000000003,20,383,1.0986122886681098,5.671672420737967,1,0
14762.0,203,2,417.57,13.919,28,565,1.0986122886681098,6.036844139980692,0,1
14765.0,51,2,95.5,11.9375,8,115,1.0986122886681098,4.56954300834494,1,0
14766.0,20,10,5953.21,19.019840255591056,236,491,2.3978952727983707,8.691853811360184,1,0
14767.0,413,1,382.81,21.267222222222223,18,413,0.6931471805599453,5.950147638471271,0,1
14768.0,66,1,133.20000000000002,33.300000000000004,4,66,0.6931471805599453,4.8993312245375815,1,0
14769.0,21,16,15172.14,11.04231441048035,831,663,2.833213344056216,9.627282038398906,1,0
14770.0,171,8,3637.6400000000003,18.46517766497462,152,591,2.1972245773362196,8.199365264441436,0,1
14771.0,560,2,594.62,12.651489361702128,46,676,1.0986122886681098,6.3896028798296856,0,1
14772.0,51,1,139.26,15.473333333333333,9,51,0.6931471805599453,4.943497843108764,0,1
14773.0,532,1,140.55,14.055000000000001,10,532,0.6931471805599453,4.952653011557909,0,1
14774.0,468,1,241.45000000000002,18.573076923076925,13,468,0.6931471805599453,5.490795503551361,0,1
14775.0,77,2,701.46,17.5365,39,311,1.0986122886681098,6.554588460085006,1,0
14776.0,44,12,3032.22,19.313503184713376,68,385,2.5649493574615367,8.017380040501468,1,0
14777.0,343,1,307.56,19.2225,16,343,0.6931471805599453,5.731916313899973,0,1
14778.0,66,2,730.86,20.881714285714285,34,248,1.0986122886681098,6.595589238838791,0,1
14779.0,220,3,386.15,9.418292682926829,40,263,1.3862943611198906,5.958812214832733,0,1
14780.0,18,1,332.8,17.51578947368421,19,18,0.6931471805599453,5.810542011227735,1,0
14782.0,259,1,200.10000000000002,33.35,6,259,0.6931471805599453,5.303802296778606,0,1
14783.0,598,1,307.3,18.076470588235296,17,598,0.6931471805599453,5.731073334892105,0,1
14784.0,263,2,274.62,17.16375,14,329,1.0986122886681098,5.619023105446999,1,0
14786.0,489,1,90.96,12.994285714285713,7,489,0.6931471805599453,4.521353699894981,0,1
14787.0,410,1,110.65,7.376666666666667,14,410,0.6931471805599453,4.7153689782861665,0,1
14788.0,535,1,476.88,17.03142857142857,28,535,0.6931471805599453,6.169359654949023,1,0
14790.0,59,8,2145.6,16.89448818897638,62,667,2.1972245773362196,7.6716404740474236,1,0
14791.0,546,1,303.63,15.980526315789474,19,546,0.6931471805599453,5.719097925433975,0,1
14792.0,3,1,6.2,3.1,2,3,0.6931471805599453,1.9740810260220096,0,1
14793.0,474,1,396.91,15.8764,25,474,0.6931471805599453,5.98622584905978,1,0
14794.0,143,7,1313.53,20.52390625,57,426,2.0794415416798357,7.181234466275428,1,0
14795.0,105,1,131.45000000000002,21.908333333333335,6,105,0.6931471805599453,4.886205215718078,0,1
14796.0,34,24,8775.02,6.964301587301588,428,664,3.2188758248682006,9.07977828089504,1,0
14797.0,446,1,300.31,18.769375,16,446,0.6931471805599453,5.70813963509761,0,1
14798.0,83,7,647.97,14.399333333333335,26,588,2.0794415416798357,6.475386490674205,1,0
14799.0,677,1,180.45000000000002,18.045,10,677,0.6931471805599453,5.20098013365908,1,0
14800.0,15,15,6799.09,12.055124113475177,321,374,2.772588722239781,8.82469112637073,1,0
14801.0,0,1,189.34,3.3217543859649123,56,0,0.6931471805599453,5.248811946644198,0,1
14802.0,377,2,1502.98,751.49,1,377,1.0986122886681098,7.315870206549027,0,1
14803.0,101,3,845.5500000000001,19.217045454545456,35,231,1.3862943611198906,6.741169266574241,0,1
14805.0,253,4,645.4,6.454,82,561,1.6094379124341003,6.471418507206885,1,0
14806.0,14,2,303.43,15.1715,17,378,1.0986122886681098,5.718441175664861,0,1
14807.0,330,2,504.14,13.266842105263157,37,589,1.0986122886681098,6.224835618577628,0,1
14808.0,14,7,2184.41,10.707892156862744,157,111,2.0794415416798357,7.6895587329475354,1,0
14809.0,560,2,686.76,38.153333333333336,18,560,1.0986122886681098,6.533439939866189,0,1
14810.0,43,12,2135.48,7.765381818181818,116,368,2.5649493574615367,7.666914893935654,1,0
14811.0,326,1,170.5,6.089285714285714,28,326,0.6931471805599453,5.144583266605995,0,1
14812.0,538,1,178.85,4.968055555555555,36,538,0.6931471805599453,5.192123170141633,0,1
14813.0,309,4,888.91,6.4413768115942025,110,550,1.6094379124341003,6.791120334017345,0,1
14814.0,520,1,154.21,5.140333333333333,28,520,0.6931471805599453,5.044779038663093,0,1
14815.0,7,1,551.58,14.143076923076924,39,7,0.6931471805599453,6.314598219290015,1,0
14816.0,136,1,271.85,67.9625,4,136,0.6931471805599453,5.608922193632241,0,1
14817.0,139,7,3959.86,17.216782608695652,142,567,2.0794415416798357,8.284216452387334,0,1
14818.0,13,6,1153.56,11.091923076923077,87,587,1.9459101490553132,7.051474597994149,0,1
14819.0,3,4,456.41,8.452037037037037,52,657,1.6094379124341003,6.125580144051925,0,1
14820.0,14,7,1009.6600000000001,20.1932,44,617,2.0794415416798357,6.918358861766328,1,0
14821.0,306,7,1230.15,17.82826086956522,65,615,2.0794415416798357,7.115703970913804,0,1
14822.0,424,1,157.7,17.522222222222222,9,424,0.6931471805599453,5.0670156275323635,0,1
14823.0,119,3,321.43,4.591857142857143,56,134,1.3862943611198906,5.775886058412575,0,1
14824.0,12,8,3650.71,24.501409395973155,84,576,2.1972245773362196,8.20295083001857,1,0
14825.0,2,21,4158.9800000000005,15.178759124087593,178,551,3.091042453358316,8.333265545551445,1,0
14826.0,521,2,385.2,38.519999999999996,10,634,1.0986122886681098,5.956355369994414,0,1
14828.0,136,13,9839.460000000001,97.42039603960397,72,672,2.6390573296152584,9.194257736921127,0,1
14829.0,123,6,1289.95,15.541566265060242,72,375,1.9459101490553132,7.163133660429705,1,0
14831.0,619,3,1676.57,20.445975609756097,67,677,1.3862943611198906,7.425101596738257,0,1
14832.0,569,1,322.69,322.69,1,569,0.6931471805599453,5.779786267653029,0,1
14833.0,438,1,94.8,13.542857142857143,7,438,0.6931471805599453,4.562262684976814,0,1
14834.0,11,4,1337.06,22.284333333333333,46,346,1.6094379124341003,7.198976082732082,1,0
14835.0,468,2,297.0,148.5,1,556,1.0986122886681098,5.697093486505405,0,1
14837.0,29,9,3460.32,16.556555023923444,171,624,2.302585092994046,8.149405298188219,0,1
14838.0,362,2,769.9200000000001,10.998857142857144,69,676,1.0986122886681098,6.647584606830851,0,1
14839.0,357,3,915.28,12.368648648648648,61,643,1.3862943611198906,6.8203219948203735,0,1
14840.0,207,2,362.71000000000004,16.486818181818183,20,478,1.0986122886681098,5.896356846803299,0,1
14841.0,118,12,6242.81,23.294067164179108,182,676,2.5649493574615367,8.739345851960302,1,0
14842.0,34,3,1901.52,21.128,86,247,1.3862943611198906,7.550934602164159,1,0
14843.0,376,1,211.8,23.533333333333335,9,376,0.6931471805599453,5.360352757467489,0,1
14844.0,3,10,6702.43,24.19649819494585,158,546,2.3978952727983707,8.810374614680837,0,1
14845.0,539,1,150.0,150.0,1,539,0.6931471805599453,5.017279836814924,0,1
14846.0,366,1,437.4,36.449999999999996,12,366,0.6931471805599453,6.083131735633806,0,1
14847.0,88,3,1348.95,21.75725806451613,56,504,1.3862943611198906,7.2078228337095505,0,1
14848.0,344,1,310.56,28.232727272727274,11,344,0.6931471805599453,5.741591936051748,0,1
14849.0,4,37,14046.95,20.506496350364966,275,638,3.6375861597263857,9.55023175664305,1,0
14850.0,251,7,1770.96,9.081846153846154,129,507,2.0794415416798357,7.479841557546813,0,1
14851.0,195,2,524.19,18.72107142857143,24,570,1.0986122886681098,6.263760101881796,1,0
14852.0,35,17,5484.16,20.015182481751825,126,583,2.8903717578961645,8.609801542748786,1,0
14853.0,150,4,1115.57,44.6228,21,545,1.6094379124341003,7.01801676523967,1,0
14854.0,17,11,4303.06,20.107757009345796,170,626,2.4849066497880004,8.367314042264898,0,1
14855.0,58,7,6520.3,31.499033816425122,168,550,2.0794415416798357,8.782829021548919,0,1
14857.0,87,6,3001.251,16.49039010989011,149,574,1.9459101490553132,8.007117619624259,1,0
14858.0,445,1,180.75,16.431818181818183,11,445,0.6931471805599453,5.202632116413628,0,1
14859.0,19,3,1279.02,25.078823529411764,44,494,1.3862943611198906,7.154630981791594,1,0
14861.0,320,9,1254.94,15.68675,58,671,2.302585092994046,7.135639575186451,1,0
14862.0,88,1,304.1,14.480952380952383,21,88,0.6931471805599453,5.720639591722624,1,0
14865.0,311,3,77.52,15.504,3,677,1.3862943611198906,4.3633533694082605,1,0
14866.0,20,12,13160.06,153.0239534883721,40,410,2.5649493574615367,9.485017748748026,1,0
14867.0,125,16,2952.06,21.547883211678833,67,673,2.833213344056216,7.99059719985786,0,1
14868.0,11,9,2865.19,18.605129870129872,112,359,2.302585092994046,7.960738900677825,1,0
14869.0,42,5,2443.75,10.958520179372197,171,663,1.791759469228055,7.8016981471923845,1,0
14870.0,201,6,1838.95,28.29153846153846,43,623,1.9459101490553132,7.51749367632077,0,1
14871.0,117,8,1062.19,6.680440251572327,101,678,2.1972245773362196,6.969029101786707,1,0
14872.0,423,3,816.6,18.990697674418605,34,572,1.3862943611198906,6.70637321944944,0,1
14873.0,149,2,854.13,17.43122448979592,48,573,1.0986122886681098,6.751253504162445,0,1
14874.0,474,1,116.18,19.363333333333333,6,474,0.6931471805599453,4.7637112141166424,0,1
14875.0,47,3,2862.4,32.16179775280899,88,381,1.3862943611198906,7.959765008926227,0,1
14876.0,460,2,256.7,19.746153846153845,12,500,1.0986122886681098,5.551796117658319,0,1
14877.0,357,2,425.85,6.7595238095238095,57,582,1.0986122886681098,6.056432663456316,0,1
14878.0,22,23,3784.67,10.875488505747127,152,596,3.1780538303479458,8.23897816473737,1,0
14879.0,624,1,185.06,6.854074074074074,27,624,0.6931471805599453,5.226069202340413,0,1
14880.0,16,3,690.59,15.012826086956522,45,228,1.3862943611198906,6.5389932944796145,0,1
14882.0,329,12,2956.95,54.75833333333333,31,558,2.5649493574615367,7.992251739814833,1,0
14883.0,12,4,571.99,13.618809523809524,35,151,1.6094379124341003,6.350868264555471,1,0
14884.0,608,1,120.6,15.075,8,608,0.6931471805599453,4.800736969532067,0,1
14885.0,71,3,1598.12,51.552258064516124,24,405,1.3862943611198906,7.377208756922391,0,1
14886.0,192,1,364.8,20.266666666666666,18,192,0.6931471805599453,5.9020867359567655,0,1
14887.0,18,1,1862.0,310.3333333333333,6,18,0.6931471805599453,7.529943370601589,0,1
14888.0,146,1,369.2,18.46,20,146,0.6931471805599453,5.914043400139397,0,1
14889.0,275,1,135.9,13.59,10,275,0.6931471805599453,4.919250732294404,0,1
14890.0,193,3,817.25,14.337719298245615,55,599,1.3862943611198906,6.70716791338129,0,1
14891.0,87,4,1106.73,17.56714285714286,55,376,1.6094379124341003,7.0100681553014015,0,1
14892.0,630,1,202.35000000000002,15.565384615384618,13,630,0.6931471805599453,5.314928632353234,0,1
14893.0,557,1,571.76,17.326060606060604,33,557,0.6931471805599453,6.350466780805806,1,0
14894.0,24,3,1492.81,32.45239130434783,39,677,1.3862943611198906,7.30908518223715,0,1
14895.0,30,31,21955.62,28.55087126137841,415,668,3.4657359027997265,9.996823967565858,1,0
14896.0,144,8,1826.0,7.217391304347826,150,673,2.1972245773362196,7.510430556378006,0,1
14897.0,27,6,2119.56,23.815280898876402,70,663,1.9459101490553132,7.659435483727736,1,0
14898.0,73,13,3087.82,12.351280000000001,163,675,2.6390573296152584,8.035544419935539,1,0
14899.0,334,1,1331.38,10.32077519379845,126,334,0.6931471805599453,7.194722095699511,0,1
14900.0,461,1,13.919999999999998,13.919999999999998,1,461,0.6931471805599453,2.7027025947756145,0,1
14901.0,13,10,1591.54,14.210178571428571,89,438,2.3978952727983707,7.373085504870277,1,0
14902.0,335,2,702.96,18.024615384615384,34,493,1.0986122886681098,6.55672153636201,1,0
14903.0,64,4,2398.62,8.271103448275861,195,218,1.6094379124341003,7.783065670466658,1,0
14904.0,347,2,605.05,8.403472222222222,62,367,1.0986122886681098,6.406962490916521,1,0
14905.0,97,8,1971.39,25.27423076923077,45,675,2.1972245773362196,7.587001284371595,0,1
14906.0,384,1,68.44,68.44,1,384,0.6931471805599453,4.240463070352095,0,1
14907.0,38,14,4654.8,19.892307692307693,142,541,2.70805020110221,8.445869033162207,1,0
14908.0,13,2,381.9,27.27857142857143,14,402,1.0986122886681098,5.947773858483249,0,1
14909.0,376,3,1404.68,17.558500000000002,61,602,1.3862943611198906,7.248276450449636,0,1
14911.0,0,334,245880.09,26.717384548516787,2371,678,5.814130531825066,12.412603324067895,1,0
14912.0,186,5,1504.19,30.0838,37,621,1.791759469228055,7.316674415061816,1,0
14913.0,122,7,3762.85,16.949774774774774,161,425,2.0794415416798357,8.233197648689085,1,0
14915.0,30,11,1811.25,20.125,65,676,2.4849066497880004,7.502324446180987,0,1
14916.0,10,8,3042.95,22.708582089552237,113,557,2.1972245773362196,8.020911293091087,0,1
14917.0,536,2,1123.75,38.75,29,536,1.0986122886681098,7.025316067721282,0,1
14918.0,55,9,5955.81,42.23978723404256,79,550,2.302585092994046,8.692290381870738,0,1
14919.0,478,1,359.35,27.642307692307693,13,478,0.6931471805599453,5.88707578137045,0,1
14920.0,152,3,1607.17,16.568762886597938,90,504,1.3862943611198906,7.3828521655438335,0,1
14921.0,140,1,903.01,17.037924528301886,53,140,0.6931471805599453,6.806840422277896,1,0
14922.0,333,2,843.74,16.8748,49,447,1.0986122886681098,6.739028887702491,0,1
14924.0,185,3,931.01,30.03258064516129,30,578,1.3862943611198906,6.837343544241763,0,1
14926.0,321,2,359.4,119.8,2,538,1.0986122886681098,5.887214525734183,0,1
14927.0,336,1,308.2,15.41,20,336,0.6931471805599453,5.733988316713267,0,1
14928.0,567,1,223.91000000000003,10.662380952380953,21,567,0.6931471805599453,5.41570032218308,0,1
14929.0,361,1,612.8100000000001,26.643913043478264,23,361,0.6931471805599453,6.419685434004699,1,0
14930.0,48,6,5236.7300000000005,18.837158273381295,213,546,1.9459101490553132,8.563643477347345,0,1
14931.0,14,3,847.65,31.394444444444442,27,180,1.3862943611198906,6.74364685160754,1,0
14932.0,305,2,666.13,20.8165625,29,325,1.0986122886681098,6.502984929473315,0,1
14933.0,383,4,1770.0,442.5,1,383,1.6094379124341003,7.479299637782834,0,1
14934.0,21,5,3503.5,18.937837837837836,115,381,1.791759469228055,8.16180313594038,0,1
14935.0,236,2,2849.83,109.60884615384614,25,559,1.0986122886681098,7.955365458934208,0,1
14936.0,5,10,11107.67,23.990647948164145,261,523,2.3978952727983707,9.315481163496429,1,0
14937.0,69,1,759.56,58.427692307692304,13,69,0.6931471805599453,6.634055004050775,1,0
14938.0,501,2,2322.43,32.710281690140846,71,501,1.0986122886681098,7.750799821107575,0,1
14940.0,357,2,531.49,16.6090625,32,672,1.0986122886681098,6.277564118064523,0,1
14941.0,518,1,182.1,26.014285714285712,7,518,0.6931471805599453,5.210032451680465,0,1
14942.0,341,4,746.56,39.292631578947365,12,669,1.6094379124341003,6.616814569602102,0,1
14943.0,602,1,107.62,21.524,5,602,0.6931471805599453,4.687855552606699,0,1
14944.0,16,16,8806.93,30.68616724738676,180,600,2.833213344056216,9.083407731050318,1,0
14945.0,353,1,179.4,16.30909090909091,11,353,0.6931471805599453,5.1951766076285235,0,1
14947.0,11,6,1049.79,19.440555555555555,47,564,1.9459101490553132,6.957297541207289,0,1
14948.0,10,5,834.27,16.358235294117648,45,158,1.791759469228055,6.727755025876859,1,0
14949.0,408,4,515.0,19.074074074074073,16,660,1.6094379124341003,6.246106765481563,0,1
14951.0,18,1,311.69,15.5845,20,18,0.6931471805599453,5.745212284419341,0,1
14952.0,11,30,16254.11,57.23278169014085,224,675,3.4339872044851463,9.696162599863678,1,0
14953.0,357,3,685.65,3.58979057591623,153,375,1.3862943611198906,6.531824700976291,1,0
14954.0,642,1,167.27,4.079756097560976,41,642,0.6931471805599453,5.125569832188355,1,0
14955.0,672,1,163.77,5.282903225806452,30,672,0.6931471805599453,5.10455056206934,0,1
14956.0,360,1,1325.0,331.25,4,360,0.6931471805599453,7.189922170745808,0,1
14957.0,192,2,261.69,9.34607142857143,27,584,1.0986122886681098,5.570974629731707,0,1
14958.0,86,6,941.99,13.267464788732395,52,675,1.9459101490553132,6.849055678123359,0,1
14959.0,3,4,695.42,11.786779661016949,37,235,1.6094379124341003,6.545952926608586,0,1
14960.0,110,1,88.3,44.15,2,110,0.6931471805599453,4.492001487882454,1,0
14961.0,20,21,15265.4,24.154113924050634,314,675,3.091042453358316,9.633409614032704,1,0
14962.0,210,4,366.91,26.207857142857144,14,523,1.6094379124341003,5.90783834304059,0,1
14963.0,123,8,1945.43,6.041708074534162,215,465,2.1972245773362196,7.573752204420816,1,0
14964.0,186,1,206.21,15.862307692307693,13,186,0.6931471805599453,5.333732771768991,0,1
14965.0,35,2,596.09,7.359135802469136,80,35,1.0986122886681098,6.3920678557992385,0,1
14966.0,326,5,881.24,7.6629565217391304,93,663,1.791759469228055,6.782464127835432,1,0
14967.0,381,5,1518.81,66.03521739130434,19,675,1.791759469228055,7.326340606027171,1,0
14968.0,397,1,353.65,7.524468085106382,47,397,0.6931471805599453,5.871131387648096,1,0
14969.0,643,1,906.23,69.71000000000001,13,643,0.6931471805599453,6.810396001209797,0,1
14970.0,7,12,4919.35,43.53407079646018,71,602,2.5649493574615367,8.501134945167534,0,1
14972.0,67,2,145.07,7.2535,20,320,1.0986122886681098,4.984085958862719,0,1
14973.0,46,3,1314.45,41.0765625,29,165,1.3862943611198906,7.181934091396172,0,1
14975.0,360,1,192.45,12.83,15,360,0.6931471805599453,5.265019081146522,1,0
14976.0,40,4,559.96,10.36962962962963,38,266,1.6094379124341003,6.32964960173287,1,0
14977.0,665,1,31.93,7.9825,4,665,0.6931471805599453,3.494384096388273,0,1
14978.0,11,10,3112.19,10.731689655172413,175,530,2.3978952727983707,8.043403202951074,0,1
14979.0,674,1,429.66,8.768571428571429,42,674,0.6931471805599453,6.065318915678462,0,1
14980.0,676,1,150.68,6.278333333333333,24,676,0.6931471805599453,5.021773038506712,0,1
14981.0,185,2,372.92,16.950909090909093,20,363,1.0986122886681098,5.924041870790548,0,1
14982.0,511,1,237.78,6.096923076923077,39,511,0.6931471805599453,5.475542625917242,0,1
14983.0,628,1,183.20000000000002,6.106666666666667,30,628,0.6931471805599453,5.216022123821206,0,1
14984.0,120,5,1160.37,37.431290322580644,27,636,1.791759469228055,7.0573556217105775,1,0
14985.0,137,2,292.01,3.5181927710843373,78,297,1.0986122886681098,5.680206738127495,0,1
14986.0,315,2,563.1,5.745918367346939,87,623,1.0986122886681098,6.33523154074593,0,1
14987.0,305,7,1387.4499999999998,106.72692307692306,4,676,2.0794415416798357,7.235943296015653,1,0
14988.0,151,7,2038.65,8.675106382978724,171,541,2.0794415416798357,7.620533503491231,0,1
14989.0,601,1,342.4,19.022222222222222,18,601,0.6931471805599453,5.838895948463375,0,1
14990.0,551,2,304.17,7.242142857142857,41,669,1.0986122886681098,5.7208689983797,0,1
14991.0,369,1,314.67,14.984285714285715,21,369,0.6931471805599453,5.754697364124307,0,1
14992.0,381,1,210.5,7.796296296296297,27,381,0.6931471805599453,5.354224998486333,0,1
14993.0,503,1,36.13,3.6130000000000004,9,503,0.6931471805599453,3.6144252681889886,0,1
14994.0,321,5,946.72,3.1348344370860928,233,562,1.791759469228055,6.854059099978276,0,1
14995.0,219,1,119.31,3.2245945945945946,37,219,0.6931471805599453,4.7900717450454335,1,0
14996.0,420,2,442.28999999999996,10.787560975609756,37,420,1.0986122886681098,6.094224183409496,0,1
14997.0,27,3,664.0799999999999,20.12363636363636,32,595,1.3862943611198906,6.499907334172178,1,0
14998.0,109,4,753.18,6.02544,111,544,1.6094379124341003,6.625631066307701,0,1
14999.0,532,1,129.48000000000002,14.386666666666668,9,532,0.6931471805599453,4.871219958312759,0,1
15001.0,333,2,199.10999999999999,4.328478260869565,44,333,1.0986122886681098,5.298867215353472,0,1
15002.0,55,9,4138.08,12.279169139465875,220,636,2.302585092994046,8.32822881990212,0,1
15003.0,412,6,1027.03,3.1216717325227963,253,621,1.9459101490553132,6.935399628468676,0,1
15004.0,86,1,1220.77,7.927077922077922,154,86,0.6931471805599453,7.108055905977399,0,1
15005.0,3,51,12553.95,5.706340909090909,549,677,3.9512437185814275,9.437870289106655,1,0
15006.0,392,1,277.4,5.547999999999999,47,392,0.6931471805599453,5.629058928460265,1,0
15007.0,98,1,156.91,13.075833333333334,12,98,0.6931471805599453,5.062025250478552,0,1
15008.0,419,2,360.0,30.0,6,577,1.0986122886681098,5.8888779583328805,0,1
15011.0,335,2,416.6,20.830000000000002,17,356,1.0986122886681098,6.034524036568429,0,1
15012.0,313,2,429.78,3.5519008264462806,107,516,1.0986122886681098,6.065597518949209,1,0
15013.0,427,10,1610.82,4.737705882352941,177,617,2.3978952727983707,7.3851192543008315,0,1
15014.0,115,1,117.72999999999999,39.24333333333333,2,115,0.6931471805599453,4.776852007677701,1,0
15015.0,440,13,2354.97,8.010102040816326,158,664,2.6390573296152584,7.764707811243887,0,1
15016.0,112,5,620.89,5.913238095238095,93,482,1.791759469228055,6.432763228224975,0,1
15018.0,192,2,291.34000000000003,17.137647058823532,17,307,1.0986122886681098,5.677917508461147,1,0
15019.0,206,1,252.81,3.8304545454545456,64,206,0.6931471805599453,5.536585955607315,0,1
15020.0,318,1,198.47,7.350740740740741,27,318,0.6931471805599453,5.295663849082473,0,1
15021.0,25,9,2014.18,3.903449612403101,329,437,2.302585092994046,7.608463800415908,1,0
15022.0,616,1,281.05,14.792105263157895,19,616,0.6931471805599453,5.642084360185986,1,0
15023.0,55,17,9886.210000000001,12.012405832320779,425,613,2.8903717578961645,9.198997281683704,1,0
15024.0,52,11,2753.58,11.239102040816325,130,363,2.4849066497880004,7.921020259874575,1,0
15025.0,507,1,617.83,8.580972222222222,72,507,0.6931471805599453,6.427830598454583,1,0
15026.0,19,5,1048.89,7.600652173913044,109,387,1.791759469228055,6.956440675758896,0,1
15027.0,107,9,3096.42,35.59103448275862,67,563,2.302585092994046,8.038324785889703,1,0
15028.0,308,3,521.78,7.673235294117647,45,333,1.3862943611198906,6.259160725471251,1,0
15029.0,559,1,365.1,36.510000000000005,10,559,0.6931471805599453,5.902906520126191,0,1
15030.0,11,8,1979.91,59.99727272727273,25,584,2.1972245773362196,7.591311614066303,0,1
15031.0,49,12,2711.54,8.26689024390244,213,670,2.5649493574615367,7.905640744283764,1,0
15032.0,195,8,11010.05,115.89526315789473,39,668,2.1972245773362196,9.306654593016914,0,1
15033.0,48,6,1608.95,5.829528985507246,203,268,1.9459101490553132,7.383958401595643,1,0
15034.0,9,12,7221.45,11.213431677018633,370,516,2.5649493574615367,8.884949509505766,1,0
15035.0,29,1,252.73000000000002,9.36037037037037,26,29,0.6931471805599453,5.536270709515726,0,1
15036.0,11,3,429.56,3.609747899159664,107,119,1.3862943611198906,6.065086686978596,0,1
15037.0,315,2,397.76,8.83911111111111,40,316,1.0986122886681098,5.988359732154503,0,1
15038.0,8,8,1131.53,4.83559829059829,190,364,2.1972245773362196,7.032209347072558,1,0
15039.0,5,87,38218.9,14.923428348301446,550,669,4.477336814478207,10.551111601359654,1,0
15040.0,481,1,7.49,7.49,1,481,0.6931471805599453,2.138889000323256,0,1
15041.0,109,2,289.4,2.7826923076923076,98,383,1.0986122886681098,5.671259282950641,0,1
15042.0,138,2,315.45,35.05,9,534,1.0986122886681098,5.7571652512213145,0,1
15043.0,402,5,2333.3199999999997,48.610833333333325,39,472,1.791759469228055,7.755475907133311,1,0
15044.0,5,33,14334.66,18.401360718870347,288,662,3.5263605246161616,9.570505418415614,1,0
15045.0,91,2,735.66,61.305,11,197,1.0986122886681098,6.602126456028984,0,1
15046.0,6,22,6721.11,18.363688524590163,234,633,3.1354942159291497,8.813157372328487,1,0
15047.0,209,1,343.62,15.61909090909091,22,209,0.6931471805599453,5.842442360714953,0,1
15048.0,4,4,381.0,4.053191489361702,86,308,1.6094379124341003,5.945420608606575,0,1
15049.0,213,1,121.17000000000002,40.39000000000001,3,213,0.6931471805599453,4.8054135174159684,0,1
15050.0,10,4,3628.28,28.1262015503876,98,420,1.6094379124341003,8.19678956047807,1,0
15051.0,89,7,2921.29,16.139723756906076,133,677,2.0794415416798357,7.980122834477012,1,0
15052.0,258,1,207.73000000000002,7.418928571428572,27,258,0.6931471805599453,5.341041550757815,0,1
15053.0,95,2,478.6,11.965,28,221,1.0986122886681098,6.172952423153359,1,0
15055.0,414,3,549.12,6.779259259259259,77,662,1.3862943611198906,6.310136436246507,0,1
15056.0,459,1,113.65,18.941666666666666,6,459,0.6931471805599453,4.741884009303914,0,1
15057.0,214,5,3255.96,46.513714285714286,62,673,1.791759469228055,8.088549523960413,0,1
15058.0,20,13,2717.35,10.371564885496182,176,592,2.6390573296152584,7.907780357576057,1,0
15059.0,46,17,3162.08,5.910429906542056,283,673,2.8903717578961645,8.059301515429683,1,0
15061.0,4,122,113055.64,136.21161445783133,120,678,4.812184355372417,11.635644211054256,1,0
15062.0,10,8,2585.62,16.26176100628931,98,549,2.1972245773362196,7.858107283109296,0,1
15063.0,152,1,370.79999999999995,74.16,5,152,0.6931471805599453,5.918356075287344,0,1
15064.0,349,4,1254.41,15.486543209876544,75,656,1.6094379124341003,7.135217491440363,0,1
15065.0,104,4,3027.48,20.318657718120807,140,350,1.6094379124341003,8.015816122469857,1,0
15067.0,17,5,3862.88,21.82418079096045,170,546,1.791759469228055,8.259427138949544,0,1
15068.0,195,3,861.5,5.630718954248366,139,560,1.3862943611198906,6.759835148905514,1,0
15069.0,118,1,1109.53,15.850428571428571,70,118,0.6931471805599453,7.012592657827759,0,1
15070.0,312,3,737.0500000000001,23.032812500000002,26,663,1.3862943611198906,6.604011572983006,0,1
15071.0,33,4,1455.5600000000002,26.954814814814817,41,510,1.6094379124341003,7.283832770195709,0,1
15072.0,418,1,187.52,14.424615384615386,13,418,0.6931471805599453,5.23920410205553,0,1
15073.0,125,7,2606.57,17.493758389261746,109,621,2.0794415416798357,7.866174032152173,1,0
15074.0,44,3,1553.13,21.571250000000003,63,407,1.3862943611198906,7.348671182512357,0,1
15075.0,17,1,773.03,28.63074074074074,27,17,0.6931471805599453,6.651610632528512,0,1
15076.0,112,3,1447.74,18.09675,68,461,1.3862943611198906,7.278449492127982,0,1
15077.0,434,2,2428.08,75.8775,28,669,1.0986122886681098,7.795267863824162,0,1
15078.0,13,45,15123.77,22.143147877013178,104,675,3.828641396489095,9.62408907617185,1,0
15079.0,152,11,3625.4,25.712056737588654,119,671,2.4849066497880004,8.19599569962664,0,1
15080.0,367,2,546.25,17.620967741935484,31,441,1.0986122886681098,6.304905736402972,0,1
15081.0,5,11,1766.32,18.592842105263156,72,475,2.4849066497880004,7.477219553829506,1,0
15082.0,608,1,93.35000000000001,15.558333333333335,6,608,0.6931471805599453,4.54701127181456,0,1
15083.0,196,1,88.2,17.64,5,196,0.6931471805599453,4.490881039585964,0,1
15084.0,319,2,965.1999999999999,31.13548387096774,31,585,1.0986122886681098,6.873370852120306,0,1
15085.0,669,1,347.54,38.61555555555556,9,669,0.6931471805599453,5.853753001232496,0,1
15086.0,504,2,218.53,19.866363636363637,10,564,1.0986122886681098,5.391488897435831,0,1
15087.0,221,1,306.94,20.462666666666667,15,221,0.6931471805599453,5.7299049588017725,0,1
15088.0,6,1,864.19,21.604750000000003,40,6,0.6931471805599453,6.7629491359908425,1,0
15089.0,33,3,2036.28,16.82876033057851,117,67,1.3862943611198906,7.619370863825125,1,0
15090.0,247,1,381.32,16.57913043478261,23,247,0.6931471805599453,5.946257954269902,0,1
15091.0,7,3,1046.6100000000001,18.36157894736842,55,614,1.3862943611198906,6.9542666582161,0,1
15092.0,154,3,776.46,17.25466666666667,39,402,1.3862943611198906,6.656032195784612,0,1
15093.0,56,22,13132.460000000001,43.19888157894737,104,671,3.1354942159291497,9.482918451241456,1,0
15094.0,402,2,83.0,16.6,4,583,1.0986122886681098,4.430816798843313,0,1
15095.0,43,10,3141.64,25.335806451612903,90,627,2.3978952727983707,8.052818489989162,0,1
15097.0,522,2,660.27,16.104146341463416,39,522,1.0986122886681098,6.494162228461808,1,0
15098.0,121,3,39916.5,13305.5,1,121,1.3862943611198906,10.594570103213856,0,1
15099.0,23,1,410.48,17.84695652173913,23,23,0.6931471805599453,6.019760416262829,0,1
15100.0,273,7,2193.8999999999996,137.11874999999998,11,640,2.0794415416798357,7.69389176638491,0,1
15101.0,298,5,1262.69,23.38314814814815,48,529,1.791759469228055,7.14179129146277,1,0
15102.0,470,2,554.67,20.543333333333333,26,486,1.0986122886681098,6.320174592864931,0,1
15103.0,25,1,291.68,22.436923076923076,13,25,0.6931471805599453,5.679079862015829,1,0
15104.0,136,2,993.54,14.828955223880596,66,221,1.0986122886681098,6.902280318701867,0,1
15105.0,6,6,2513.55,18.89887218045113,114,566,1.9459101490553132,7.829849140083242,1,0
15106.0,4,4,1302.46,14.312747252747252,86,208,1.6094379124341003,7.172777546289748,1,0
15107.0,250,9,824.35,19.627380952380953,32,391,2.302585092994046,6.71580753879355,0,1
15108.0,81,4,1300.25,21.670833333333334,50,167,1.6094379124341003,7.171080619929179,0,1
15109.0,185,3,983.1,20.48125,46,675,1.3862943611198906,6.89172751790494,0,1
15110.0,66,4,886.3000000000001,23.954054054054055,20,424,1.6094379124341003,6.788183143841292,1,0
15111.0,6,4,2112.69,17.753697478991597,100,531,1.6094379124341003,7.656190514239244,1,0
15112.0,550,1,209.4,29.914285714285715,7,550,0.6931471805599453,5.349010480863555,0,1
15114.0,10,11,2891.84,14.754285714285714,127,360,2.4849066497880004,7.969993997535887,1,0
15115.0,672,1,191.74,13.695714285714287,14,672,0.6931471805599453,5.261342130423142,1,0
15116.0,74,2,790.97,34.39,20,144,1.0986122886681098,6.674523512309127,1,0
15117.0,60,5,1609.92,18.504827586206897,65,573,1.791759469228055,7.384560723346801,1,0
15118.0,73,1,244.8,244.8,1,73,0.6931471805599453,5.504518197131935,0,1
15119.0,185,1,266.4,19.02857142857143,14,185,0.6931471805599453,5.588745664667843,0,1
15120.0,73,1,358.82,17.086666666666666,21,73,0.6931471805599453,5.885603906408473,0,1
15121.0,228,1,295.15,16.397222222222222,18,228,0.6931471805599453,5.690866082722974,1,0
15122.0,53,11,4487.27,19.767709251101323,155,558,2.4849066497880004,8.409222605820775,0,1
15123.0,145,4,3526.33,27.125615384615383,113,573,1.6094379124341003,8.168296489794576,1,0
15124.0,131,3,357.38,14.2952,25,591,1.3862943611198906,5.8815938759722695,1,0
15125.0,0,23,16666.87,70.02886554621848,150,557,3.1780538303479458,9.721238193135878,1,0
15126.0,476,2,449.49,17.9796,25,626,1.0986122886681098,6.110335879243754,0,1
15127.0,5,2,711.5,25.410714285714285,27,459,1.0986122886681098,6.568779912142806,0,1
15128.0,66,4,1482.92,14.53843137254902,80,369,1.6094379124341003,7.302442513918423,1,0
15129.0,46,22,6209.51,31.52035532994924,80,549,3.1354942159291497,8.733998297159266,1,0
15130.0,109,1,330.11,15.005,22,109,0.6931471805599453,5.802450646452902,0,1
15131.0,334,1,80.28,11.468571428571428,7,334,0.6931471805599453,4.397899983830172,0,1
15132.0,45,3,842.23,17.546458333333334,47,202,1.3862943611198906,6.737239755901817,1,0
15133.0,67,5,1806.9,36.875510204081635,45,460,1.791759469228055,7.499921229687969,0,1
15134.0,12,7,1105.8500000000001,17.553174603174604,38,362,2.0794415416798357,7.009273422172486,1,0
15135.0,178,2,305.68,15.284,17,495,1.0986122886681098,5.725804858690694,0,1
15136.0,35,1,582.9,20.099999999999998,29,35,0.6931471805599453,6.369729735289492,1,0
15137.0,460,2,823.4,24.21764705882353,34,619,1.0986122886681098,6.714655849016304,0,1
15138.0,333,1,502.52,16.210322580645162,31,333,0.6931471805599453,6.221623433316097,0,1
15139.0,179,2,178.96,13.766153846153847,13,276,1.0986122886681098,5.192734603972972,0,1
15140.0,19,7,2942.29,29.4229,93,381,2.0794415416798357,7.987283282284712,1,0
15141.0,397,7,1388.47,17.355875,44,560,2.0794415416798357,7.236677658449301,0,1
15142.0,349,5,2121.18,18.28603448275862,97,440,1.791759469228055,7.66019914121263,1,0
15143.0,165,2,563.63,18.181612903225805,27,371,1.0986122886681098,6.336170649370582,0,1
15144.0,11,24,9585.51,35.766828358208954,171,666,3.2188758248682006,9.168112180891475,1,0
15145.0,166,2,724.03,17.659268292682928,35,187,1.0986122886681098,6.58621303330892,1,0
15146.0,104,2,1327.16,14.584175824175825,90,230,1.0986122886681098,7.1915498047067254,0,1
15147.0,179,1,623.5,22.267857142857142,28,179,0.6931471805599453,6.436951329565632,0,1
15149.0,73,5,1554.6100000000001,22.53057971014493,62,589,1.791759469228055,7.349623030648691,0,1
15150.0,13,10,8046.900000000001,15.62504854368932,471,483,2.3978952727983707,8.993166466815008,1,0
15151.0,362,2,2085.61,36.58964912280702,56,449,1.0986122886681098,7.643296018507768,0,1
15152.0,0,9,3536.46,18.22917525773196,150,640,2.302585092994046,8.171164234467069,1,0
15154.0,14,3,1343.72,7.767167630057804,166,417,1.3862943611198906,7.203941091925139,0,1
15155.0,322,1,383.96999999999997,15.99875,24,322,0.6931471805599453,5.95316540917378,0,1
15157.0,93,4,2223.41,19.167327586206895,116,668,1.6094379124341003,7.707246990897621,1,0
15158.0,340,1,204.62,51.155,4,340,0.6931471805599453,5.3260298051145725,1,0
15159.0,6,27,14885.86,26.115543859649122,317,371,3.332204510175204,9.608234223654696,1,0
15160.0,296,4,589.27,25.620434782608694,17,360,1.6094379124341003,6.380580059339054,0,1
15161.0,327,1,119.92,3.633939393939394,33,327,0.6931471805599453,4.795129169911258,0,1
15162.0,670,1,312.9,26.075,12,670,0.6931471805599453,5.749074463847908,0,1
15163.0,131,1,155.0,15.5,10,131,0.6931471805599453,5.049856007249537,1,0
15164.0,8,9,2028.1100000000001,5.761676136363636,243,629,2.302585092994046,7.615352552254767,0,1
15165.0,312,1,487.75,18.064814814814813,27,312,0.6931471805599453,6.1918511112995755,0,1
15166.0,407,1,167.16,13.93,12,407,0.6931471805599453,5.124915907128641,0,1
15167.0,260,5,1627.62,5.3540131578947365,262,612,1.791759469228055,7.395488309443934,0,1
15169.0,321,2,569.22,9.647796610169491,58,666,1.0986122886681098,6.3460222512755795,0,1
15170.0,346,1,81.15,20.2875,4,346,0.6931471805599453,4.408546844483277,0,1
15171.0,270,1,1289.5,257.9,5,270,0.6931471805599453,7.162785019158669,0,1
15172.0,9,4,1247.95,14.85654761904762,82,176,1.6094379124341003,7.130058477298654,1,0
15173.0,320,7,1494.6,17.37906976744186,68,557,2.0794415416798357,7.310282743102959,0,1
15174.0,262,2,481.46,14.160588235294117,34,350,1.0986122886681098,6.178898015788112,0,1
15175.0,11,1,224.14,9.745217391304347,23,11,0.6931471805599453,5.416722430926658,0,1
15176.0,607,1,988.0400000000001,19.000769230769233,52,607,0.6931471805599453,6.896734775698672,0,1
15177.0,365,1,948.9300000000001,36.49730769230769,26,365,0.6931471805599453,6.856388297669246,0,1
15178.0,199,1,40.5,13.5,3,199,0.6931471805599453,3.7256934272366524,0,1
15179.0,173,11,6740.09,25.24378277153558,190,676,2.4849066497880004,8.81597691189916,1,0
15180.0,306,3,816.9300000000001,15.710192307692308,46,528,1.3862943611198906,6.706776758368908,0,1
15181.0,5,5,1200.2,60.010000000000005,15,670,1.791759469228055,7.091076336109175,0,1
15182.0,93,11,2998.952,23.991616,78,596,2.4849066497880004,8.006351567522245,0,1
15183.0,487,3,639.93,16.840263157894736,33,524,1.3862943611198906,6.462920246589264,0,1
15184.0,130,3,518.42,12.343333333333332,34,663,1.3862943611198906,6.252712804455737,1,0
15185.0,9,1,310.62,14.791428571428572,21,9,0.6931471805599453,5.741784496789209,0,1
15186.0,107,4,1221.05,28.396511627906975,26,636,1.6094379124341003,7.10828505542476,1,0
15187.0,10,8,2381.06,44.0937037037037,49,151,2.1972245773362196,7.775720938514887,1,0
15188.0,664,1,310.43,13.496956521739131,23,664,0.6931471805599453,5.7411745938732635,0,1
15189.0,30,38,13934.76,67.64446601941748,84,448,3.6635616461296463,9.542213477359605,1,0
15190.0,373,1,834.4399999999999,20.860999999999997,40,373,0.6931471805599453,6.727958532171293,0,1
15191.0,402,3,588.05,16.80142857142857,33,628,1.3862943611198906,6.378511069692128,0,1
15192.0,59,5,1666.39,18.311978021978025,56,619,1.791759469228055,7.4190148085973675,0,1
15193.0,0,1,499.32,26.28,19,0,0.6931471805599453,6.215247893709531,0,1
15194.0,17,26,9893.22,23.954527845036317,246,676,3.295836866004329,9.199706027238847,1,0
15196.0,372,2,313.7,7.469047619047619,34,666,1.0986122886681098,5.751619804070361,0,1
15197.0,192,5,1571.1499999999999,37.40833333333333,35,667,1.791759469228055,7.360199388284296,1,0
15198.0,31,5,571.35,18.43064516129032,28,629,1.791759469228055,6.349750692364485,0,1
15199.0,34,9,2821.4500000000003,58.78020833333334,17,515,2.302585092994046,7.945360581075057,1,0
15200.0,434,1,549.0500000000001,18.30166666666667,30,434,0.6931471805599453,6.310009183185445,0,1
15201.0,26,7,1842.95,18.4295,44,550,2.0794415416798357,7.51966528878146,0,1
15202.0,359,3,6001.49,2000.4966666666667,1,360,1.3862943611198906,8.699929662121509,0,1
15203.0,19,14,4090.1,12.821630094043886,143,670,2.70805020110221,8.316569161531898,1,0
15204.0,296,1,316.58,35.175555555555555,9,296,0.6931471805599453,5.760729755097951,0,1
15205.0,24,2,653.24,17.655135135135136,37,66,1.0986122886681098,6.483474256616332,0,1
15206.0,39,3,236.70000000000002,39.45,3,215,1.3862943611198906,5.471009374366148,1,0
15207.0,355,3,683.92,28.496666666666666,19,486,1.3862943611198906,6.5293020431207704,0,1
15208.0,2,4,596.22,18.631875,25,363,1.6094379124341003,6.392285554722489,1,0
15209.0,669,1,178.98000000000002,13.76769230769231,13,669,0.6931471805599453,5.192845733605803,0,1
15210.0,164,3,1176.19,17.55507462686567,66,514,1.3862943611198906,7.070885521589972,0,1
15211.0,304,1,383.07,16.655217391304348,23,304,0.6931471805599453,5.950824827641287,1,0
15212.0,180,2,208.28,20.828,7,316,1.0986122886681098,5.343673068268834,0,1
15213.0,258,2,328.35,13.68125,22,269,1.0986122886681098,5.797121015086702,0,1
15214.0,3,4,1061.3500000000001,15.16214285714286,70,182,1.6094379124341003,6.9682387143616475,1,0
15215.0,36,5,1987.53,21.143936170212765,71,552,1.791759469228055,7.595150951282747,1,0
15216.0,27,2,486.09000000000003,20.25375,24,558,1.0986122886681098,6.188448910936394,0,1
15217.0,502,1,426.24,15.222857142857142,28,502,0.6931471805599453,6.057345916221495,0,1
15218.0,14,20,10357.85,27.620933333333333,134,622,3.044522437723423,9.245596505791086,1,0
15219.0,115,2,685.45,26.36346153846154,26,588,1.0986122886681098,6.531533389343614,0,1
15220.0,54,5,1284.05,14.591477272727273,84,220,1.791759469228055,7.158552907078163,1,0
15221.0,305,4,2062.2,71.1103448275862,21,577,1.6094379124341003,7.632013454567135,0,1
15222.0,258,11,3550.91,25.73123188405797,98,662,2.4849066497880004,8.175240765953214,0,1
15223.0,165,5,1417.95,41.70441176470588,26,674,1.791759469228055,7.2576724404574895,0,1
15224.0,297,5,871.36,24.896,24,632,1.791759469228055,6.771202182749025,0,1
15225.0,173,1,409.40000000000003,17.8,23,173,0.6931471805599453,6.01713229385656,0,1
15226.0,250,1,154.41,19.30125,8,250,0.6931471805599453,5.04606678592752,0,1
15227.0,155,7,2145.91,20.437238095238094,79,573,2.0794415416798357,7.671784878043473,1,0
15228.0,5,6,5580.27,23.847307692307695,184,439,1.9459101490553132,8.62717162804504,0,1
15229.0,525,1,160.5,17.833333333333332,9,525,0.6931471805599453,5.084505142662711,0,1
15230.0,178,2,429.6,18.678260869565218,23,180,1.0986122886681098,6.065179584930263,0,1
15231.0,560,1,250.26000000000002,17.875714285714288,14,560,0.6931471805599453,5.526488259576272,0,1
15232.0,52,2,612.06,19.743870967741934,26,80,1.0986122886681098,6.418462810428566,0,1
15233.0,340,1,59.400000000000006,59.400000000000006,1,340,0.6931471805599453,4.100989104940769,0,1
15234.0,216,1,197.0,14.071428571428571,14,216,0.6931471805599453,5.288267030694535,0,1
15235.0,157,16,2772.76,15.577303370786518,161,328,2.833213344056216,7.927959079467885,0,1
15236.0,238,1,321.05,21.403333333333332,15,238,0.6931471805599453,5.7747068129929,0,1
15237.0,17,3,1328.72,14.442608695652174,89,166,1.3862943611198906,7.192723672736235,1,0
15238.0,34,2,772.78,20.885945945945945,37,123,1.0986122886681098,6.65128759546043,1,0
15239.0,18,1,461.79,15.393,30,18,0.6931471805599453,6.137273387480197,1,0
15240.0,23,11,4135.96,20.274313725490195,118,673,2.4849066497880004,8.327716497572512,1,0
15241.0,6,11,3050.16,16.57695652173913,120,593,2.4849066497880004,8.023277125163998,0,1
15242.0,361,1,302.04,75.51,4,361,0.6931471805599453,5.713864809997713,0,1
15243.0,13,2,927.28,15.201311475409836,56,374,1.0986122886681098,6.833333411414558,0,1
15244.0,4,3,912.08,19.00166666666667,44,605,1.3862943611198906,6.816823499976432,0,1
15245.0,73,8,4610.84,31.154324324324325,72,534,2.1972245773362196,8.43638218867962,0,1
15246.0,177,3,780.4,15.301960784313724,45,495,1.3862943611198906,6.66108718262097,0,1
15247.0,61,3,976.06,57.41529411764706,13,476,1.3862943611198906,6.884548062644319,0,1
15248.0,350,3,1893.93,17.867264150943395,103,473,1.3862943611198906,7.546937177520269,0,1
15249.0,5,17,8858.45,18.378526970954358,297,562,2.8903717578961645,9.08923996492285,1,0
15250.0,580,1,60.0,20.0,3,580,0.6931471805599453,4.110873864173311,0,1
15251.0,30,18,19535.37,88.39533936651583,178,619,2.9444389791664403,9.880033135565077,1,0
15252.0,122,4,1663.18,18.89977272727273,82,551,1.6094379124341003,7.417087788607792,1,0
15253.0,28,6,1777.49,17.59891089108911,87,526,1.9459101490553132,7.483519968656931,1,0
15254.0,66,3,1088.35,16.244029850746266,64,500,1.3862943611198906,6.993336467072343,0,1
15255.0,6,9,3706.02,19.71287234042553,137,676,2.302585092994046,8.217983598334452,0,1
15256.0,88,2,170.4,17.04,6,501,1.0986122886681098,5.1440000061636795,0,1
15257.0,222,2,685.9,57.15833333333333,11,353,1.0986122886681098,6.5321887212198355,0,1
15258.0,108,2,623.16,18.328235294117647,32,156,1.0986122886681098,6.4364067457583465,0,1
15259.0,452,4,1182.3799999999999,20.74350877192982,50,622,1.6094379124341003,7.076130029643467,0,1
15260.0,39,25,8767.73,23.01241469816273,186,673,3.258096538021482,9.07894726302137,0,1
15261.0,74,4,1508.0,16.391304347826086,87,374,1.6094379124341003,7.319202458767849,0,1
15262.0,263,3,418.82,16.108461538461537,22,427,1.3862943611198906,6.03982604798586,0,1
15263.0,46,1,156.51,13.042499999999999,12,46,0.6931471805599453,5.059488948313644,0,1
15264.0,3,2,848.4,15.425454545454546,52,469,1.0986122886681098,6.744530217879171,0,1
15265.0,90,4,3345.64,17.334922279792746,179,677,1.6094379124341003,8.115712136418376,0,1
15266.0,277,5,852.21,18.938000000000002,38,641,1.791759469228055,6.749005707109851,0,1
15267.0,95,2,1407.76,201.10857142857142,7,122,1.0986122886681098,7.250465163820363,1,0
15268.0,418,3,961.9000000000001,43.722727272727276,21,545,1.3862943611198906,6.869949564246238,0,1
15269.0,319,2,816.5600000000001,24.744242424242426,32,329,1.0986122886681098,6.7063242945735775,1,0
15270.0,57,19,7995.66,49.35592592592592,66,661,2.995732273553991,8.986779233484583,1,0
15271.0,34,19,3627.78,8.079688195991091,314,430,2.995732273553991,8.196651782614346,1,0
15272.0,25,5,1607.97,6.4318800000000005,227,602,1.791759469228055,7.383349501697367,1,0
15273.0,539,1,228.96,228.96,1,539,0.6931471805599453,5.43790538075509,0,1
15276.0,5,4,619.8,3.482022471910112,160,374,1.6094379124341003,6.431008968869009,0,1
15277.0,364,1,220.44,15.745714285714286,14,364,0.6931471805599453,5.400151672429304,1,0
15278.0,501,4,496.16,17.10896551724138,29,604,1.6094379124341003,6.208911905877311,0,1
15279.0,294,5,1580.54,16.814255319148934,74,615,1.791759469228055,7.366154334869737,0,1
15280.0,111,3,397.52,6.625333333333333,48,510,1.3862943611198906,5.987757685176655,0,1
15281.0,76,15,8403.2,16.380506822612087,421,367,2.772588722239781,9.036486859873056,1,0
15282.0,509,1,348.59,12.91074074074074,27,509,0.6931471805599453,5.856761039253281,0,1
15283.0,329,3,148.32999999999998,16.481111111111108,9,457,1.3862943611198906,5.006158622069177,0,1
15284.0,439,1,24.75,24.75,1,439,0.6931471805599453,3.248434627109745,0,1
15285.0,347,1,94.92,15.82,6,347,0.6931471805599453,4.5635145107192585,0,1
15287.0,10,4,710.32,22.913548387096775,22,677,1.6094379124341003,6.56712239887546,1,0
15288.0,95,9,3415.2200000000003,23.716805555555556,124,604,2.302585092994046,8.136289955644994,1,0
15289.0,77,4,1351.29,15.53206896551724,65,561,1.6094379124341003,7.209554730643128,1,0
15290.0,18,21,7012.93,30.893964757709252,66,593,3.091042453358316,8.855653450610403,1,0
15291.0,34,37,12534.48,54.97578947368421,112,676,3.6375861597263857,9.43631830263946,1,0
15292.0,140,1,178.39,7.432916666666666,24,140,0.6931471805599453,5.189562206710999,0,1
15293.0,605,1,247.5,13.026315789473685,19,605,0.6931471805599453,5.5154428455366835,0,1
15294.0,350,1,233.35,15.556666666666667,15,350,0.6931471805599453,5.456815724368715,0,1
15295.0,593,1,207.04,3.9815384615384612,50,593,0.6931471805599453,5.337730368904872,0,1
15296.0,48,11,9249.66,19.190165975103735,334,626,2.4849066497880004,9.132450179312436,1,0
15297.0,3,1,230.46,16.461428571428574,14,3,0.6931471805599453,5.444407072419931,1,0
15298.0,32,18,7620.09,21.344789915966388,180,670,2.9444389791664403,8.938674683070209,1,0
15299.0,6,10,6156.53,615.653,9,636,2.3978952727983707,8.72543100209001,0,1
15300.0,3,1,496.44,17.73,28,3,0.6931471805599453,6.2094749463104435,0,1
15301.0,12,16,6305.91,20.540423452768728,202,389,2.833213344056216,8.749401136702948,1,0
15302.0,669,1,308.0,20.533333333333335,15,669,0.6931471805599453,5.733341276897746,0,1
15303.0,229,3,1224.18,17.741739130434784,63,623,1.3862943611198906,7.110843050959893,0,1
15304.0,0,9,796.4,33.18333333333333,8,361,2.302585092994046,6.681356434947254,0,1
15305.0,494,1,93.6,18.72,5,494,0.6931471805599453,4.549657476057832,0,1
15306.0,3,9,3484.73,21.51067901234568,123,598,2.302585092994046,8.15643277041254,0,1
15307.0,35,1,205.3,17.108333333333334,12,35,0.6931471805599453,5.329331420077207,0,1
15308.0,213,1,310.47,16.340526315789475,19,213,0.6931471805599453,5.741303025403381,0,1
15309.0,550,4,797.96,14.777037037037038,49,674,1.6094379124341003,6.683310881934879,0,1
15310.0,418,1,1634.64,36.32533333333333,45,418,0.6931471805599453,7.399789444048626,0,1
15311.0,3,189,103571.11,26.915569126819126,840,678,5.247024072160486,11.5480233640702,1,0
15312.0,14,12,2930.19,17.976625766871166,118,663,2.5649493574615367,7.983163762901939,0,1
15313.0,49,1,52.0,52.0,1,49,0.6931471805599453,3.970291913552122,0,1
15314.0,138,3,820.45,16.409000000000002,49,367,1.3862943611198906,6.711071071352346,0,1
15315.0,3,2,570.5,15.41891891891892,35,55,1.0986122886681098,6.348264483234865,0,1
15316.0,266,1,165.0,165.0,1,266,0.6931471805599453,5.111987788356544,0,1
15317.0,616,1,129.75,25.95,5,616,0.6931471805599453,4.873287102945032,0,1
15319.0,223,1,204.5,12.78125,16,223,0.6931471805599453,5.32544603393629,0,1
15321.0,10,12,6709.7300000000005,21.714336569579288,242,614,2.5649493574615367,8.811463016894713,0,1
15322.0,25,2,1390.86,16.75734939759036,76,415,1.0986122886681098,7.238396261123746,0,1
15323.0,502,3,434.6,14.986206896551725,29,601,1.3862943611198906,6.076724391058805,0,1
15324.0,640,1,140.22000000000003,17.527500000000003,8,640,0.6931471805599453,4.950318958088201,0,1
15325.0,43,8,1601.46,7.149375,164,600,2.1972245773362196,7.379295227484854,0,1
15326.0,273,5,1700.52,13.182325581395348,94,677,1.791759469228055,7.43927724820629,0,1
15328.0,347,1,107.24,13.405,8,347,0.6931471805599453,4.684350983862532,0,1
15329.0,73,10,2663.13,19.159208633093527,91,665,2.3978952727983707,7.887632829268456,1,0
15330.0,0,1,320.4,40.05,8,0,0.6931471805599453,5.772686453303412,1,0
15331.0,439,3,767.91,17.4525,41,548,1.3862943611198906,6.644973927545967,0,1
15332.0,305,6,4892.68,31.770649350649354,113,452,1.9459101490553132,8.49569985567768,0,1
15333.0,147,1,1028.56,64.285,16,147,0.6931471805599453,6.936886805488385,0,1
15334.0,96,3,350.82,3.579795918367347,67,112,1.3862943611198906,5.863119681170759,0,1
15336.0,341,1,240.5,16.033333333333335,15,341,0.6931471805599453,5.486869473092628,0,1
15337.0,350,1,373.02,17.762857142857143,21,350,0.6931471805599453,5.924309271920574,0,1
15338.0,616,1,277.93,4.791896551724138,56,616,0.6931471805599453,5.630960854284337,0,1
15339.0,5,7,1821.02,8.277363636363637,162,608,2.0794415416798357,7.507701054708066,0,1
15340.0,501,1,105.5,15.071428571428571,7,501,0.6931471805599453,4.66814498514948,0,1
15341.0,20,2,2402.72,100.11333333333333,22,388,1.0986122886681098,7.784772816325887,0,1
15342.0,69,1,406.09000000000003,16.920416666666668,24,69,0.6931471805599453,6.0090342912180414,0,1
15343.0,26,1,364.5,17.357142857142858,21,26,0.6931471805599453,5.901266279189834,0,1
15344.0,13,1,308.69,18.158235294117645,17,13,0.6931471805599453,5.735571797145608,1,0
15346.0,272,3,596.12,16.111351351351352,36,370,1.3862943611198906,6.3921180982189245,0,1
15347.0,305,4,1162.0,32.27777777777778,29,377,1.6094379124341003,7.0587581525186645,0,1
15348.0,11,1,158.04,17.56,9,11,0.6931471805599453,5.069155742908264,0,1
15349.0,97,2,463.91,6.533943661971831,65,126,1.0986122886681098,6.141843838467353,0,1
15350.0,312,2,547.6,18.253333333333334,26,322,1.0986122886681098,6.307369578503503,0,1
15351.0,4,6,2513.15,12.565750000000001,141,372,1.9459101490553132,7.829690053241377,1,0
15352.0,488,1,111.15,3.269117647058824,34,488,0.6931471805599453,4.719837260966218,0,1
15353.0,194,7,2794.47,7.762416666666666,274,677,2.0794415416798357,7.935755528876296,0,1
15354.0,542,3,284.4,94.8,1,542,1.3862943611198906,5.653891705042736,0,1
15356.0,10,12,3089.53,4.819859594383776,284,361,2.5649493574615367,8.036097876219339,1,0
15358.0,14,38,14813.52,15.05439024390244,355,672,3.6635616461296463,9.603363059887782,1,0
15359.0,602,8,181.35,11.334375,10,633,2.1972245773362196,5.205927917254689,0,1
15361.0,301,4,689.07,68.90700000000001,10,482,1.6094379124341003,6.536793041721038,0,1
15362.0,388,2,613.08,15.327000000000002,38,678,1.0986122886681098,6.420125212819335,0,1
15363.0,312,2,678.11,19.37457142857143,32,432,1.0986122886681098,6.520783117383144,0,1
15364.0,35,2,913.19,31.489310344827587,29,193,1.0986122886681098,6.818038427312331,0,1
15365.0,21,10,4187.96,21.15131313131313,117,612,2.3978952727983707,8.340207772083112,1,0
15366.0,14,7,2389.08,17.312173913043477,86,591,2.0794415416798357,7.779082117168702,0,1
15367.0,185,9,4619.92,18.553895582329318,191,668,2.302585092994046,8.438349098450336,1,0
15368.0,333,1,275.8,68.95,4,333,0.6931471805599453,5.623295223743515,1,0
15369.0,431,11,6251.26,105.9535593220339,44,671,2.4849066497880004,8.740698277368923,0,1
15370.0,10,6,3392.21,24.05822695035461,90,350,1.9459101490553132,8.129531654999848,1,0
15371.0,601,1,59.400000000000006,59.400000000000006,1,601,0.6931471805599453,4.100989104940769,0,1
15372.0,76,8,6017.0599999999995,105.56245614035087,45,603,2.1972245773362196,8.70252022723002,0,1
15373.0,55,14,2355.53,15.003375796178345,98,526,2.70805020110221,7.764945477027499,1,0
15374.0,68,2,307.32,30.732,8,564,1.0986122886681098,5.731138204666056,0,1
15375.0,629,1,60.959999999999994,10.159999999999998,6,629,0.6931471805599453,4.1264890155486675,0,1
15376.0,56,2,977.22,9.675445544554456,94,161,1.0986122886681098,6.885734593612868,1,0
15377.0,322,4,1211.75,57.70238095238095,15,355,1.6094379124341003,7.100645787125326,0,1
15378.0,402,2,246.5,20.541666666666668,8,441,1.0986122886681098,5.511410582008745,0,1
15379.0,108,8,4877.84,18.546920152091257,177,340,2.1972245773362196,8.492662765672868,0,1
15380.0,25,9,2563.26,64.0815,24,677,2.302585092994046,7.849425216955679,1,0
15381.0,153,5,1890.57,78.77374999999999,20,522,1.791759469228055,7.545162451054191,0,1
15382.0,24,11,12487.74,21.680104166666666,296,674,2.4849066497880004,9.432582717326259,1,0
15384.0,109,4,2027.79,17.184661016949153,83,532,1.6094379124341003,7.615194835208677,0,1
15385.0,332,2,625.2,69.46666666666667,8,616,1.0986122886681098,6.4396698088923054,1,0
15386.0,125,1,394.14,12.714193548387096,31,125,0.6931471805599453,5.979240132485259,0,1
15387.0,431,1,468.65,23.432499999999997,20,431,0.6931471805599453,6.151987736440525,0,1
15388.0,209,1,140.54,14.053999999999998,10,209,0.6931471805599453,4.952582362647639,0,1
15389.0,111,5,2733.8,455.6333333333334,2,621,1.791759469228055,7.913813586039639,0,1
15390.0,335,2,1216.66,15.800779220779221,77,348,1.0986122886681098,7.104686263160091,0,1
15391.0,523,1,289.87,24.155833333333334,12,523,0.6931471805599453,5.672876431960318,0,1
15392.0,28,5,2041.55,19.630288461538463,74,371,1.791759469228055,7.621954306238694,1,0
15393.0,220,4,783.58,19.5895,35,663,1.6094379124341003,6.665148542754663,1,0
15394.0,17,10,4957.4,23.274178403755865,128,663,2.3978952727983707,8.508838387033483,1,0
15395.0,265,1,107.45,15.35,7,265,0.6931471805599453,4.6862892372728835,0,1
15396.0,52,2,796.38,49.77375,16,523,1.0986122886681098,6.681331353117785,0,1
15397.0,229,1,94.0,15.666666666666666,6,229,0.6931471805599453,4.553876891600541,0,1
15398.0,17,1,634.85,18.138571428571428,35,17,0.6931471805599453,6.4549626864667555,1,0
15399.0,18,1,305.17,20.34466666666667,15,18,0.6931471805599453,5.72414050324408,1,0
15400.0,31,8,1302.3,48.233333333333334,16,500,2.1972245773362196,7.172654788536674,0,1
15401.0,391,2,216.95,15.49642857142857,14,508,1.0986122886681098,5.384265678684401,0,1
15402.0,88,6,1830.54,13.973587786259541,79,531,1.9459101490553132,7.512912422002219,0,1
15403.0,431,2,170.88,21.36,6,670,1.0986122886681098,5.146796558906795,0,1
15404.0,315,1,257.06,16.06625,16,315,0.6931471805599453,5.5531921160237,0,1
15405.0,128,2,659.84,21.994666666666667,29,515,1.0986122886681098,6.493511753062391,0,1
15406.0,240,3,717.45,6.405803571428572,101,392,1.3862943611198906,6.577096113675216,1,0
15407.0,123,3,740.73,11.947258064516129,62,244,1.3862943611198906,6.608985295544861,1,0
15408.0,203,1,267.18,7.858235294117647,34,203,0.6931471805599453,5.591658396851496,0,1
15409.0,660,1,131.25,14.583333333333334,9,660,0.6931471805599453,4.8846940707384086,0,1
15410.0,23,10,4685.72,28.9241975308642,80,539,2.3978952727983707,8.45248825643265,0,1
15411.0,9,3,991.26,18.022909090909092,52,122,1.3862943611198906,6.8999851697177075,1,0
15412.0,110,1,190.53,19.053,10,110,0.6931471805599453,5.25504445431457,0,1
15413.0,631,5,6798.72,271.9488,20,678,1.791759469228055,8.824636713845836,0,1
15414.0,181,1,36.2,7.24,5,181,0.6931471805599453,3.616308761279101,1,0
15415.0,252,1,559.61,11.906595744680851,46,252,0.6931471805599453,6.329025476602274,0,1
15416.0,4,7,4572.82,20.056228070175436,189,616,2.0794415416798357,8.428104020944367,0,1
15417.0,24,1,508.8,18.17142857142857,28,24,0.6931471805599453,6.234018491942015,0,1
15418.0,364,2,449.42,6.609117647058824,64,526,1.0986122886681098,6.110180480812966,0,1
15420.0,373,6,743.0,13.267857142857142,52,673,1.9459101490553132,6.612041034833092,0,1
15421.0,154,9,3594.34,11.823486842105263,170,671,2.302585092994046,8.18739384148286,1,0
15422.0,262,7,1619.97,13.49975,80,610,2.0794415416798357,7.390780014470032,0,1
15423.0,521,2,223.39000000000001,18.615833333333335,12,560,1.0986122886681098,5.413385609375712,1,0
15424.0,193,3,597.78,18.114545454545453,33,402,1.3862943611198906,6.394894251854076,0,1
15425.0,339,4,1941.1200000000001,13.574265734265735,114,603,1.6094379124341003,7.57153543890927,0,1
15426.0,196,6,1386.41,5.251553030303031,218,525,1.9459101490553132,7.235193978651909,1,0
15428.0,326,3,668.97,17.60447368421053,35,661,1.3862943611198906,6.507232935263128,1,0
15429.0,14,1,243.06,5.171489361702128,44,14,0.6931471805599453,5.497414096703693,1,0
15430.0,407,2,954.75,26.520833333333332,36,467,1.0986122886681098,6.862496372576522,0,1
15431.0,442,1,153.24,76.62,2,442,0.6931471805599453,5.038509830862235,0,1
15432.0,480,1,149.57,24.92833333333333,6,480,0.6931471805599453,5.014428092334952,1,0
15433.0,153,2,533.3,13.00731707317073,40,206,1.0986122886681098,6.2809574789637255,0,1
15434.0,46,9,2112.86,19.034774774774775,79,623,2.302585092994046,7.656270939071637,1,0
15436.0,173,1,484.1,3.8728000000000002,124,173,0.6931471805599453,6.184355055251171,1,0
15437.0,201,2,393.45,6.902631578947368,56,580,1.0986122886681098,5.977492389541099,0,1
15438.0,70,1,156.57999999999998,6.263199999999999,25,70,0.6931471805599453,5.059933265817542,0,1
15439.0,344,4,1269.05,22.264035087719297,49,593,1.6094379124341003,7.1468115487563955,0,1
15440.0,75,2,237.66,7.426875,25,148,1.0986122886681098,5.47503994494151,1,0
15441.0,335,3,1254.21,22.003684210526316,45,669,1.3862943611198906,7.135058168244959,0,1
15442.0,188,1,594.0,297.0,2,188,0.6931471805599453,6.38856140554563,0,1
15443.0,13,10,2954.98,7.901016042780749,294,582,2.3978952727983707,7.991585516145339,1,0
15445.0,203,2,284.5,20.321428571428573,12,529,1.0986122886681098,5.654242029096065,0,1
15446.0,316,3,399.75,3.5691964285714284,90,665,1.3862943611198906,5.993337791489663,0,1
15447.0,270,5,492.88,16.99586206896552,27,564,1.791759469228055,6.202292572699543,0,1
15448.0,252,2,788.8100000000001,16.098163265306123,49,613,1.0986122886681098,6.6717924102056685,0,1
15449.0,124,2,647.7,16.192500000000003,30,201,1.0986122886681098,6.47497036021901,1,0
15451.0,373,2,226.86,3.781,56,538,1.0986122886681098,5.42873140526997,0,1
15452.0,10,5,1659.71,8.599533678756476,155,450,1.791759469228055,7.415000500751753,1,0
15453.0,31,4,701.2,4.802739726027397,102,127,1.6094379124341003,6.554218263734332,1,0
15454.0,301,2,305.99,7.64975,35,557,1.0986122886681098,5.726815173766774,0,1
15455.0,537,1,38.25,19.125,2,537,0.6931471805599453,3.6699514442284173,0,1
15456.0,222,10,2091.52,9.21374449339207,128,670,2.3978952727983707,7.646124360262995,0,1
15457.0,201,1,237.07,4.087413793103448,56,201,0.6931471805599453,5.472564748074418,0,1
15458.0,341,1,208.8,34.800000000000004,6,341,0.6931471805599453,5.346154695962197,1,0
15459.0,356,2,202.83,28.975714285714286,6,436,1.0986122886681098,5.317286313095639,0,1
15460.0,293,1,214.26,3.8260714285714283,53,293,0.6931471805599453,5.371846599836152,0,1
15461.0,400,2,429.7,214.85,1,571,1.0986122886681098,6.065411792060065,0,1
15462.0,33,4,737.05,17.976829268292683,32,385,1.6094379124341003,6.604011572983006,0,1
15464.0,277,1,1044.65,6.739677419354839,155,277,0.6931471805599453,6.952393980600518,0,1
15465.0,1,31,11313.96,45.991707317073164,94,669,3.4657359027997265,9.333881022931031,1,0
15466.0,24,4,1560.46,5.9559541984732824,211,676,1.6094379124341003,7.353376560000536,0,1
15467.0,84,2,402.56,10.322051282051282,36,91,1.0986122886681098,6.000325175540179,1,0
15468.0,332,1,962.97,17.19589285714286,56,332,0.6931471805599453,6.871060173794348,1,0
15469.0,59,2,640.0,18.285714285714285,30,378,1.0986122886681098,6.46302945692067,1,0
15470.0,515,1,63.419999999999995,15.854999999999999,4,515,0.6931471805599453,4.165424143903053,0,1
15471.0,319,2,837.53,10.213780487804877,67,490,1.0986122886681098,6.731650358798553,1,0
15472.0,52,1,371.56,4.888947368421053,76,52,0.6931471805599453,5.920398098674122,0,1
15473.0,0,2,822.0,137.0,5,384,1.0986122886681098,6.71295620067707,1,0
15474.0,535,1,150.35,7.913157894736842,19,535,0.6931471805599453,5.019595035467727,0,1
15475.0,16,1,454.11,15.65896551724138,29,16,0.6931471805599453,6.120539147973894,0,1
15476.0,319,4,2209.98,27.974430379746835,67,381,1.6094379124341003,7.701191135135846,0,1
15477.0,589,1,368.4,184.2,2,589,0.6931471805599453,5.911880067765139,0,1
15478.0,514,1,583.5600000000001,23.3424,24,514,0.6931471805599453,6.370859427482962,1,0
15479.0,672,1,147.4,16.37777777777778,9,672,0.6931471805599453,4.99991133073328,0,1
15480.0,55,5,6279.0,29.204651162790697,199,615,1.791759469228055,8.745125259462244,0,1
15481.0,340,1,1993.34,52.456315789473685,38,340,0.6931471805599453,7.598068447520948,0,1
15482.0,105,11,5465.9,75.91527777777777,46,676,2.4849066497880004,8.60646700716012,1,0
15483.0,100,10,817.82,3.0402230483271375,216,623,2.3978952727983707,6.707864279478078,0,1
15484.0,17,3,2694.31,16.529509202453987,155,673,1.3862943611198906,7.8992685045572175,1,0
15485.0,275,6,3514.55,37.388829787234044,56,677,1.9459101490553132,8.164951264265992,1,0
15486.0,466,1,102.0,102.0,1,466,0.6931471805599453,4.634728988229636,0,1
15487.0,619,1,231.32,16.52285714285714,14,619,0.6931471805599453,5.448115731636431,0,1
15488.0,32,5,431.92,39.265454545454546,10,522,1.791759469228055,6.070552953426946,0,1
15489.0,150,6,1633.5900000000001,18.77689655172414,66,632,1.9459101490553132,7.399147287358679,1,0
15490.0,369,1,210.85,8.434,22,369,0.6931471805599453,5.355878477072568,0,1
15491.0,34,6,3100.09,20.130454545454548,108,175,1.9459101490553132,8.039508941575132,0,1
15492.0,13,1,487.74,17.419285714285714,28,13,0.6931471805599453,6.191830650732204,1,0
15493.0,89,7,3455.2200000000003,6.722217898832685,242,594,2.0794415416798357,8.147930785305308,1,0
15494.0,60,4,3541.9,10.636336336336337,275,668,1.6094379124341003,8.17270087979879,1,0
15495.0,318,1,246.5,12.325,20,318,0.6931471805599453,5.511410582008745,0,1
15496.0,570,1,146.14,6.642727272727272,22,570,0.6931471805599453,4.9913845145041185,0,1
15497.0,259,8,8365.79,72.11887931034484,65,660,2.1972245773362196,9.032025577378974,1,0
15498.0,24,38,21840.010000000002,26.00001190476191,553,662,3.6635616461296463,9.9915446742108,1,0
15499.0,663,1,158.65,3.8695121951219513,40,663,0.6931471805599453,5.072983919160791,0,1
15500.0,20,1,406.02000000000004,22.55666666666667,18,20,0.6931471805599453,6.008862324284403,1,0
15501.0,344,2,399.95,5.796376811594203,64,355,1.0986122886681098,5.993836731253038,0,1
15502.0,6,12,12355.92,40.24729641693811,230,494,2.5649493574615367,9.421971509019949,1,0
15503.0,302,2,257.3,2.1991452991452993,112,666,1.0986122886681098,5.554121700101795,0,1
15504.0,20,4,402.7,6.2921875,42,605,1.6094379124341003,6.000672027858895,0,1
15505.0,24,4,2730.38,40.15264705882353,64,94,1.6094379124341003,7.9125622549651915,1,0
15506.0,78,4,1267.02,7.725731707317073,114,417,1.6094379124341003,7.145211907743443,1,0
15507.0,111,1,475.86,10.574666666666667,41,111,0.6931471805599453,6.167222946760261,0,1
15508.0,128,6,1000.27,10.8725,78,174,1.9459101490553132,6.909024473214282,0,1
15509.0,319,1,152.41,5.861923076923077,26,319,0.6931471805599453,5.033114075856682,0,1
15510.0,270,1,250.0,250.0,1,270,0.6931471805599453,5.5254529391317835,0,1
15511.0,24,1,202.9,8.821739130434782,23,24,0.6931471805599453,5.31762967758041,1,0
15512.0,95,4,331.58,10.361875,29,615,1.6094379124341003,5.806880432659768,0,1
15513.0,34,33,23030.97,46.6213967611336,258,634,3.5263605246161616,10.044638529755561,1,0
15514.0,165,13,4870.28,19.48112,129,674,2.6390573296152584,8.49111201521748,1,0
15515.0,326,1,171.81,24.544285714285714,7,326,0.6931471805599453,5.1521927250659,0,1
15517.0,172,1,267.03,9.889999999999999,27,172,0.6931471805599453,5.591098914544516,0,1
15518.0,3,15,4189.99,9.352656249999999,250,659,2.772588722239781,8.340692261856846,0,1
15519.0,322,2,344.61,9.313783783783784,34,385,1.0986122886681098,5.845310971696471,0,1
15521.0,34,15,6424.82,16.95203166226913,183,643,2.772588722239781,8.768079528079001,1,0
15522.0,27,1,259.05,6.318292682926829,41,27,0.6931471805599453,5.560873920219081,1,0
15523.0,23,16,17259.19,81.41127358490566,65,676,2.833213344056216,9.75615797268807,0,1
15524.0,546,1,151.4,18.925,8,546,0.6931471805599453,5.026508643252546,1,0
15525.0,312,2,430.78000000000003,5.983055555555556,66,322,1.0986122886681098,6.067916199268313,1,0
15527.0,28,21,4734.7,17.601115241635686,184,663,3.091042453358316,8.462884829962894,1,0
15528.0,193,1,229.33,8.820384615384615,26,193,0.6931471805599453,5.4395130632148145,0,1
15529.0,6,11,4434.1,6.245211267605634,429,333,2.4849066497880004,8.397305442403798,1,0
15530.0,89,4,1475.06,11.52390625,98,452,1.6094379124341003,7.297131654740716,1,0
15532.0,70,9,3388.61,5.986943462897527,386,488,2.302585092994046,8.128470149508612,1,0
15533.0,21,2,554.74,12.607727272727272,41,28,1.0986122886681098,6.320300558980213,1,0
15534.0,665,1,162.25,20.28125,8,665,0.6931471805599453,5.09528276815654,0,1
15535.0,112,6,1044.37,8.033615384615384,88,388,1.9459101490553132,6.9521261687176334,0,1
15536.0,348,1,259.09,16.193125,16,348,0.6931471805599453,5.561027724964261,0,1
15537.0,102,1,110.92,4.621666666666667,24,102,0.6931471805599453,4.717784330357226,0,1
15538.0,477,6,3358.4,239.8857142857143,3,603,1.9459101490553132,8.119517665582903,0,1
15540.0,315,1,247.38,15.46125,16,315,0.6931471805599453,5.514959831519887,1,0
15541.0,53,1,85.13000000000001,2.9355172413793107,29,53,0.6931471805599453,4.455857782801083,0,1
15542.0,451,3,855.71,3.7863274336283186,212,677,1.3862943611198906,6.753099471599433,0,1
15543.0,227,2,242.26,4.326071428571429,50,399,1.0986122886681098,5.49413083019029,0,1
15544.0,59,18,7033.55,14.901588983050848,154,619,2.9444389791664403,8.858589001617723,1,0
15545.0,310,1,135.32999999999998,4.365483870967742,31,310,0.6931471805599453,4.915078417198038,1,0
15546.0,546,2,1079.1000000000001,89.92500000000001,6,546,1.0986122886681098,6.984808908424428,0,1
15547.0,7,24,9307.72,7.788887029288702,581,672,3.2188758248682006,9.13870687424539,1,0
15548.0,535,1,158.09,6.8734782608695655,23,535,0.6931471805599453,5.069470079817148,0,1
15549.0,16,8,2334.16,14.497888198757764,139,636,2.1972245773362196,7.75583569023938,0,1
15550.0,45,11,2068.7,9.276681614349775,160,675,2.4849066497880004,7.635158948220172,1,0
15551.0,333,6,1243.75,10.910087719298245,95,489,1.9459101490553132,7.126689985522292,1,0
15552.0,156,2,252.52,8.417333333333334,29,562,1.0986122886681098,5.535442715382666,0,1
15554.0,217,1,217.2,15.514285714285714,14,217,0.6931471805599453,5.38541207339897,0,1
15555.0,8,32,9873.0,7.345982142857143,592,673,3.4965075614664802,9.197660318818809,1,0
15558.0,578,1,202.68,8.812173913043479,23,578,0.6931471805599453,5.316550134809097,0,1
15559.0,507,1,1109.4,17.893548387096775,62,507,0.6931471805599453,7.01247558975254,0,1
15560.0,337,2,153.52,15.352,10,337,1.0986122886681098,5.040323537798081,0,1
15561.0,89,7,1583.47,19.549012345679014,55,603,2.0794415416798357,7.368005245534254,1,0
15562.0,291,3,671.4300000000001,20.346363636363638,32,665,1.3862943611198906,6.510898016839005,0,1
15563.0,140,5,2194.64,10.653592233009707,151,620,1.791759469228055,7.694228854764475,1,0
15564.0,402,2,70.74000000000001,17.685000000000002,4,615,1.0986122886681098,4.273048472104136,0,1
15565.0,10,1,88.80000000000001,22.200000000000003,4,10,0.6931471805599453,4.497584975308154,1,0
15566.0,332,2,227.87,18.989166666666666,9,663,1.0986122886681098,5.4331541567702475,0,1
15568.0,12,1,228.31,11.4155,20,12,0.6931471805599453,5.435074799902897,1,0
15569.0,43,10,3583.45,25.596071428571427,123,589,2.3978952727983707,8.184360324248784,0,1
15570.0,81,22,7397.65,11.346088957055214,405,560,3.1354942159291497,8.909052830117009,1,0
15571.0,17,11,3444.27,6.161484794275492,418,673,2.4849066497880004,8.144757554832374,1,0
15572.0,49,7,2984.57,11.391488549618321,204,543,2.0794415416798357,8.00154596237103,1,0
15573.0,25,4,1001.32,5.960238095238095,148,668,1.6094379124341003,6.910072591937297,1,0
15574.0,117,6,1101.44,4.788869565217391,191,403,1.9459101490553132,7.005281184071375,0,1
15575.0,559,1,30.1,10.033333333333333,3,559,0.6931471805599453,3.4372078191851885,0,1
15577.0,90,5,396.03,6.712372881355932,58,665,1.791759469228055,5.984011844582797,0,1
15578.0,101,1,127.1,9.776923076923076,13,101,0.6931471805599453,4.852811208902689,0,1
15579.0,8,5,1250.63,7.767888198757765,140,371,1.791759469228055,7.132201980826739,0,1
15580.0,316,8,1375.39,6.112844444444445,150,610,2.1972245773362196,7.227219408567087,0,1
15581.0,60,38,7480.4,10.93625730994152,542,677,3.6635616461296463,8.920175219230595,0,1
15582.0,39,2,541.51,15.041944444444445,33,159,1.0986122886681098,6.296206518424449,1,0
15583.0,315,1,95.96,2.4605128205128204,37,315,0.6931471805599453,4.574298522321004,0,1
15584.0,12,4,835.77,5.498486842105263,132,610,1.6094379124341003,6.729549241807581,1,0
15585.0,116,1,455.3,14.687096774193549,31,116,0.6931471805599453,6.123150487933357,0,1
15586.0,532,3,1139.1000000000001,29.976315789473688,30,640,1.3862943611198906,7.038871256839674,0,1
15587.0,29,6,1410.1200000000001,117.51,3,431,1.9459101490553132,7.2521389943032215,1,0
15588.0,617,1,579.6,144.9,4,617,0.6931471805599453,6.36406205159053,0,1
15589.0,195,3,478.53,16.50103448275862,28,250,1.3862943611198906,6.172806457538428,0,1
15590.0,321,5,1496.6,17.20229885057471,75,546,1.791759469228055,7.311619105723327,0,1
15591.0,522,3,217.9,31.12857142857143,6,613,1.3862943611198906,5.388615004528817,0,1
15593.0,10,1,199.8,39.96,5,10,0.6931471805599453,5.302309387817574,0,1
15594.0,21,3,1506.43,16.9261797752809,81,174,1.3862943611198906,7.31816149302903,1,0
15595.0,427,1,357.59999999999997,89.39999999999999,4,427,0.6931471805599453,5.8822075611710325,0,1
15596.0,40,9,2727.72,17.598193548387094,82,439,2.302585092994046,7.911587913758826,0,1
15597.0,514,1,238.8,15.92,15,514,0.6931471805599453,5.479805242593414,1,0
15598.0,367,1,307.34,13.969999999999999,22,367,0.6931471805599453,5.731203070232193,1,0
15599.0,143,2,937.15,15.619166666666667,58,385,1.0986122886681098,6.843909850933383,1,0
15600.0,367,4,1199.31,16.89169014084507,55,533,1.6094379124341003,7.090335135747115,0,1
15601.0,28,28,13232.2,17.29699346405229,288,677,3.367295829986474,9.490484102389663,1,0
15602.0,10,13,2785.28,24.868571428571432,60,677,2.6390573296152584,7.9324626518022745,1,0
15603.0,18,2,88.48,22.12,4,587,1.0986122886681098,4.494015136621929,0,1
15605.0,29,8,1438.5,17.54268292682927,66,633,2.1972245773362196,7.272051110052231,1,0
15606.0,0,17,5230.99,36.07579310344828,84,586,2.8903717578961645,8.562546981820223,0,1
15607.0,276,9,1708.97,15.67862385321101,95,640,2.302585092994046,7.444231105483161,0,1
15608.0,60,2,977.98,15.523492063492064,57,355,1.0986122886681098,6.886511213312643,1,0
15609.0,123,1,298.48,18.655,16,123,0.6931471805599453,5.702047637362485,0,1
15611.0,9,23,2501.67,30.884814814814817,41,622,3.1780538303479458,7.825113440950029,1,0
15612.0,1,1,69.65,23.21666666666667,3,1,0.6931471805599453,4.257738109130536,1,0
15613.0,549,1,433.71999999999997,16.063703703703702,27,549,0.6931471805599453,6.074702145678038,0,1
15614.0,377,4,3147.36,38.8562962962963,73,566,1.6094379124341003,8.054636961321624,0,1
15615.0,2,44,19166.49,23.31689781021898,283,676,3.8066624897703196,9.860970893716466,1,0
15616.0,377,1,317.11,24.393076923076926,13,377,0.6931471805599453,5.762397234916117,0,1
15617.0,335,3,828.5500000000001,19.727380952380955,41,446,1.3862943611198906,6.720883385089365,0,1
15618.0,31,3,419.041,17.460041666666665,22,76,1.3862943611198906,6.040352325560604,1,0
15620.0,160,3,1264.19,14.204382022471911,84,349,1.3862943611198906,7.142977587511544,1,0
15622.0,26,16,7470.66,18.176788321167884,316,585,2.833213344056216,8.918872475661384,1,0
15623.0,80,8,2437.05,22.56527777777778,91,668,2.1972245773362196,7.798953818444536,0,1
15624.0,56,4,588.13,17.297941176470587,26,195,1.6094379124341003,6.3786468723710446,0,1
15625.0,43,9,3236.4,18.926315789473684,106,481,2.302585092994046,8.08252581749986,0,1
15626.0,14,3,1067.52,13.344,73,360,1.3862943611198906,6.9740297924127574,0,1
15627.0,396,2,566.9,23.620833333333334,23,462,1.0986122886681098,6.341945346883387,0,1
15628.0,4,14,4504.7,17.39266409266409,122,665,2.70805020110221,8.413098540879645,1,0
15629.0,389,4,2240.9,29.102597402597404,39,472,1.6094379124341003,7.715078999604354,0,1
15630.0,144,2,691.91,16.875853658536585,41,583,1.0986122886681098,6.540900120626177,1,0
15631.0,581,1,596.67,15.299230769230768,39,581,0.6931471805599453,6.393038762166311,0,1
15632.0,3,7,2978.96,19.47032679738562,99,214,2.0794415416798357,7.999665156590571,1,0
15633.0,448,13,4335.96,24.636136363636364,77,670,2.6390573296152584,8.374928920827651,0,1
15634.0,322,1,311.1,16.373684210526317,19,322,0.6931471805599453,5.743323649276734,1,0
15635.0,335,1,100.35,50.175,2,335,0.6931471805599453,4.618579872898009,0,1
15636.0,29,4,1444.58,25.343508771929823,39,509,1.6094379124341003,7.276265904096536,0,1
15637.0,353,4,574.23,22.08576923076923,23,663,1.6094379124341003,6.354769960818677,1,0
15638.0,318,6,2265.2,90.60799999999999,20,549,1.9459101490553132,7.725859698946466,0,1
15639.0,73,3,1065.08,15.435942028985506,61,544,1.3862943611198906,6.971743648814227,0,1
15640.0,17,26,20439.2,32.49475357710652,276,664,3.295836866004329,9.925258829005582,1,0
15641.0,44,12,5345.55,17.188263665594857,249,672,2.5649493574615367,8.584206772065448,0,1
15642.0,669,1,105.78,17.63,6,669,0.6931471805599453,4.67077064307204,0,1
15643.0,131,3,664.0,20.12121212121212,31,221,1.3862943611198906,6.499787040655854,0,1
15644.0,105,4,803.54,3.4635344827586207,166,200,1.6094379124341003,6.6902706855196055,0,1
15645.0,353,2,443.16,27.6975,16,364,1.0986122886681098,6.096184857878385,1,0
15646.0,97,5,784.8100000000001,11.541323529411766,65,349,1.791759469228055,6.666715032927835,0,1
15647.0,354,1,169.0,15.363636363636363,11,354,0.6931471805599453,5.135798437050262,0,1
15648.0,143,2,639.5,26.645833333333332,23,206,1.0986122886681098,6.4622491213367885,0,1
15649.0,275,4,1660.35,150.9409090909091,8,326,1.6094379124341003,7.415385803851587,0,1
15650.0,461,2,553.88,15.385555555555555,33,568,1.0986122886681098,6.318751874152122,0,1
15651.0,200,3,840.08,19.092727272727274,44,535,1.3862943611198906,6.734686780300234,1,0
15652.0,30,5,1405.94,13.78372549019608,93,424,1.791759469228055,7.249172412281871,0,1
15653.0,32,2,877.44,146.24,4,55,1.0986122886681098,6.7781476070590925,0,1
15655.0,182,1,560.6700000000001,16.49029411764706,34,182,0.6931471805599453,6.330914488818843,0,1
15656.0,117,3,563.63,16.103714285714286,34,223,1.3862943611198906,6.336170649370582,1,0
15658.0,129,8,2117.27,20.757549019607843,79,676,2.1972245773362196,7.658354996790167,0,1
15659.0,326,2,226.04,22.604,8,592,1.0986122886681098,5.425126213411732,1,0
15660.0,24,13,2259.33,17.116136363636365,66,611,2.6390573296152584,7.7232660993059,1,0
15661.0,256,8,1215.95,27.635227272727274,27,518,2.1972245773362196,7.104103007509184,0,1
15662.0,600,2,283.73,23.644166666666667,12,677,1.0986122886681098,5.6515413628105104,0,1
15663.0,45,1,138.14,15.348888888888887,9,45,0.6931471805599453,4.935480620495495,0,1
15664.0,388,3,867.6,16.369811320754717,46,589,1.3862943611198906,6.766882720100721,1,0
15665.0,107,5,3987.07,13.940804195804196,163,574,1.791759469228055,8.291062683585658,0,1
15666.0,411,2,632.94,9.446865671641792,62,434,1.0986122886681098,6.451954312734866,0,1
15668.0,157,1,76.32000000000001,76.32000000000001,1,157,0.6931471805599453,4.34795265434013,0,1
15669.0,43,3,565.54,18.851333333333333,29,203,1.3862943611198906,6.33954768697801,1,0
15670.0,236,2,325.2,17.11578947368421,19,495,1.0986122886681098,5.787510690186913,0,1
15671.0,34,5,1972.89,30.82640625,47,210,1.791759469228055,7.587761494023337,1,0
15672.0,664,1,45.300000000000004,15.100000000000001,3,664,0.6931471805599453,3.8351419610921886,0,1
15673.0,27,9,6204.32,23.15044776119403,177,594,2.302585092994046,8.73316226762241,0,1
15674.0,12,13,6948.2300000000005,19.795527065527068,262,670,2.6390573296152584,8.846386141054115,0,1
15675.0,20,4,542.04,15.486857142857142,32,343,1.6094379124341003,6.297182982045862,0,1
15676.0,223,1,897.8,14.718032786885246,61,223,0.6931471805599453,6.801060540311174,1,0
15677.0,360,2,648.4,16.625641025641023,32,403,1.0986122886681098,6.4760488596687455,1,0
15678.0,334,2,1473.24,18.4155,67,462,1.0986122886681098,7.295897881747552,1,0
15679.0,93,2,260.26,11.83,18,122,1.0986122886681098,5.565516080058417,1,0
15680.0,305,8,3173.9,16.88244680851064,128,677,2.1972245773362196,8.063031414767789,1,0
15681.0,122,12,2266.76,33.83223880597015,40,503,2.5649493574615367,7.72654783914248,1,0
15682.0,538,2,318.24,12.7296,25,626,1.0986122886681098,5.765943171007808,0,1
15683.0,56,2,524.54,20.174615384615382,25,413,1.0986122886681098,6.2644263054030525,0,1
15684.0,486,3,173.95,15.813636363636363,9,674,1.3862943611198906,5.164500218813697,0,1
15685.0,389,1,55.980000000000004,3.2929411764705883,17,389,0.6931471805599453,4.0427003290697625,0,1
15686.0,359,1,90.0,90.0,1,359,0.6931471805599453,4.51085950651685,0,1
15687.0,4,6,2241.18,17.50921875,91,269,1.9459101490553132,7.715203885868811,1,0
15688.0,358,1,190.57,7.058148148148148,26,358,0.6931471805599453,5.25525327707701,0,1
15689.0,59,3,521.03,21.70958333333333,20,557,1.3862943611198906,6.2577250574955965,0,1
15690.0,40,1,111.0,13.875,8,40,0.6931471805599453,4.718498871295094,1,0
15691.0,191,4,571.3,40.80714285714286,12,672,1.6094379124341003,6.349663329415057,0,1
15693.0,598,1,37.5,37.5,1,598,0.6931471805599453,3.6506582412937387,0,1
15694.0,6,20,8215.12,69.0346218487395,50,671,3.044522437723423,9.01385335714925,1,0
15695.0,206,4,1131.04,19.170169491525424,55,621,1.6094379124341003,7.031776593827884,0,1
15696.0,19,12,3179.01,18.270172413793105,134,623,2.5649493574615367,8.064639620423366,1,0
15697.0,629,1,246.75,17.625,14,629,0.6931471805599453,5.5124201732100975,0,1
15698.0,563,1,46.2,23.1,2,563,0.6931471805599453,3.8543938925915096,0,1
15700.0,111,2,696.68,8.10093023255814,85,112,1.0986122886681098,6.54776054491873,0,1
15701.0,7,3,1210.06,6.020199004975124,170,50,1.3862943611198906,7.099251288155631,1,0
15702.0,415,2,140.39,4.679666666666666,30,621,1.0986122886681098,4.951522029603749,0,1
15703.0,204,1,211.5,42.3,5,204,0.6931471805599453,5.358941988364472,0,1
15704.0,79,6,3734.6600000000003,18.3071568627451,129,522,1.9459101490553132,8.225679788783415,0,1
15705.0,140,1,143.1,23.849999999999998,6,140,0.6931471805599453,4.970507503005476,0,1
15706.0,3,4,1060.56,19.28290909090909,50,55,1.6094379124341003,6.967494803332995,0,1
15707.0,3,2,347.1,4.036046511627907,73,25,1.0986122886681098,5.8524897948173935,1,0
15708.0,78,8,3241.2400000000002,11.372771929824562,114,365,2.1972245773362196,8.084019727933201,1,0
15709.0,223,2,327.85,12.142592592592594,26,528,1.0986122886681098,5.79560171974736,0,1
15710.0,356,1,898.87,8.171545454545454,110,356,0.6931471805599453,6.802250308446763,0,1
15711.0,496,2,420.25,16.81,25,624,1.0986122886681098,6.043226481666571,0,1
15712.0,10,11,3265.96,21.070709677419355,80,678,2.4849066497880004,8.091615167877508,1,0
15713.0,82,4,839.64,16.146923076923077,48,663,1.6094379124341003,6.734163506497175,0,1
15714.0,17,4,586.4100000000001,30.86368421052632,16,495,1.6094379124341003,6.375723042793938,1,0
15715.0,495,5,658.02,17.316315789473684,33,559,1.791759469228055,6.490753883055643,0,1
15716.0,85,11,2485.26,8.68972027972028,188,672,2.4849066497880004,7.818534852281762,0,1
15717.0,173,5,607.0,25.291666666666668,17,532,1.791759469228055,6.410174881966167,0,1
15718.0,479,1,293.79,16.32166666666667,18,479,0.6931471805599453,5.686263238437263,0,1
15719.0,3,30,9582.03,5.703589285714286,423,678,3.4339872044851463,9.167749104882533,1,0
15720.0,489,1,140.49,5.6196,25,489,0.6931471805599453,4.952229043207861,1,0
15722.0,48,9,4436.24,28.256305732484076,84,579,2.302585092994046,8.397787840517823,1,0
15723.0,304,4,930.7,7.566666666666667,108,513,1.6094379124341003,6.83701087445638,0,1
15724.0,140,3,310.85,18.28529411764706,17,340,1.3862943611198906,5.742522302972132,0,1
15726.0,329,1,321.91,13.99608695652174,23,329,0.6931471805599453,5.777373646625042,0,1
15727.0,46,14,8802.04,13.62544891640867,407,624,2.70805020110221,9.082852395356069,1,0
15728.0,319,2,544.6,45.38333333333333,10,383,1.0986122886681098,6.301886106529253,0,1
15729.0,152,3,192.55,17.504545454545454,10,342,1.3862943611198906,5.265535877023657,0,1
15730.0,5,5,1726.58,15.554774774774774,102,370,1.791759469228055,7.454476864265657,0,1
15731.0,493,1,125.3,15.6625,8,493,0.6931471805599453,4.838660029356445,0,1
15732.0,151,10,1543.97,15.595656565656565,53,613,2.3978952727983707,7.342759771667596,0,1
15733.0,222,1,162.3,16.23,10,222,0.6931471805599453,5.095588999976419,0,1
15734.0,54,4,2263.3,52.63488372093024,36,486,1.6094379124341003,7.725020939378476,0,1
15735.0,360,1,327.68,17.246315789473684,19,360,0.6931471805599453,5.795084633062987,0,1
15736.0,374,2,1767.1200000000001,17.671200000000002,95,374,1.0986122886681098,7.477672114197468,0,1
15737.0,18,6,1064.51,16.377076923076924,55,182,1.9459101490553132,6.971208836759764,1,0
15738.0,3,39,12390.87,27.23268131868132,70,668,3.6888794541139363,9.424795891402555,1,0
15739.0,5,1,449.12,56.14,8,5,0.6931471805599453,6.109514213881797,0,1
15741.0,397,2,208.62,17.385,11,558,1.0986122886681098,5.345296367742031,0,1
15742.0,558,1,156.87,3.82609756097561,41,558,0.6931471805599453,5.061771909543635,0,1
15743.0,53,2,434.05,12.766176470588235,31,124,1.0986122886681098,6.075460967012034,1,0
15744.0,17,1,34.8,11.6,3,17,0.6931471805599453,3.5779478934066544,0,1
15745.0,13,2,607.75,16.881944444444443,36,175,1.0986122886681098,6.411407674396799,1,0
15746.0,73,1,196.88,7.031428571428571,28,73,0.6931471805599453,5.287660786359508,0,1
15747.0,59,8,2078.54,12.299053254437869,95,630,2.1972245773362196,7.639901994391092,1,0
15748.0,388,2,465.45,29.090625,16,388,1.0986122886681098,6.14515083340697,1,0
15749.0,174,3,44534.3,4453.43,5,271,1.3862943611198906,10.70403741211812,0,1
15750.0,11,15,5605.411,10.323040515653775,372,677,2.772588722239781,8.631666043343472,1,0
15751.0,400,11,1380.44,10.618769230769232,90,672,2.4849066497880004,7.230881712367113,0,1
15752.0,32,8,3391.68,6.522461538461538,332,397,2.1972245773362196,8.129375448518141,1,0
15753.0,244,1,79.2,79.2,1,244,0.6931471805599453,4.384523514872469,0,1
15754.0,13,8,2882.46,23.62672131147541,109,594,2.1972245773362196,7.966746240928732,1,0
15755.0,13,16,5705.61,16.026994382022473,275,675,2.833213344056216,8.64938043107178,1,0
15756.0,0,4,528.01,2.764450261780105,160,188,1.6094379124341003,6.271007335271311,0,1
15757.0,5,6,2940.36,15.235025906735752,162,486,1.9459101490553132,7.986627338407268,0,1
15759.0,157,7,830.9300000000001,48.87823529411765,10,677,2.0794415416798357,6.7237483026663085,0,1
15760.0,570,2,13916.34,6958.17,1,570,1.0986122886681098,9.540890823673994,0,1
15761.0,382,1,143.05,28.610000000000003,5,382,0.6931471805599453,4.970160461530537,0,1
15762.0,4,2,583.75,15.777027027027026,37,16,1.0986122886681098,6.371184405464288,0,1
15763.0,17,1,522.49,15.833030303030304,33,17,0.6931471805599453,6.26051792793139,1,0
15764.0,27,8,4503.08,18.08465863453815,187,417,2.1972245773362196,8.412738931651127,0,1
15765.0,606,1,370.63,14.8252,25,606,0.6931471805599453,5.917898735650893,0,1
15766.0,3,3,831.0600000000001,31.963846153846156,21,621,1.3862943611198906,6.723904553605634,0,1
15768.0,55,34,15308.89,12.672922185430464,437,676,3.5553480614894135,9.636254303779413,0,1
15769.0,3,42,80727.52,397.672512315271,26,668,3.7612001156935624,11.29884719950703,1,0
15770.0,552,1,321.45,17.858333333333334,18,552,0.6931471805599453,5.7759480854563865,0,1
15771.0,543,3,1006.54,35.94785714285714,26,633,1.3862943611198906,6.915266995265976,0,1
15772.0,357,1,280.88,17.555,16,357,0.6931471805599453,5.641481448458822,0,1
15773.0,348,1,138.84,3.7524324324324327,37,348,0.6931471805599453,4.940498911907225,1,0
15774.0,8,6,1288.34,11.712181818181817,88,595,1.9459101490553132,7.161885738522525,0,1
15775.0,184,2,150.5,16.72222222222222,9,571,1.0986122886681098,5.020585624949423,0,1
15776.0,72,1,241.62,13.423333333333334,18,72,0.6931471805599453,5.491496433342773,0,1
15777.0,180,7,1762.6100000000001,45.195128205128206,29,508,2.0794415416798357,7.475118123687712,0,1
15778.0,370,1,307.95000000000005,18.114705882352943,17,370,0.6931471805599453,5.733179451506989,0,1
15779.0,402,2,124.08000000000001,15.510000000000002,8,471,1.0986122886681098,4.82895353258964,0,1
15780.0,123,3,475.28000000000003,16.38896551724138,26,297,1.3862943611198906,6.166005916582974,0,1
15781.0,77,2,211.3,19.20909090909091,11,245,1.0986122886681098,5.35800036870921,1,0
15782.0,28,2,3037.7,77.88974358974359,38,369,1.0986122886681098,8.01918507136086,1,0
15784.0,407,2,848.33,19.72860465116279,33,611,1.0986122886681098,6.744447803369461,0,1
15785.0,97,15,5306.79,26.93802030456853,88,663,2.772588722239781,8.576930831745576,1,0
15786.0,53,3,6730.26,18.489725274725274,267,476,1.3862943611198906,8.814517626511766,1,0
15787.0,0,1,479.09999999999997,5.98875,78,0,0.6931471805599453,6.173994415536894,1,0
15788.0,448,1,221.83,15.845,14,448,0.6931471805599453,5.406409148898877,0,1
15789.0,297,6,1962.01,14.217463768115943,110,563,1.9459101490553132,7.58223428850699,0,1
15791.0,143,4,3218.89,22.047191780821915,112,581,1.6094379124341003,8.077102476464253,1,0
15792.0,339,2,933.84,16.383157894736843,57,558,1.0986122886681098,6.8403753916508245,0,1
15793.0,208,6,1740.6,82.88571428571429,9,677,1.9459101490553132,7.462559509920338,1,0
15794.0,675,2,777.0,51.8,15,676,1.0986122886681098,6.656726524178391,0,1
15795.0,89,8,1979.8700000000001,15.11351145038168,111,630,2.1972245773362196,7.591291421122726,0,1
15796.0,11,15,4347.78,16.851860465116278,136,557,2.772588722239781,8.377650624976418,1,0
15797.0,52,6,2821.08,235.09,12,620,1.9459101490553132,7.945229480699816,0,1
15798.0,432,3,1535.37,18.49843373493976,73,621,1.3862943611198906,7.3371777701160505,0,1
15799.0,15,4,1421.34,9.22948051948052,143,357,1.6094379124341003,7.2600586816427235,0,1
15800.0,46,7,1227.07,5.289094827586206,198,557,2.0794415416798357,7.113199110339793,0,1
15801.0,49,1,137.22,15.246666666666666,9,49,0.6931471805599453,4.928846618663249,1,0
15802.0,82,1,451.42,451.42,1,82,0.6931471805599453,6.11461095192969,0,1
15803.0,384,3,1513.84,35.20558139534884,42,615,1.3862943611198906,7.323065101805225,1,0
15804.0,4,9,3173.52,16.52875,152,138,2.302585092994046,8.062911718795416,1,0
15805.0,4,25,8479.5,19.141083521444695,289,668,3.258096538021482,9.045524689311893,1,0
15806.0,97,2,521.88,22.690434782608694,19,216,1.0986122886681098,6.259351992231584,1,0
15807.0,16,3,1549.22,19.36525,77,605,1.3862943611198906,7.3461521353252754,1,0
15808.0,245,21,17180.25,22.254209844559586,348,677,3.091042453358316,9.751573951913556,0,1
15809.0,123,6,1157.88,23.157600000000002,45,474,1.9459101490553132,7.055209300447016,1,0
15810.0,18,8,2999.04,18.066506024096384,89,612,2.1972245773362196,8.006380900894692,0,1
15811.0,45,6,3041.33,12.413591836734694,181,327,1.9459101490553132,8.0203789481979,1,0
15812.0,46,12,5201.47,41.611760000000004,87,663,2.5649493574615367,8.55688879179273,0,1
15813.0,147,2,1303.9099999999999,32.59775,40,179,1.0986122886681098,7.173889351861321,0,1
15814.0,332,2,689.11,26.50423076923077,23,542,1.0986122886681098,6.536851005175096,1,0
15815.0,3,5,2100.6,42.86938775510204,33,199,1.791759469228055,7.65045423837133,0,1
15816.0,481,2,144.15,13.104545454545455,11,481,1.0986122886681098,4.977767690470639,0,1
15817.0,360,3,2766.4,18.2,133,482,1.3862943611198906,7.925663530235284,0,1
15818.0,527,1,340.5,30.954545454545453,11,527,0.6931471805599453,5.833347679010845,0,1
15819.0,70,9,3614.81,15.18827731092437,171,571,2.302585092994046,8.193071175883782,1,0
15820.0,259,1,206.98,12.175294117647057,17,259,0.6931471805599453,5.337441921232086,0,1
15821.0,0,1,254.18,7.475882352941177,34,0,0.6931471805599453,5.541969178493598,1,0
15822.0,298,5,1394.79,29.058125,34,672,1.791759469228055,7.241215842207193,1,0
15823.0,311,3,3882.17,25.04625806451613,155,670,1.3862943611198906,8.26440710935535,0,1
15824.0,392,2,890.94,34.26692307692308,24,471,1.0986122886681098,6.793398865743655,0,1
15825.0,111,1,532.94,26.647000000000002,20,111,0.6931471805599453,6.2802834730968256,0,1
15826.0,150,2,1663.97,21.062911392405063,66,507,1.0986122886681098,7.417562384234199,1,0
15827.0,12,28,3603.14,16.604331797235023,124,640,3.367295829986474,8.189838463700722,0,1
15828.0,314,1,1108.82,14.984054054054052,74,314,0.6931471805599453,7.011953118994513,0,1
15829.0,38,2,636.14,12.473333333333333,44,80,1.0986122886681098,6.456989411643809,0,1
15831.0,63,2,451.11,19.613478260869567,22,263,1.0986122886681098,6.113925513056159,1,0
15832.0,193,1,836.79,15.49611111111111,54,193,0.6931471805599453,6.7307674724187825,0,1
15833.0,677,1,80.4,16.080000000000002,5,677,0.6931471805599453,4.399375273008495,0,1
15834.0,9,7,3764.39,10.065213903743315,333,363,2.0794415416798357,8.23360672052674,0,1
15835.0,77,3,675.51,19.300285714285714,32,270,1.3862943611198906,6.516947229467592,1,0
15837.0,4,2,777.01,14.942499999999999,52,425,1.0986122886681098,6.656739377566224,0,1
15838.0,4,29,67896.0,377.2,58,664,3.4011973816621555,11.125747129949204,1,0
15839.0,20,2,790.36,16.129795918367346,48,87,1.0986122886681098,6.673752984333051,1,0
15840.0,112,1,241.74,14.22,17,112,0.6931471805599453,5.491990911678215,1,0
15841.0,12,9,2742.41,29.808804347826086,60,669,2.302585092994046,7.916956951149568,0,1
15842.0,332,2,548.8000000000001,21.952,24,467,1.0986122886681098,6.309554575731146,0,1
15843.0,243,1,118.95,14.86875,8,243,0.6931471805599453,4.787074989285704,0,1
15845.0,26,9,3784.51,25.744965986394558,113,621,2.302585092994046,8.238935899198834,1,0
15846.0,324,1,107.01,3.6900000000000004,27,324,0.6931471805599453,4.682223815430383,0,1
15847.0,227,4,613.98,17.542285714285715,28,581,1.6094379124341003,6.421589746952518,1,0
15848.0,561,1,137.99,4.058529411764706,34,561,0.6931471805599453,4.934401988096667,0,1
15850.0,107,5,888.03,3.3894274809160305,231,665,1.791759469228055,6.790130980726306,1,0
15851.0,466,1,109.73,13.71625,8,466,0.6931471805599453,4.707094805710017,0,1
15852.0,126,3,257.26,7.795757575757576,31,466,1.3862943611198906,5.553966829418505,0,1
15854.0,26,19,5449.1,24.881735159817353,135,669,2.995732273553991,8.60338923611281,1,0
15855.0,76,6,1052.72,11.081263157894737,72,415,1.9459101490553132,6.9600820391599045,0,1
15856.0,4,43,27883.88,29.351452631578947,347,675,3.784189633918261,10.235839885425476,1,0
15857.0,369,1,273.48,27.348000000000003,10,369,0.6931471805599453,5.614878398550195,1,0
15858.0,17,11,3094.96,8.231276595744681,239,669,2.4849066497880004,8.037853314729514,1,0
15859.0,371,1,438.46,19.93,22,371,0.6931471805599453,6.085546700469121,0,1
15860.0,15,16,2259.29,6.784654654654655,244,673,2.833213344056216,7.723248402618277,1,0
15861.0,74,7,2346.04,5.213422222222222,321,619,2.0794415416798357,7.760910238739453,1,0
15862.0,51,12,2339.14,5.186563192904656,378,662,2.5649493574615367,7.757966035621889,1,0
15863.0,132,4,295.46,4.843606557377049,58,662,1.6094379124341003,5.691912302085713,1,0
15864.0,6,5,1722.8400000000001,86.14200000000001,17,320,1.791759469228055,7.452309639492169,1,0
15865.0,28,4,1950.14,16.66786324786325,111,642,1.6094379124341003,7.576169096121407,1,0
15866.0,40,1,211.89,4.927674418604651,43,40,0.6931471805599453,5.3607756003876466,0,1
15867.0,9,29,8418.28,8.889419218585006,516,664,3.4011973816621555,9.03827959289129,1,0
15868.0,522,1,94.53,23.6325,4,522,0.6931471805599453,4.559440334281917,0,1
15869.0,216,3,321.11,9.444411764705883,29,565,1.3862943611198906,5.774893102114154,0,1
15870.0,336,3,506.02000000000004,7.333623188405798,61,385,1.3862943611198906,6.228550450544898,1,0
15871.0,376,1,33.099999999999994,6.619999999999999,5,376,0.6931471805599453,3.529297384289471,0,1
15872.0,318,2,413.0,5.1625,70,489,1.0986122886681098,6.025865973825314,1,0
15873.0,439,4,313.91999999999996,52.31999999999999,3,440,1.6094379124341003,5.752318638316266,0,1
15874.0,3,21,11284.76,32.99637426900585,262,640,3.091042453358316,9.331297033018553,0,1
15875.0,585,1,108.52,4.718260869565217,18,585,0.6931471805599453,4.696107180980193,0,1
15876.0,348,2,1449.14,131.74,11,387,1.0986122886681098,7.27941538247794,0,1
15878.0,501,2,330.77,6.485686274509804,47,673,1.0986122886681098,5.804441957755378,0,1
15879.0,343,4,1137.8,6.356424581005586,171,661,1.6094379124341003,7.037730355403882,0,1
15880.0,308,1,329.03,3.427395833333333,95,308,0.6931471805599453,5.799183559419454,0,1
15881.0,251,5,501.39,17.289310344827587,26,303,1.791759469228055,6.2193767104972935,0,1
15882.0,138,8,1124.66,19.062033898305085,49,668,2.1972245773362196,7.026124809283575,0,1
15884.0,371,2,244.60000000000002,17.47142857142857,14,675,1.0986122886681098,5.503704196272987,0,1
15885.0,32,15,1951.82,16.972347826086956,83,627,2.772588722239781,7.577029760730524,0,1
15886.0,356,3,871.78,17.4356,47,537,1.3862943611198906,6.77168351949921,1,0
15887.0,346,3,1027.15,27.760810810810813,27,495,1.3862943611198906,6.935516349767528,0,1
15888.0,20,3,429.16,11.004102564102565,33,466,1.3862943611198906,6.064157232501422,0,1
15889.0,96,8,1427.6,4.742857142857143,256,669,2.1972245773362196,7.264450222720872,0,1
15890.0,334,5,535.65,53.565,10,544,1.791759469228055,6.285346112927534,0,1
15891.0,166,1,511.68,8.528,60,166,0.6931471805599453,6.239651868861623,0,1
15892.0,608,1,128.2,3.3736842105263154,38,608,0.6931471805599453,4.861361591348501,0,1
15893.0,421,1,305.28000000000003,305.28000000000003,1,421,0.6931471805599453,5.724499716244923,0,1
15894.0,192,2,258.25,6.97972972972973,35,308,1.0986122886681098,5.557792847109637,0,1
15895.0,89,1,179.17,16.288181818181815,11,89,0.6931471805599453,5.1939008496276085,0,1
15897.0,133,2,208.59,9.481363636363637,17,133,1.0986122886681098,5.345153241385068,0,1
15898.0,166,24,4610.56,7.595650741350907,280,667,3.2188758248682006,8.436321473542016,1,0
15899.0,308,1,56.25,14.0625,4,308,0.6931471805599453,4.047427642434349,0,1
15900.0,353,3,549.29,6.953037974683544,68,502,1.3862943611198906,6.310445411994369,1,0
15901.0,17,6,565.19,4.789745762711865,102,483,1.9459101490553132,6.3389297109181575,1,0
15902.0,319,1,145.01,8.056111111111111,18,319,0.6931471805599453,4.983675112513472,0,1
15903.0,9,9,6333.4400000000005,67.37702127659576,51,634,2.302585092994046,8.75375669105787,1,0
15905.0,482,1,114.69,5.213181818181818,22,482,0.6931471805599453,4.750914200040797,0,1
15906.0,7,8,2350.7000000000003,13.43257142857143,128,390,2.1972245773362196,7.762893749862786,1,0
15907.0,116,2,477.59000000000003,4.381559633027523,93,149,1.0986122886681098,6.170844280981016,1,0
15908.0,430,2,758.62,18.9655,37,451,1.0986122886681098,6.6328183082386944,0,1
15909.0,113,1,191.94,27.419999999999998,7,113,0.6931471805599453,5.262379259742407,0,1
15910.0,4,13,2284.06,4.122851985559567,364,627,2.6390573296152584,7.734147561189253,1,0
15911.0,563,8,1700.24,6.590077519379845,162,669,2.1972245773362196,7.43911267591754,0,1
15912.0,117,9,1074.7,11.31263157894737,83,668,2.302585092994046,6.98072689143796,0,1
15913.0,473,1,6.300000000000001,6.300000000000001,1,473,0.6931471805599453,1.9878743481543455,0,1
15914.0,317,2,205.99,15.845384615384615,13,317,1.0986122886681098,5.332670482919699,0,1
15915.0,341,1,364.45,3.225221238938053,105,341,0.6931471805599453,5.901129470926401,0,1
15916.0,16,11,2608.23,11.19412017167382,182,668,2.4849066497880004,7.866810437632939,1,0
15917.0,187,5,530.17,3.7335915492957743,127,676,1.791759469228055,6.275082120663786,0,1
15918.0,130,3,582.88,9.555409836065573,49,571,1.3862943611198906,6.369695482262378,0,1
15919.0,308,1,214.07999999999998,5.489230769230769,38,308,0.6931471805599453,5.371010051941477,1,0
15920.0,93,9,569.14,5.319065420560747,93,664,2.302585092994046,6.345881944705495,0,1
15921.0,112,4,775.26,9.813417721518988,69,580,1.6094379124341003,6.6544875156123755,0,1
15922.0,312,1,369.5,33.59090909090909,11,312,0.6931471805599453,5.914853444736141,0,1
15923.0,312,1,127.08,6.051428571428572,21,312,0.6931471805599453,4.852655068688459,0,1
15924.0,670,1,102.82,6.854666666666666,14,670,0.6931471805599453,4.642658630399083,0,1
15925.0,133,1,207.15,17.2625,12,133,0.6931471805599453,5.3382589736409845,0,1
15926.0,481,1,134.44,19.205714285714286,7,481,0.6931471805599453,4.90852873782488,0,1
15927.0,586,1,106.54,7.102666666666667,13,586,0.6931471805599453,4.6778628713815325,0,1
15928.0,595,1,293.53,26.684545454545454,11,595,0.6931471805599453,5.685380865475649,0,1
15929.0,583,1,594.0,594.0,1,583,0.6931471805599453,6.38856140554563,0,1
15930.0,6,1,426.63,20.315714285714286,21,6,0.6931471805599453,6.058258335716989,0,1
15931.0,367,1,239.9,17.135714285714286,14,367,0.6931471805599453,5.484381909620826,0,1
15932.0,27,7,2195.65,23.112105263157897,76,228,2.0794415416798357,7.694688751546246,1,0
15933.0,10,2,728.27,15.495106382978722,44,26,1.0986122886681098,6.592044033808853,1,0
15934.0,357,2,2190.66,75.53999999999999,29,369,1.0986122886681098,7.692414526548134,0,1
15935.0,178,2,416.86,34.73833333333334,12,181,1.0986122886681098,6.035146448194105,0,1
15936.0,318,2,282.79,14.883684210526317,16,407,1.0986122886681098,5.648234528023389,0,1
15937.0,3,1,145.35000000000002,20.764285714285716,7,3,0.6931471805599453,4.986001013137895,0,1
15938.0,51,9,734.8100000000001,18.841282051282054,27,496,2.302585092994046,6.600971933227955,0,1
15939.0,29,16,9060.39,56.27571428571428,52,314,2.833213344056216,9.111777808902684,0,1
15940.0,250,1,35.8,35.8,1,250,0.6931471805599453,3.6054978451748854,0,1
15941.0,576,1,405.0,67.5,6,576,0.6931471805599453,6.0063531596017325,0,1
15942.0,73,1,337.44,24.102857142857143,14,73,0.6931471805599453,5.8243468240563,0,1
15943.0,589,2,271.28999999999996,22.607499999999998,12,617,1.0986122886681098,5.606867674804115,0,1
15944.0,216,4,2164.24,56.95368421052631,25,665,1.6094379124341003,7.680286488796148,0,1
15945.0,304,4,646.27,23.081071428571427,24,677,1.6094379124341003,6.472763518115628,0,1
15946.0,442,3,2304.18,88.62230769230769,25,573,1.3862943611198906,7.742914043488088,0,1
15947.0,22,1,1708.24,58.9048275862069,29,22,0.6931471805599453,7.443804106257556,0,1
15948.0,364,1,553.85,15.824285714285715,35,364,0.6931471805599453,6.318697806946573,1,0
15949.0,10,1,237.04000000000002,19.753333333333334,12,10,0.6931471805599453,5.472438726776652,1,0
15950.0,18,9,6702.62,18.01779569892473,209,622,2.302585092994046,8.810402957977836,1,0
15951.0,225,2,680.12,17.003,35,320,1.0986122886681098,6.523738502079842,1,0
15952.0,8,3,558.64,9.800701754385965,52,164,1.3862943611198906,6.327293719865085,1,0
15953.0,4,15,2858.79,21.49466165413534,87,675,2.772588722239781,7.958503474544609,1,0
15954.0,528,1,190.75,9.5375,20,528,0.6931471805599453,5.256192440247365,0,1
15955.0,5,19,6644.21,23.561028368794325,186,593,2.995732273553991,8.801651573356795,1,0
15956.0,490,2,617.6,34.31111111111111,18,666,1.0986122886681098,6.42745886025097,0,1
15957.0,360,2,492.36,4.734230769230769,88,360,1.0986122886681098,6.201239130683238,1,0
15958.0,13,4,462.12,7.109538461538461,50,490,1.6094379124341003,6.137986199770749,0,1
15959.0,621,3,542.89,7.646338028169014,58,621,1.3862943611198906,6.298747020527224,0,1
15960.0,313,4,410.95,15.805769230769231,24,374,1.6094379124341003,6.020901982761599,0,1
15961.0,318,1,451.28999999999996,10.745,42,318,0.6931471805599453,6.114323567019841,0,1
15962.0,388,1,289.48,5.263272727272728,43,388,0.6931471805599453,5.6715347271060805,0,1
15964.0,602,1,269.21000000000004,13.460500000000001,20,602,0.6931471805599453,5.5991994344637614,0,1
15965.0,306,10,2119.26,8.942025316455696,144,676,2.3978952727983707,7.6592940016556375,1,0
15966.0,390,1,426.53,15.797407407407407,27,390,0.6931471805599453,6.058024461353231,0,1
15967.0,258,11,2730.22,6.305357967667436,290,677,2.4849066497880004,7.912503674801883,1,0
15968.0,327,1,404.55,5.056875,70,327,0.6931471805599453,6.005244170516354,0,1
15969.0,125,3,769.65,30.785999999999998,23,461,1.3862943611198906,6.647234314592729,1,0
15970.0,243,2,1017.3199999999999,42.38833333333333,19,538,1.0986122886681098,6.925909489562179,0,1
15971.0,6,15,4289.83,122.56657142857142,12,671,2.772588722239781,8.364235466402011,1,0
15972.0,395,5,1769.33,12.728992805755395,104,539,1.791759469228055,7.4789212488679375,0,1
15973.0,306,3,680.62,61.874545454545455,8,368,1.3862943611198906,6.524472317807621,0,1
15974.0,34,6,2895.01,19.429597315436244,119,228,1.9459101490553132,7.971089206538319,1,0
15975.0,23,1,371.01,15.45875,24,23,0.6931471805599453,5.91892073563227,0,1
15976.0,104,6,1694.41,4.482566137566137,265,490,1.9459101490553132,7.435679878469993,0,1
15978.0,16,3,3279.42,25.42186046511628,107,583,1.3862943611198906,8.095726741961132,0,1
15979.0,542,1,329.21999999999997,14.964545454545453,22,542,0.6931471805599453,5.799759099003686,0,1
15980.0,28,7,6543.68,56.90156521739131,101,495,2.0794415416798357,8.786407784864547,0,1
15981.0,16,20,8804.17,32.24970695970696,151,560,3.044522437723423,9.083094327955736,1,0
15982.0,544,1,324.51,7.211333333333333,45,544,0.6931471805599453,5.7853931831429195,0,1
15983.0,300,7,2783.62,12.316902654867256,117,672,2.0794415416798357,7.931866697809515,1,0
15984.0,10,28,7663.1,11.807550077041602,426,677,3.367295829986474,8.944302367582273,1,0
15985.0,62,7,2715.28,26.10846153846154,50,500,2.0794415416798357,7.907018576148396,0,1
15986.0,321,1,186.3,16.936363636363637,11,321,0.6931471805599453,5.2327116094500425,1,0
15987.0,60,7,1296.85,10.990254237288134,98,318,2.0794415416798357,7.1684643281824885,1,0
15988.0,491,2,582.11,6.1926595744680855,93,596,1.0986122886681098,6.368375847798085,1,0
15989.0,315,2,368.31,4.2826744186046515,81,676,1.0986122886681098,5.911636399748068,0,1
15990.0,226,6,1607.01,10.858175675675676,95,589,1.9459101490553132,7.382752668625047,1,0
15991.0,473,1,150.55,25.09166666666667,6,473,0.6931471805599453,5.020915603503812,0,1
15992.0,335,2,854.61,16.757058823529412,51,393,1.0986122886681098,6.751814664844485,1,0
15994.0,351,2,761.41,10.018552631578947,69,575,1.0986122886681098,6.636484468728264,1,0
15995.0,353,1,694.54,6.314,108,353,0.6931471805599453,6.544688522290589,0,1
15996.0,27,7,1386.4,8.013872832369943,140,336,2.0794415416798357,7.235186770951201,0,1
15998.0,26,15,7697.88,5.748976848394324,638,678,2.772588722239781,8.948830142716782,1,0
15999.0,675,1,20.4,20.4,1,675,0.6931471805599453,3.0633909220278057,0,1
16001.0,320,1,583.39,20.11689655172414,29,320,0.6931471805599453,6.37056856816272,0,1
16002.0,564,1,169.21,4.028809523809524,42,564,0.6931471805599453,5.137032968819882,0,1
16003.0,74,8,4672.36,29.571898734177214,126,675,2.1972245773362196,8.449633578038286,1,0
16004.0,414,5,2146.39,23.848777777777777,63,622,1.791759469228055,7.672008430194929,0,1
16005.0,122,8,2062.19,5.634398907103825,232,389,2.1972245773362196,7.6320086077155285,1,0
16006.0,150,2,332.82,4.266923076923077,75,327,1.0986122886681098,5.810601925550271,0,1
16007.0,7,6,2836.96,4.76,328,482,1.9459101490553132,7.950840763187961,1,0
16008.0,14,14,5191.06,21.903206751054853,58,570,2.70805020110221,8.554885814557522,1,0
16009.0,99,1,441.59000000000003,7.613620689655173,55,99,0.6931471805599453,6.092643833597585,1,0
16010.0,185,11,1694.86,5.864567474048442,122,351,2.4849066497880004,7.435945265774832,0,1
16011.0,11,26,4705.59,11.97351145038168,174,678,3.295836866004329,8.456718933294615,1,0
16012.0,68,4,2695.42,13.682335025380711,176,469,1.6094379124341003,7.899680246248913,1,0
16013.0,6,75,44807.24,276.5879012345679,52,671,4.330733340286331,10.71014733006172,1,0
16014.0,91,4,967.83,3.6248314606741574,211,617,1.6094379124341003,6.876089157903125,1,0
16016.0,19,8,1517.88,7.40429268292683,137,341,2.1972245773362196,7.325728500133488,1,0
16017.0,356,4,1333.7,13.609183673469389,81,643,1.6094379124341003,7.196461826480106,1,0
16018.0,119,3,451.13,10.491395348837209,39,671,1.3862943611198906,6.113969749099694,1,0
16019.0,75,25,16495.170000000002,47.12905714285715,210,664,3.258096538021482,9.710883511732252,1,0
16020.0,4,1,518.8,19.95384615384615,26,4,0.6931471805599453,6.25344412220739,1,0
16021.0,334,2,487.03,3.8653174603174603,117,484,1.0986122886681098,6.1903768793734475,0,1
16022.0,199,1,602.63,8.48774647887324,68,199,0.6931471805599453,6.402961427447865,0,1
16023.0,131,2,500.69,7.702923076923077,59,205,1.0986122886681098,6.217982399061142,1,0
16024.0,351,2,232.96,10.58909090909091,21,351,1.0986122886681098,5.455150160574825,1,0
16027.0,31,15,2048.36,58.524571428571434,20,639,2.772588722239781,7.62528282826746,0,1
16028.0,535,1,82.2,16.44,5,535,0.6931471805599453,4.421247347827163,0,1
16029.0,0,103,106813.16,307.8189048991355,56,671,4.6443908991413725,11.578845780989377,1,0
16030.0,249,1,331.24,11.422068965517242,28,249,0.6931471805599453,5.805857599322498,0,1
16031.0,31,2,547.9,5.590816326530612,91,186,1.0986122886681098,6.3079162755558436,0,1
16032.0,395,6,1965.72,9.36057142857143,130,462,1.9459101490553132,7.5841224595020655,0,1
16033.0,5,25,9015.35,7.98525243578388,530,424,3.258096538021482,9.106794874841917,1,0
16034.0,135,6,911.32,16.27357142857143,43,348,1.9459101490553132,6.815990805724307,0,1
16035.0,499,1,217.73,10.368095238095238,21,499,0.6931471805599453,5.387838092486448,0,1
16036.0,26,4,2556.84,18.263142857142856,120,559,1.6094379124341003,7.846918431316224,0,1
16037.0,209,5,1509.3400000000001,21.25830985915493,62,588,1.791759469228055,7.320090070025923,0,1
16038.0,116,2,393.33,17.101304347826087,23,141,1.0986122886681098,5.977188122189173,1,0
16039.0,363,2,456.4,14.2625,27,567,1.0986122886681098,6.125558281588681,0,1
16040.0,4,7,2416.9,19.3352,95,549,2.0794415416798357,7.790654673826565,0,1
16041.0,80,2,2739.8,547.96,5,80,1.0986122886681098,7.916005127569855,1,0
16042.0,47,5,1508.33,17.745058823529412,58,393,1.791759469228055,7.319421122731905,1,0
16043.0,150,7,1759.0900000000001,27.06292307692308,48,421,2.0794415416798357,7.473120223088415,1,0
16044.0,374,1,340.84000000000003,17.938947368421054,19,374,0.6931471805599453,5.83434279133577,0,1
16045.0,59,8,3434.93,23.208986486486484,111,438,2.1972245773362196,8.14204291037043,0,1
16046.0,501,1,235.78,10.717272727272727,22,501,0.6931471805599453,5.46713143998349,0,1
16047.0,621,1,107.14,107.14,1,621,0.6931471805599453,4.683426683953859,0,1
16048.0,312,4,818.7900000000001,22.74416666666667,30,489,1.6094379124341003,6.709048209898743,0,1
16049.0,14,4,1261.45,4.247306397306398,257,455,1.6094379124341003,7.140809556404862,1,0
16050.0,113,3,300.7,14.319047619047618,19,340,1.3862943611198906,5.709433146165015,0,1
16051.0,621,1,188.44,15.703333333333333,12,621,0.6931471805599453,5.244072351695641,0,1
16053.0,61,5,3247.08,18.878372093023255,153,550,1.791759469228055,8.085819331520113,1,0
16054.0,84,4,2111.88,17.31049180327869,109,556,1.6094379124341003,7.655807224711368,0,1
16055.0,160,1,134.8,16.85,8,160,0.6931471805599453,4.911183215124596,0,1
16057.0,35,9,3135.96,17.422,148,640,2.302585092994046,8.051009457073361,1,0
16058.0,345,1,62.7,31.35,2,345,0.6931471805599453,4.154184562578117,0,1
16059.0,5,12,3053.57,7.809641943734015,233,508,2.5649493574615367,8.024394108834924,0,1
16060.0,340,3,541.95,22.58125,22,433,1.3862943611198906,6.29701723466291,0,1
16061.0,370,1,89.65,29.883333333333336,3,370,0.6931471805599453,4.50700593720086,0,1
16062.0,73,7,2487.97,14.72171597633136,122,475,2.0794415416798357,7.819624249261607,1,0
16063.0,199,1,335.32,14.57913043478261,23,199,0.6931471805599453,5.818063087688587,0,1
16064.0,664,1,109.31,6.43,17,664,0.6931471805599453,4.7032945839812905,0,1
16065.0,304,8,1992.13,5.643427762039661,214,402,2.1972245773362196,7.597461546384569,0,1
16066.0,1,2,680.14,16.193809523809524,41,63,1.0986122886681098,6.5237678650502025,1,0
16067.0,502,3,3269.11,48.07514705882353,60,614,1.3862943611198906,8.092578902469247,0,1
16068.0,533,1,115.73,3.3065714285714285,34,533,0.6931471805599453,4.759863575664572,0,1
16069.0,357,1,457.7,18.308,25,357,0.6931471805599453,6.128396401603126,0,1
16071.0,466,3,750.5600000000001,14.433846153846154,47,594,1.3862943611198906,6.622151046325322,1,0
16072.0,227,4,4180.09,7.87210922787194,414,488,1.6094379124341003,8.338327257075614,0,1
16073.0,236,1,122.4,122.4,1,236,0.6931471805599453,4.8154311114712876,0,1
16074.0,329,1,252.5,10.1,23,329,0.6931471805599453,5.535363823031238,0,1
16075.0,442,2,736.9300000000001,17.973902439024393,41,503,1.0986122886681098,6.6038489691533275,0,1
16076.0,19,6,1455.81,15.1646875,70,148,1.9459101490553132,7.28400439275008,1,0
16077.0,565,1,2300.4,287.55,8,565,0.6931471805599453,7.741272912389358,0,1
16078.0,223,2,362.99,9.307435897435898,39,608,1.0986122886681098,5.897126394731892,0,1
16080.0,21,4,602.5600000000001,20.085333333333335,29,389,1.6094379124341003,6.40284545564545,0,1
16081.0,26,7,4071.46,12.925269841269841,204,614,2.0794415416798357,8.312002518451292,1,0
16082.0,609,1,106.75,6.671875,16,609,0.6931471805599453,4.6798137289838575,0,1
16083.0,40,4,2351.42,33.11859154929578,61,328,1.6094379124341003,7.7631998645051095,0,1
16084.0,238,1,436.18,11.47842105263158,38,238,0.6931471805599453,6.0803450096018565,0,1
16085.0,18,10,1979.17,6.323226837060703,226,627,2.3978952727983707,7.590937978588802,1,0
16086.0,37,9,2466.04,20.380495867768595,65,676,2.302585092994046,7.810774330423042,1,0
16087.0,328,5,1739.92,173.99200000000002,6,629,1.791759469228055,7.462168988109326,0,1
16088.0,515,2,1437.43,239.5716666666667,3,531,1.0986122886681098,7.271307520007092,0,1
16089.0,325,2,263.49,5.606170212765957,42,448,1.0986122886681098,5.5778034434002794,0,1
16090.0,563,1,180.56,10.03111111111111,18,563,0.6931471805599453,5.201586177588265,0,1
16091.0,94,2,315.06,17.503333333333334,16,138,1.0986122886681098,5.755932068980957,0,1
16092.0,54,6,1587.94,17.64377777777778,60,518,1.9459101490553132,7.370822406226574,0,1
16093.0,46,1,17.0,17.0,1,46,0.6931471805599453,2.8903717578961645,0,1
16094.0,158,8,2869.43,19.257919463087248,81,541,2.1972245773362196,7.962217123314877,1,0
16095.0,395,1,447.05,14.901666666666667,30,395,0.6931471805599453,6.104904833330228,0,1
16096.0,203,4,1584.97,24.01469696969697,58,584,1.6094379124341003,7.368951486505174,0,1
16097.0,179,1,185.04999999999998,18.505,10,179,0.6931471805599453,5.226015454792631,0,1
16098.0,27,14,4010.7,26.738,83,664,2.70805020110221,8.296970370613005,0,1
16099.0,77,6,1433.4,23.11935483870968,41,586,1.9459101490553132,7.268501922290923,1,0
16100.0,402,1,582.64,15.747027027027027,37,402,0.6931471805599453,6.3692843543958215,0,1
16101.0,10,4,3229.16,16.818541666666665,153,501,1.6094379124341003,8.08028695059357,0,1
16102.0,38,2,1392.84,28.425306122448976,41,68,1.0986122886681098,7.23981780711465,1,0
16103.0,19,21,6175.21,31.031206030150752,111,640,3.091042453358316,8.72846009371721,1,0
16104.0,1,9,2774.46,11.958879310344829,187,673,2.302585092994046,7.928571778208674,0,1
16105.0,188,5,2386.19,21.692636363636364,92,543,1.791759469228055,7.7778722209926245,0,1
16106.0,5,1,108.38,18.063333333333333,6,5,0.6931471805599453,4.694828057918627,0,1
16107.0,29,4,1810.72,86.2247619047619,16,122,1.6094379124341003,7.502031949276334,1,0
16108.0,24,4,2235.92,16.56237037037037,124,570,1.6094379124341003,7.712855198669154,0,1
16109.0,158,3,939.48,30.305806451612902,30,638,1.3862943611198906,6.846390383230553,0,1
16110.0,201,3,1138.82,4.111263537906137,235,461,1.3862943611198906,7.038625634185013,1,0
16111.0,367,1,549.33,7.525068493150686,72,367,0.6931471805599453,6.310518098298484,0,1
16112.0,82,4,195.74,12.23375,15,278,1.6094379124341003,5.281883060084612,0,1
16113.0,122,1,161.38,5.379333333333333,30,122,0.6931471805599453,5.089939267434301,0,1
16114.0,110,1,135.75000000000003,16.968750000000004,8,110,0.6931471805599453,4.918154441302091,0,1
16115.0,11,10,2178.85,6.069220055710306,214,514,2.3978952727983707,7.687011346076352,1,0
16116.0,151,1,612.78,18.02294117647059,34,151,0.6931471805599453,6.419636557751217,0,1
16117.0,129,3,654.4,7.352808988764044,64,531,1.3862943611198906,6.485245736264714,0,1
16118.0,592,1,4376.25,106.73780487804878,41,592,0.6931471805599453,8.384175952306427,0,1
16119.0,12,7,1606.93,32.794489795918366,34,663,2.0794415416798357,7.382702916453043,1,0
16120.0,361,2,1658.3700000000001,26.747903225806454,60,361,1.0986122886681098,7.41419329124309,1,0
16121.0,155,4,881.32,4.176872037914692,159,505,1.6094379124341003,6.782554801997891,1,0
16122.0,12,6,895.62,16.585555555555555,28,364,1.9459101490553132,6.798632137963742,0,1
16124.0,256,4,1772.49,21.615731707317074,63,672,1.6094379124341003,7.480704635629976,0,1
16125.0,306,14,4292.35,14.955923344947736,168,664,2.70805020110221,8.364822592970278,0,1
16126.0,41,14,12063.53,35.796824925816026,133,676,2.70805020110221,9.398025021643482,1,0
16127.0,666,1,145.06,4.144571428571429,35,666,0.6931471805599453,4.984017496191964,1,0
16128.0,16,9,3332.89,19.838630952380953,151,450,2.302585092994046,8.111895069365126,1,0
16129.0,346,3,1396.05,14.542187499999999,91,447,1.3862943611198906,7.242118149597153,0,1
16130.0,361,4,987.48,17.95418181818182,53,556,1.6094379124341003,6.896168409730217,0,1
16131.0,55,10,8729.38,44.76605128205128,130,677,2.3978952727983707,9.074564175950476,1,0
16132.0,483,2,664.1999999999999,39.07058823529411,14,567,1.0986122886681098,6.500087747318773,0,1
16133.0,10,48,20481.49,45.615790645879734,258,558,3.8918202981106265,9.927325653794197,1,0
16134.0,298,4,1810.78,18.66783505154639,71,480,1.6094379124341003,7.502065066428262,1,0
16135.0,202,2,819.45,21.011538461538464,35,523,1.0986122886681098,6.709852970221159,0,1
16136.0,17,3,540.06,22.502499999999998,24,603,1.3862943611198906,6.293530178427025,1,0
16137.0,619,1,422.7,15.096428571428572,28,619,0.6931471805599453,6.049025657632513,0,1
16138.0,318,3,910.35,24.604054054054053,35,530,1.3862943611198906,6.814927016670943,0,1
16139.0,51,4,782.11,19.075853658536587,35,675,1.6094379124341003,6.663273171436565,1,0
16140.0,5,3,1433.46,22.3978125,50,381,1.3862943611198906,7.268543750752409,0,1
16141.0,27,2,955.94,19.1188,47,356,1.0986122886681098,6.863740693562717,0,1
16142.0,189,1,535.34,14.46864864864865,37,189,0.6931471805599453,6.284768288327816,0,1
16143.0,47,11,4079.5,20.3975,103,669,2.4849066497880004,8.313974808909297,1,0
16144.0,186,1,175.2,175.2,1,186,0.6931471805599453,5.171619713502079,0,1
16145.0,13,17,5947.88,17.042636103151864,199,523,2.8903717578961645,8.69095824552707,1,0
16146.0,96,4,946.38,23.082439024390244,34,388,1.6094379124341003,6.8537002798593925,0,1
16147.0,73,5,2398.91,17.639044117647057,113,612,1.791759469228055,7.783186515632894,0,1
16148.0,235,2,386.62,42.95777777777778,9,376,1.0986122886681098,5.960025478272602,0,1
16149.0,81,2,305.38,13.277391304347827,23,368,1.0986122886681098,5.72482616158455,1,0
16150.0,28,9,3697.68,18.581306532663316,132,661,2.302585092994046,8.215731278222728,1,0
16152.0,208,1,1829.04,63.070344827586204,29,208,0.6931471805599453,7.512093103520083,0,1
16153.0,55,10,4332.8,22.449740932642488,140,502,2.3978952727983707,8.374200034284856,1,0
16155.0,321,5,796.9,16.602083333333333,45,479,1.791759469228055,6.681983276314235,0,1
16156.0,24,17,5191.59,22.971637168141594,179,676,2.8903717578961645,8.55498788829144,1,0
16157.0,12,1,168.32,28.05333333333333,6,12,0.6931471805599453,5.1317904156527225,1,0
16158.0,461,9,628.32,17.952,29,673,2.302585092994046,6.444639871372223,0,1
16159.0,221,4,1232.79,23.7075,31,676,1.6094379124341003,7.1178460117013564,0,1
16160.0,4,2,1025.44,51.272000000000006,20,25,1.0986122886681098,6.933851783703411,0,1
16161.0,17,38,10920.98,11.109847405900306,380,609,3.6635616461296463,9.29853255154397,1,0
16162.0,191,1,37.4,18.7,2,191,0.6931471805599453,3.648057459593681,0,1
16163.0,171,6,2407.98,35.4114705882353,59,677,1.9459101490553132,7.786958700380325,0,1
16165.0,444,1,79.9,79.9,1,444,0.6931471805599453,4.393213824064446,0,1
16166.0,367,2,435.83,19.810454545454544,18,630,1.0986122886681098,6.079544103390923,0,1
16167.0,353,5,1386.12,22.00190476190476,51,678,1.791759469228055,7.234984934236417,0,1
16168.0,14,58,9368.210000000001,32.64184668989547,123,676,4.07753744390572,9.145184060045171,1,0
16169.0,15,1,587.46,22.594615384615388,26,15,0.6931471805599453,6.377508954976542,1,0
16170.0,52,19,6544.61,15.694508393285371,241,598,2.995732273553991,8.786549874917794,1,0
16172.0,34,8,1884.55,16.677433628318585,81,452,2.1972245773362196,7.5419748345117545,0,1
16173.0,17,3,744.25,17.308139534883722,42,37,1.3862943611198906,6.613719732558181,1,0
16174.0,65,7,2246.75,34.565384615384616,28,542,2.0794415416798357,7.717684994864882,0,1
16175.0,33,7,1836.44,18.739183673469388,59,503,2.0794415416798357,7.516128577492644,0,1
16176.0,360,4,2052.69,28.509583333333335,53,559,1.6094379124341003,7.627393454073833,0,1
16177.0,376,7,1915.3600000000001,18.595728155339806,66,586,2.0794415416798357,7.558182832321921,1,0
16178.0,77,2,612.6,24.504,24,340,1.0986122886681098,6.419343250053046,0,1
16179.0,0,1,215.83,19.62090909090909,11,0,0.6931471805599453,5.379113636376126,0,1
16180.0,39,13,16249.87,49.693792048929666,171,473,2.6390573296152584,9.69590172478629,0,1
16181.0,12,1,305.54,27.776363636363637,11,12,0.6931471805599453,5.725348252570762,0,1
16182.0,11,9,9971.65,195.52254901960782,20,580,2.302585092994046,9.207601625030192,0,1
16183.0,6,4,1077.81,26.288048780487802,32,346,1.6094379124341003,6.983613860781381,0,1
16184.0,3,6,1158.79,25.750888888888888,26,150,1.9459101490553132,7.055994233228931,0,1
16185.0,172,2,450.31,16.0825,28,504,1.0986122886681098,6.112154464797083,1,0
16186.0,6,24,8074.2300000000005,16.998378947368423,168,669,3.2188758248682006,8.996556630657361,1,0
16187.0,14,13,6282.1900000000005,23.617255639097746,154,223,2.6390573296152584,8.745633092276769,1,0
16188.0,80,4,860.83,14.590338983050849,58,348,1.6094379124341003,6.759058035436842,1,0
16189.0,24,1,144.48,24.08,6,24,0.6931471805599453,4.980038620118788,1,0
16190.0,334,7,2508.4700000000003,22.198849557522127,88,665,2.0794415416798357,7.827826854450908,1,0
16191.0,202,19,13112.980000000001,90.43434482758622,76,668,2.995732273553991,9.481434115734709,1,0
16192.0,675,1,351.3,31.936363636363637,11,675,0.6931471805599453,5.864483085347192,0,1
16193.0,176,2,630.4300000000001,16.59026315789474,38,350,1.0986122886681098,6.44798708845731,0,1
16194.0,314,1,308.6,38.575,8,314,0.6931471805599453,5.735281141715572,0,1
16195.0,662,1,323.25,20.203125,16,662,0.6931471805599453,5.781514823196553,0,1
16196.0,428,1,93.3,23.325,4,428,0.6931471805599453,4.546481189639412,0,1
16197.0,408,9,2016.71,21.68505376344086,52,663,2.302585092994046,7.609718483946528,0,1
16198.0,14,2,1030.0410000000002,31.213363636363642,31,376,1.0986122886681098,6.93832425044256,0,1
16199.0,331,7,942.75,94.275,2,570,2.0794415416798357,6.8498613005632345,0,1
16200.0,103,11,5089.8,10.200000000000001,281,676,2.4849066497880004,8.535190268117892,1,0
16201.0,49,2,552.45,17.2640625,32,355,1.0986122886681098,6.316171413831633,1,0
16202.0,300,9,2501.9900000000002,20.17733870967742,105,677,2.302585092994046,7.82524129621804,0,1
16203.0,87,5,729.24,13.258909090909091,48,443,1.791759469228055,6.593373247233656,1,0
16204.0,319,2,534.53,10.480980392156862,47,670,1.0986122886681098,6.28325691072757,1,0
16205.0,7,5,1494.23,8.441977401129943,135,482,1.791759469228055,7.310035320145527,1,0
16206.0,64,12,2462.67,10.614956896551725,183,623,2.5649493574615367,7.80940738711275,1,0
16208.0,228,9,3273.78,14.42193832599119,164,592,2.302585092994046,8.094005970240454,1,0
16209.0,28,9,4146.78,61.892238805970145,51,486,2.302585092994046,8.330328530334388,0,1
16210.0,3,30,24800.29,116.9825,122,676,3.4339872044851463,10.118650946929314,1,0
16211.0,28,3,1090.59,30.294166666666666,35,377,1.3862943611198906,6.995390627927437,0,1
16212.0,222,3,1101.52,16.440597014925373,61,609,1.3862943611198906,7.005353747746032,1,0
16213.0,18,1,159.0,26.5,6,18,0.6931471805599453,5.075173815233827,0,1
16214.0,110,4,2038.25,20.7984693877551,84,374,1.6094379124341003,7.62033737218069,0,1
16215.0,20,1,242.35,17.310714285714287,14,20,0.6931471805599453,5.494500736279464,0,1
16216.0,206,1,914.9300000000001,24.72783783783784,37,206,0.6931471805599453,6.81993994254006,0,1
16217.0,174,2,304.25,20.283333333333335,13,221,1.0986122886681098,5.721131112990814,0,1
16218.0,54,12,3519.47,28.38282258064516,77,500,2.5649493574615367,8.16634978240605,1,0
16219.0,440,1,40.8,40.8,1,440,0.6931471805599453,3.7328963395307104,0,1
16221.0,215,8,1474.43,8.377443181818181,117,425,2.1972245773362196,7.29670475171237,1,0
16222.0,257,2,1272.05,8.772758620689656,133,660,1.0986122886681098,7.1491708750837955,0,1
16223.0,314,2,1087.05,8.83780487804878,101,335,1.0986122886681098,6.992142382242301,0,1
16224.0,80,4,1187.12,13.803720930232556,82,326,1.6094379124341003,7.080127504922424,1,0
16225.0,89,14,2716.63,9.208915254237288,188,610,2.70805020110221,7.907515455937636,1,0
16226.0,142,5,672.17,21.68290322580645,23,353,1.791759469228055,6.511997898043821,0,1
16227.0,164,3,1027.22,30.212352941176473,28,474,1.3862943611198906,6.935584430900813,0,1
16228.0,324,3,885.71,16.402037037037037,45,339,1.3862943611198906,6.78751798409388,0,1
16229.0,26,6,2867.86,16.294659090909093,144,503,1.9459101490553132,7.961670017300314,0,1
16230.0,129,2,542.03,15.486571428571429,32,159,1.0986122886681098,6.297164567026571,0,1
16231.0,318,4,1074.47,10.7447,69,537,1.6094379124341003,6.98051305431595,0,1
16232.0,82,6,2447.13,24.71848484848485,60,489,1.9459101490553132,7.8030797467973825,1,0
16233.0,10,9,1818.31,24.908356164383562,49,676,2.302585092994046,7.50621258730723,0,1
16234.0,415,3,333.18,22.212,13,501,1.3862943611198906,5.8116797699659974,0,1
16235.0,20,8,1861.69,17.563113207547172,76,410,2.1972245773362196,7.529776958473518,1,0
16236.0,17,1,432.2,21.61,20,17,0.6931471805599453,6.071199515126835,0,1
16237.0,376,1,136.65,19.521428571428572,7,376,0.6931471805599453,4.9247142315886165,0,1
16238.0,362,1,63.66,10.61,6,362,0.6931471805599453,4.169142772297287,0,1
16239.0,129,5,1425.9,45.99677419354839,21,402,1.791759469228055,7.26325953793653,1,0
16240.0,16,1,1824.79,24.33053333333333,75,16,0.6931471805599453,7.509768049064825,1,0
16241.0,35,13,3180.98,3.951527950310559,438,349,2.6390573296152584,8.065258923522856,1,0
16242.0,5,11,5494.12,10.307917448405252,314,573,2.4849066497880004,8.611615704633852,1,0
16244.0,151,2,1522.75,16.733516483516482,88,312,1.0986122886681098,7.328929680795481,0,1
16245.0,61,2,769.7,15.0921568627451,49,196,1.0986122886681098,6.647299192783947,1,0
16246.0,399,2,821.35,9.333522727272728,79,609,1.0986122886681098,6.712166095187278,0,1
16247.0,109,1,114.56,7.16,16,109,0.6931471805599453,4.749789875598035,0,1
16248.0,1,1,152.94,21.84857142857143,7,1,0.6931471805599453,5.036562916106171,0,1
16249.0,52,4,1440.77,29.403469387755102,48,178,1.6094379124341003,7.273626804429825,1,0
16250.0,200,3,565.24,16.149714285714285,29,326,1.3862943611198906,6.339018016597153,0,1
16251.0,451,1,128.31,6.4155,20,451,0.6931471805599453,4.86221262230776,0,1
16252.0,322,1,295.09000000000003,14.051904761904764,21,322,0.6931471805599453,5.690663462163048,0,1
16253.0,6,7,7272.2,24.485521885521884,218,670,2.0794415416798357,8.89195163874524,0,1
16254.0,317,3,967.44,13.073513513513515,65,571,1.3862943611198906,6.875686529456631,0,1
16255.0,35,14,4092.88,8.708255319148936,219,624,2.70805020110221,8.31724845460455,1,0
16256.0,206,3,1629.37,56.1851724137931,27,537,1.3862943611198906,7.396562261906629,0,1
16257.0,116,1,46.95,23.475,2,116,0.6931471805599453,3.8701588013294472,0,1
16258.0,66,14,10480.07,35.168020134228186,216,578,2.70805020110221,9.257326051899902,1,0
16259.0,349,3,340.94,4.011058823529412,75,544,1.3862943611198906,5.834635283074963,0,1
16261.0,14,5,856.76,6.119714285714285,104,381,1.791759469228055,6.754324340079227,1,0
16262.0,317,1,755.15,16.416304347826088,46,317,0.6931471805599453,6.62823976919675,0,1
16263.0,362,1,348.16,16.57904761904762,19,362,0.6931471805599453,5.855530269867149,0,1
16264.0,377,2,823.53,13.071904761904761,62,385,1.0986122886681098,6.714813527026006,0,1
16265.0,50,10,5550.1900000000005,20.330366300366304,161,346,2.3978952727983707,8.62176759817141,1,0
16266.0,13,14,1757.95,16.127981651376146,73,612,2.70805020110221,7.472472319091938,0,1
16267.0,530,1,186.66,26.665714285714284,7,530,0.6931471805599453,5.2346318148619035,0,1
16268.0,10,2,667.65,14.836666666666666,45,10,1.0986122886681098,6.5052607543188055,0,1
16269.0,377,1,717.57,13.539056603773586,53,377,0.6931471805599453,6.577263125964925,0,1
16270.0,292,1,1141.24,21.134074074074075,54,292,0.6931471805599453,7.040746525754151,0,1
16271.0,65,8,2861.61,11.727909836065574,146,582,2.1972245773362196,7.959489075071759,1,0
16272.0,56,1,411.7,16.468,25,56,0.6931471805599453,6.022720936758536,0,1
16273.0,587,2,318.34000000000003,21.22266666666667,15,595,1.0986122886681098,5.7662563659115555,0,1
16274.0,312,1,351.75,5.411538461538462,64,312,0.6931471805599453,5.865759590732924,0,1
16275.0,136,3,2151.11,19.37936936936937,105,580,1.3862943611198906,7.674204035216971,0,1
16276.0,116,3,2629.3900000000003,101.13038461538463,20,547,1.3862943611198906,7.8748874031514715,0,1
16277.0,673,1,188.69,8.203913043478261,23,673,0.6931471805599453,5.245391160738632,0,1
16278.0,39,3,1117.84,20.324363636363636,50,438,1.3862943611198906,7.020047713280759,0,1
16279.0,26,8,4919.68,16.183157894736844,212,535,2.1972245773362196,8.501202011318155,1,0
16280.0,664,1,238.05,14.878125,16,664,0.6931471805599453,5.476672735072112,0,1
16281.0,11,3,3424.02,87.79538461538462,27,621,1.3862943611198906,8.138862590095334,0,1
16282.0,279,3,1307.5800000000002,39.623636363636365,31,658,1.3862943611198906,7.176697858809751,0,1
16283.0,7,7,4109.65,7.273716814159291,382,588,2.0794415416798357,8.321336445837334,1,0
16284.0,332,1,205.8,6.86,30,332,0.6931471805599453,5.331752142634274,1,0
16285.0,585,1,176.9,5.706451612903226,31,585,0.6931471805599453,5.18122159467179,0,1
16286.0,416,2,328.95,19.349999999999998,17,563,1.0986122886681098,5.798941127829431,0,1
16287.0,109,5,1006.98,23.975714285714286,18,629,1.791759469228055,6.915703607164632,0,1
16288.0,409,1,129.85,18.55,7,409,0.6931471805599453,4.874051628976154,0,1
16289.0,401,1,136.31,6.490952380952381,21,401,0.6931471805599453,4.92224114333366,0,1
16290.0,404,4,1957.7,15.787903225806453,85,505,1.6094379124341003,7.580036266860698,0,1
16291.0,621,1,117.72,117.72,1,621,0.6931471805599453,4.77676777941907,0,1
16292.0,61,5,1253.76,20.22193548387097,51,543,1.791759469228055,7.134699598218368,0,1
16293.0,31,11,3484.54,18.633903743315507,145,668,2.4849066497880004,8.156378260975938,1,0
16294.0,416,1,126.05000000000001,15.756250000000001,8,416,0.6931471805599453,4.8445807097661735,0,1
16295.0,4,1,355.9,16.177272727272726,22,4,0.6931471805599453,5.877455630496114,1,0
16296.0,565,4,1313.67,17.752297297297297,56,661,1.6094379124341003,7.181340962548159,0,1
16297.0,208,1,301.9,15.094999999999999,20,208,0.6931471805599453,5.713402718033191,0,1
16298.0,126,5,601.8,22.288888888888888,20,381,1.791759469228055,6.401585466752341,1,0
16299.0,416,1,193.65,16.1375,12,416,0.6931471805599453,5.271203074056465,0,1
16300.0,369,3,1367.32,5.745042016806722,190,615,1.3862943611198906,7.221338988956571,0,1
16301.0,676,1,107.33,17.888333333333332,6,676,0.6931471805599453,4.6851821239574765,0,1
16302.0,66,1,233.22,21.201818181818183,11,66,0.6931471805599453,5.4562608446139915,0,1
16303.0,55,6,6603.97,26.102648221343873,149,570,1.9459101490553132,8.795577674932485,1,0
16304.0,634,1,381.66,15.2664,25,634,0.6931471805599453,5.9471468664568565,0,1
16305.0,78,1,361.22,16.41909090909091,22,78,0.6931471805599453,5.8922517620363895,0,1
16306.0,153,7,1124.72,16.78686567164179,55,374,2.0794415416798357,7.02617810992586,0,1
16307.0,368,3,1194.92,15.932266666666667,69,516,1.3862943611198906,7.0866710426412585,0,1
16308.0,47,6,4160.0,693.3333333333334,1,663,1.9459101490553132,8.333510708982942,1,0
16309.0,45,2,706.57,16.823095238095238,39,180,1.0986122886681098,6.56183656455249,0,1
16310.0,353,2,460.08,16.431428571428572,26,581,1.0986122886681098,6.133571563732811,0,1
16312.0,371,1,171.15,17.115000000000002,10,371,0.6931471805599453,5.148366189784533,0,1
16314.0,329,3,1491.4,24.05483870967742,58,412,1.3862943611198906,7.308140841347003,0,1
16315.0,270,2,402.71,17.50913043478261,21,475,1.0986122886681098,6.00069679842156,0,1
16316.0,3,13,5744.91,19.343131313131313,193,432,2.6390573296152584,8.656243576346606,0,1
16317.0,59,5,2192.51,18.73940170940171,103,524,1.791759469228055,7.693258279519971,0,1
16319.0,157,1,404.40000000000003,134.8,3,157,0.6931471805599453,6.004874234017899,0,1
16320.0,111,6,5628.99,23.356804979253113,193,620,1.9459101490553132,8.635862944933224,0,1
16321.0,11,7,604.5500000000001,26.284782608695654,15,678,2.0794415416798357,6.40613713596706,0,1
16323.0,135,2,353.66,88.415,4,517,1.0986122886681098,5.871159584064333,0,1
16324.0,67,3,408.59000000000003,3.6809909909909915,100,116,1.3862943611198906,6.01515665936477,0,1
16325.0,94,11,3419.28,25.70887218045113,103,674,2.4849066497880004,8.137477698050404,1,0
16326.0,1,20,3760.4700000000003,9.767454545454546,222,619,3.044522437723423,8.2325651174268,1,0
16327.0,19,15,9511.76,11.501523579201935,281,664,2.772588722239781,9.16038933425371,1,0
16328.0,502,1,310.83,19.426875,16,502,0.6931471805599453,5.742458167518031,0,1
16329.0,367,4,1664.92,16.008846153846154,83,678,1.6094379124341003,7.418132802366146,0,1
16330.0,51,6,422.43,4.446631578947368,86,602,1.9459101490553132,6.048388211174136,1,0
16331.0,371,6,2037.7,59.932352941176475,33,582,1.9459101490553132,7.620067628803093,0,1
16332.0,0,9,1665.03,10.47188679245283,127,528,2.302585092994046,7.418198829767541,1,0
16333.0,5,19,19352.6,483.81499999999994,9,249,2.995732273553991,9.87063372766505,1,0
16334.0,431,1,263.73,4.883888888888889,54,431,0.6931471805599453,5.578710438662941,0,1
16335.0,491,7,2753.52,7.6274792243767315,193,675,2.0794415416798357,7.9209984777323,0,1
16336.0,360,4,3517.69,51.73073529411765,64,571,1.6094379124341003,8.165844040232853,0,1
16338.0,96,1,214.8,19.527272727272727,11,96,0.6931471805599453,5.374352052824034,0,1
16339.0,223,1,94.05,5.225,17,223,0.6931471805599453,4.554403068934438,0,1
16340.0,46,3,1496.24,4.191148459383753,277,490,1.3862943611198906,7.311378692210931,0,1
16341.0,25,5,3410.81,23.686180555555556,97,549,1.791759469228055,8.134998221246287,1,0
16342.0,14,4,322.41,21.494000000000003,10,119,1.6094379124341003,5.778920868124441,0,1
16343.0,346,1,285.54,8.158285714285714,28,346,0.6931471805599453,5.6578781424652265,1,0
16344.0,97,4,842.42,18.313478260869566,43,608,1.6094379124341003,6.73746505457173,0,1
16345.0,422,1,613.33,8.638450704225352,68,422,0.6931471805599453,6.420532243051019,1,0
16346.0,324,1,224.51,14.967333333333332,15,324,0.6931471805599453,5.418364503857487,0,1
16347.0,327,9,2595.51,10.099260700389106,167,577,2.302585092994046,7.861923514615297,1,0
16348.0,17,6,1342.46,6.215092592592593,167,369,1.9459101490553132,7.203003654631302,1,0
16349.0,230,1,53.5,5.944444444444445,9,230,0.6931471805599453,3.9982007016691985,0,1
16350.0,4,8,2139.29,18.12957627118644,72,367,2.1972245773362196,7.6686966128533935,1,0
16351.0,272,13,3330.03,17.80764705882353,124,674,2.6390573296152584,8.111036844457537,0,1
16353.0,8,31,7087.76,46.63,73,671,3.4657359027997265,8.866265710013188,1,0
16354.0,2,5,1119.46,7.996142857142857,116,530,1.791759469228055,7.021494594254829,0,1
16355.0,314,1,416.35,8.673958333333333,47,314,0.6931471805599453,6.033925198296746,0,1
16356.0,137,6,415.87,7.0486440677966105,27,491,1.9459101490553132,6.032774422594961,0,1
16357.0,101,3,467.44,18.6976,22,320,1.3862943611198906,6.149408025173937,1,0
16358.0,3,4,2486.4900000000002,20.894873949579836,101,334,1.6094379124341003,7.819029448924165,1,0
16359.0,4,15,2587.02,22.495826086956523,77,601,2.772588722239781,7.858648383566201,1,0
16360.0,6,3,1448.02,6.766448598130841,168,27,1.3862943611198906,7.278642744847925,1,0
16361.0,10,1,334.94,7.789302325581395,43,10,0.6931471805599453,5.816932572588857,1,0
16362.0,30,4,572.82,11.015769230769232,44,377,1.6094379124341003,6.3523157582901275,1,0
16364.0,76,1,346.3,12.367857142857144,28,76,0.6931471805599453,5.850188959750028,1,0
16365.0,62,13,2489.48,22.839266055045872,86,668,2.6390573296152584,7.8202307419651325,1,0
16366.0,521,3,1220.83,20.347166666666666,57,663,1.3862943611198906,7.108105013851038,1,0
16367.0,302,2,716.9,5.514615384615384,119,322,1.0986122886681098,6.576330283582437,1,0
16368.0,375,1,141.53,6.73952380952381,20,375,0.6931471805599453,4.95955250386694,1,0
16369.0,20,6,1954.5900000000001,16.84991379310345,80,550,1.9459101490553132,7.578447217171269,1,0
16370.0,21,4,1301.91,5.890995475113122,143,164,1.6094379124341003,7.172355503365555,0,1
16371.0,388,1,157.2,14.29090909090909,11,388,0.6931471805599453,5.063860055333554,0,1
16372.0,348,3,934.58,4.1909417040358745,203,546,1.3862943611198906,6.841166657824849,1,0
16373.0,321,2,309.49,10.672068965517242,25,350,1.0986122886681098,5.738151694735743,0,1
16374.0,5,5,1723.4,4.98092485549133,276,527,1.791759469228055,7.45263444287298,0,1
16375.0,409,2,104.0,8.0,11,409,1.0986122886681098,4.653960350157523,0,1
16377.0,206,2,1308.48,130.848,6,557,1.0986122886681098,7.17738539082617,0,1
16378.0,186,3,362.95,15.780434782608696,22,250,1.3862943611198906,5.897016495564267,0,1
16379.0,18,1,478.88,17.736296296296295,27,18,0.6931471805599453,6.173536072646727,1,0
16380.0,0,1,1743.1499999999999,56.23064516129032,28,0,0.6931471805599453,7.46402260994466,0,1
16381.0,335,2,247.85,4.06311475409836,60,357,1.0986122886681098,5.516850305304563,0,1
16382.0,347,2,353.1,8.025,42,490,1.0986122886681098,5.869579359117858,0,1
16383.0,14,7,2896.69,7.241725,239,612,2.0794415416798357,7.971669146834533,0,1
16384.0,29,4,1358.95,16.77716049382716,80,529,1.6094379124341003,7.215203213348377,0,1
16385.0,97,4,600.3100000000001,6.386276595744682,79,571,1.6094379124341003,6.399110608540862,1,0
16386.0,193,2,826.69,13.333709677419355,55,327,1.0986122886681098,6.718638688146263,1,0
16387.0,262,5,882.46,10.143218390804599,68,578,1.791759469228055,6.783846016258317,0,1
16388.0,593,1,186.05,14.311538461538463,13,593,0.6931471805599453,5.231375960794155,0,1
16389.0,17,3,1078.71,46.9004347826087,23,222,1.3862943611198906,6.984447765542194,1,0
16390.0,476,3,467.5,22.261904761904763,16,618,1.3862943611198906,6.149536101678477,0,1
16391.0,340,4,1052.26,3.4613815789473685,261,501,1.6094379124341003,6.959645395236081,0,1
16392.0,209,3,756.7,5.254861111111111,125,501,1.3862943611198906,6.630287528937328,0,1
16393.0,33,19,4018.78,6.358829113924051,296,678,2.995732273553991,8.298982453747366,1,0
16394.0,11,4,1241.86,17.490985915492956,54,229,1.6094379124341003,7.125170454435294,1,0
16395.0,0,14,3518.41,5.549542586750788,416,673,2.70805020110221,8.166048640907043,0,1
16396.0,415,1,137.8,17.225,8,415,0.6931471805599453,4.933034048072704,0,1
16397.0,567,1,123.13,13.681111111111111,9,567,0.6931471805599453,4.821329403527856,0,1
16398.0,93,2,1705.8,20.802439024390242,75,193,1.0986122886681098,7.4423755513138445,0,1
16399.0,174,2,400.61,5.805942028985507,65,328,1.0986122886681098,5.995481468465916,1,0
16400.0,34,9,3059.85,11.460112359550562,214,671,2.302585092994046,8.0264479341511,0,1
16401.0,26,19,5524.49,18.353787375415283,100,494,2.995732273553991,8.61712721023623,1,0
16402.0,204,2,293.45,5.148245614035088,55,308,1.0986122886681098,5.685109209390579,0,1
16403.0,251,1,177.5,17.75,10,251,0.6931471805599453,5.184588601219693,0,1
16404.0,9,1,443.05,19.26304347826087,23,9,0.6931471805599453,6.095937168704513,0,1
16405.0,241,2,167.25,33.45,3,249,1.0986122886681098,5.125450968524837,0,1
16406.0,390,2,374.01,4.155666666666667,85,593,1.0986122886681098,5.926952692281528,1,0
16407.0,13,13,2429.48,11.90921568627451,118,371,2.6390573296152584,7.795844047692139,1,0
16408.0,530,1,231.93,5.154,45,530,0.6931471805599453,5.450737979243263,0,1
16409.0,26,11,5043.89,6.985997229916898,321,665,2.4849066497880004,8.526131128783899,1,0
16410.0,673,1,130.32,26.064,5,673,0.6931471805599453,4.877637092633392,0,1
16411.0,308,3,673.24,4.288152866242038,119,367,1.3862943611198906,6.513586130615824,1,0
16412.0,333,4,457.2,4.969565217391304,72,612,1.6094379124341003,6.127305770019395,1,0
16413.0,315,1,259.83,7.022432432432432,32,315,0.6931471805599453,5.563868854111823,1,0
16414.0,219,4,475.76,8.063728813559322,56,634,1.6094379124341003,6.167013219614508,1,0
16415.0,523,2,496.49,5.0662244897959186,78,616,1.0986122886681098,6.209575455894117,1,0
16416.0,329,6,1906.48,16.57808695652174,92,594,1.9459101490553132,7.553538278175728,1,0
16417.0,432,1,35.7,35.7,1,432,0.6931471805599453,3.6027767550605247,0,1
16418.0,32,4,765.98,6.839107142857143,94,362,1.6094379124341003,6.642460725407985,1,0
16419.0,52,8,1463.7,16.263333333333335,62,607,2.1972245773362196,7.289405722324261,0,1
16420.0,335,1,75.0,37.5,2,335,0.6931471805599453,4.330733340286331,0,1
16421.0,315,3,526.27,13.849210526315789,35,409,1.3862943611198906,6.26771275130897,0,1
16422.0,4,102,58234.21,90.990953125,111,636,4.634728988229636,10.97224543360907,1,0
16424.0,130,2,443.06,34.081538461538464,10,322,1.0986122886681098,6.09595968843743,0,1
16425.0,241,1,302.7,14.414285714285715,21,241,0.6931471805599453,5.716040372051703,0,1
16426.0,32,4,689.83,8.732025316455697,64,215,1.6094379124341003,6.5378937732392295,1,0
16427.0,202,2,241.06,26.784444444444446,8,223,1.0986122886681098,5.489185629310458,0,1
16428.0,353,3,638.49,5.02748031496063,121,437,1.3862943611198906,6.4606709836800595,0,1
16429.0,45,1,284.55,142.275,2,45,0.6931471805599453,5.654417145110872,0,1
16430.0,320,6,817.09,37.140454545454546,17,621,1.9459101490553132,6.706972355000379,1,0
16431.0,152,3,623.28,8.201052631578946,51,236,1.3862943611198906,6.436598985674353,0,1
16432.0,3,1,287.40000000000003,35.925000000000004,8,3,0.6931471805599453,5.664348405410794,0,1
16433.0,348,1,200.26,11.78,17,348,0.6931471805599453,5.3045976045051875,1,0
16434.0,35,9,2060.73,16.226220472440946,90,630,2.302585092994046,7.631300715169264,1,0
16435.0,451,3,1003.0699999999999,8.02456,119,453,1.3862943611198906,6.911817018936809,0,1
16436.0,607,3,319.14,7.9784999999999995,37,672,1.3862943611198906,5.768758400118552,0,1
16437.0,320,2,301.25,14.345238095238095,17,369,1.0986122886681098,5.711254489494902,0,1
16438.0,21,1,204.4,5.524324324324325,37,21,0.6931471805599453,5.324959297494458,1,0
16439.0,661,1,310.70000000000005,34.522222222222226,9,661,0.6931471805599453,5.7420411867732915,0,1
16440.0,5,3,921.77,8.695943396226415,95,433,1.3862943611198906,6.827380016018219,1,0
16441.0,6,5,1019.13,11.989764705882353,67,566,1.791759469228055,6.927685349137523,0,1
16442.0,167,4,715.11,4.063125,165,666,1.6094379124341003,6.573833786445484,1,0
16443.0,460,1,162.24,162.24,1,460,0.6931471805599453,5.095221510537605,0,1
16444.0,34,16,3512.61,9.839243697478992,208,564,2.833213344056216,8.164399277954896,1,0
16445.0,326,3,352.65,3.014102564102564,93,351,1.3862943611198906,5.8683077234819985,1,0
16446.0,145,1,2.9,1.45,2,145,0.6931471805599453,1.3609765531356006,1,0
16447.0,75,3,727.1,10.69264705882353,59,599,1.3862943611198906,6.590438401400665,0,1
16448.0,137,2,361.12,7.2224,45,410,1.0986122886681098,5.891975648607239,0,1
16449.0,137,2,707.69,17.69225,40,220,1.0986122886681098,6.563418195373777,0,1
16450.0,89,3,1505.73,35.016976744186046,36,595,1.3862943611198906,7.317697018672935,0,1
16451.0,27,3,1013.15,15.586923076923076,61,674,1.3862943611198906,6.921806102204797,0,1
16452.0,570,2,332.17,18.45388888888889,14,633,1.0986122886681098,5.808652870224797,0,1
16453.0,470,2,251.71,16.78066666666667,15,487,1.0986122886681098,5.532242586226923,0,1
16454.0,3,3,29.950000000000003,9.983333333333334,3,550,1.3862943611198906,3.4323729991306053,1,0
16455.0,3,11,3995.57,19.490585365853658,111,559,2.4849066497880004,8.293191772238593,0,1
16456.0,38,13,6000.94,15.347672634271099,226,560,2.6390573296152584,8.699838029282567,0,1
16457.0,157,1,208.36,23.151111111111113,9,157,0.6931471805599453,5.34405525822189,0,1
16458.0,11,25,4693.21,14.13617469879518,85,501,3.258096538021482,8.454085113373614,1,0
16459.0,669,1,71.78999999999999,14.357999999999999,5,669,0.6931471805599453,4.287578583130166,0,1
16460.0,12,2,508.61,4.422695652173913,112,21,1.0986122886681098,6.233645727299329,1,0
16461.0,117,3,1545.83,6.134246031746032,223,585,1.3862943611198906,7.343962954424815,0,1
16462.0,13,3,136.0,45.333333333333336,1,223,1.3862943611198906,4.919980925828125,0,1
16463.0,143,1,319.37,16.80894736842105,19,143,0.6931471805599453,5.769476577851563,1,0
16464.0,19,2,983.33,5.619028571428571,141,81,1.0986122886681098,6.891961206683354,1,0
16465.0,360,2,746.24,15.546666666666667,45,384,1.0986122886681098,6.616386418672361,0,1
16466.0,42,13,3170.76,11.324142857142858,178,581,2.6390573296152584,8.062041917849347,1,0
16467.0,448,7,2869.16,119.54833333333333,14,677,2.0794415416798357,7.962123056328662,0,1
16468.0,13,3,787.52,17.500444444444444,38,420,1.3862943611198906,6.670157770697776,0,1
16469.0,26,4,625.97,4.636814814814815,112,453,1.6094379124341003,6.440898692598269,1,0
16470.0,55,10,2203.21,5.521829573934837,254,668,2.3978952727983707,7.698124447040545,1,0
16471.0,214,4,1189.98,19.193225806451615,48,592,1.6094379124341003,7.0825317766030516,0,1
16472.0,373,2,789.6,20.246153846153845,39,537,1.0986122886681098,6.672792150862585,0,1
16473.0,104,4,470.83,16.815357142857142,26,313,1.6094379124341003,6.156618751217421,0,1
16474.0,5,4,998.5400000000001,4.9927,157,84,1.6094379124341003,6.907295173149681,1,0
16475.0,27,4,544.3,19.439285714285713,23,213,1.6094379124341003,6.301336101932016,0,1
16476.0,371,1,350.35,14.597916666666668,24,371,0.6931471805599453,5.861782877638206,0,1
16477.0,3,11,4094.37,16.64378048780488,177,424,2.4849066497880004,8.317612346295839,0,1
16478.0,4,2,235.9,19.658333333333335,11,5,1.0986122886681098,5.46763811116474,1,0
16480.0,15,1,769.29,14.514905660377357,51,15,0.6931471805599453,6.646767067319571,0,1
16481.0,621,1,453.38,28.33625,16,621,0.6931471805599453,6.118933852353786,0,1
16483.0,131,1,139.35,7.334210526315789,19,131,0.6931471805599453,4.9441393028078915,0,1
16484.0,113,2,404.3,16.172,25,130,1.0986122886681098,6.004627533634263,0,1
16485.0,16,5,2287.19,15.883263888888889,126,673,1.791759469228055,7.735516391009938,0,1
16486.0,477,1,134.36,19.194285714285716,7,477,0.6931471805599453,4.907937895857914,0,1
16487.0,516,2,209.4,5.982857142857143,28,598,1.0986122886681098,5.349010480863555,0,1
16488.0,54,2,354.57,16.116818181818182,22,88,1.0986122886681098,5.8737221356264255,1,0
16489.0,319,2,303.7,50.61666666666667,4,375,1.0986122886681098,5.719327685991663,0,1
16490.0,375,1,205.41000000000003,15.800769230769232,13,375,0.6931471805599453,5.329864482046166,0,1
16491.0,352,1,801.66,16.701249999999998,48,352,0.6931471805599453,6.6879312120782695,1,0
16492.0,480,1,385.56,16.763478260869565,23,480,0.6931471805599453,5.957287095306396,0,1
16493.0,19,7,2132.09,19.20801801801802,77,562,2.0794415416798357,7.665326911674032,0,1
16494.0,236,1,826.53,16.5306,47,236,0.6931471805599453,6.7184453603705006,0,1
16495.0,215,2,246.51,7.47,32,215,1.0986122886681098,5.511450985232928,1,0
16496.0,147,5,1916.29,16.80956140350877,101,448,1.791759469228055,7.5586680096428775,1,0
16497.0,142,22,5280.29,18.334340277777777,204,675,3.1354942159291497,8.571925665041299,1,0
16498.0,100,2,100.97,6.731333333333334,15,101,1.0986122886681098,4.624678652376135,0,1
16499.0,299,8,2578.34,17.90513888888889,104,486,2.1972245773362196,7.855288831236204,0,1
16500.0,270,4,608.05,25.335416666666664,20,482,1.6094379124341003,6.411900366145968,1,0
16501.0,322,1,1191.23,5.98608040201005,181,322,0.6931471805599453,7.0835807820323895,0,1
16502.0,559,2,258.55,6.30609756097561,41,559,1.0986122886681098,5.558949362273238,0,1
16503.0,46,11,3614.34,16.9687323943662,161,475,2.4849066497880004,8.192941182728983,0,1
16507.0,511,1,142.71,3.755526315789474,37,511,0.6931471805599453,4.9677973800861555,0,1
16508.0,569,1,240.95,5.603488372093023,42,569,0.6931471805599453,5.488731093239328,0,1
16509.0,236,1,363.70000000000005,27.97692307692308,13,236,0.6931471805599453,5.8990750978146345,0,1
16510.0,311,6,1777.5,15.870535714285714,94,631,1.9459101490553132,7.48352559138851,0,1
16511.0,84,5,1407.86,5.8176033057851235,189,588,1.791759469228055,7.250536145712911,1,0
16515.0,31,9,2802.28,12.795799086757992,176,480,2.302585092994046,7.938545439147633,1,0
16517.0,216,1,162.70000000000002,9.57058823529412,17,216,0.6931471805599453,5.098035484377089,0,1
16518.0,0,4,959.37,14.108382352941177,61,495,1.6094379124341003,6.867318626874623,0,1
16519.0,304,3,327.68,11.702857142857143,25,587,1.3862943611198906,5.795084633062987,1,0
16520.0,125,6,2148.38,6.103352272727273,251,586,1.9459101490553132,7.672934707441458,0,1
16521.0,354,3,1140.11,4.810590717299577,212,587,1.3862943611198906,7.039756751876076,0,1
16522.0,375,2,433.36,24.075555555555557,16,389,1.0986122886681098,6.0738736833487,0,1
16523.0,18,22,9279.27,30.1275,164,623,3.1354942159291497,9.135645920184587,1,0
16524.0,385,2,306.19,5.777169811320754,50,630,1.0986122886681098,5.727466448660353,0,1
16525.0,19,45,22625.0,68.56060606060606,113,676,3.828641396489095,10.026854966486413,1,0
16526.0,111,2,717.21,20.491714285714288,30,523,1.0986122886681098,6.576762005393183,0,1
16527.0,20,2,1232.94,16.889589041095892,66,363,1.0986122886681098,7.117967580916939,0,1
16529.0,129,4,1986.8,15.521875,87,469,1.6094379124341003,7.594783778533905,0,1
16530.0,607,1,48.35,16.116666666666667,3,607,0.6931471805599453,3.8989377658794906,0,1
16531.0,13,9,1943.17,16.467542372881358,100,381,2.302585092994046,7.572590429756652,1,0
16532.0,75,4,6524.639999999999,1304.9279999999999,2,560,1.6094379124341003,8.783494311672133,1,0
16533.0,7,1,364.22,5.6909375,64,7,0.6931471805599453,5.900499911733888,1,0
16534.0,581,1,635.9,17.663888888888888,36,581,0.6931471805599453,6.45661265737732,0,1
16535.0,324,2,378.28999999999996,9.457249999999998,36,619,1.0986122886681098,5.938301083991916,1,0
16536.0,49,1,548.12,10.15037037037037,49,49,0.6931471805599453,6.308316996859543,0,1
16537.0,580,1,23.35,5.8375,3,580,0.6931471805599453,3.192531849528599,0,1
16538.0,480,3,395.07,9.635853658536584,35,534,1.3862943611198906,5.981590963309683,0,1
16539.0,159,9,2954.46,23.826290322580647,81,471,2.302585092994046,7.991409586083851,1,0
16540.0,353,1,205.75,7.094827586206897,25,353,0.6931471805599453,5.3315103339038,0,1
16541.0,674,1,424.03,11.158684210526316,38,674,0.6931471805599453,6.052159754668478,0,1
16542.0,340,1,137.7,15.299999999999999,9,340,0.6931471805599453,4.932313327320786,1,0
16543.0,531,1,292.21,16.233888888888888,18,531,0.6931471805599453,5.680889075842892,0,1
16544.0,459,4,376.70000000000005,34.24545454545455,8,601,1.6094379124341003,5.934100229718411,0,1
16545.0,104,2,689.8199999999999,86.22749999999999,6,315,1.0986122886681098,6.537879297793204,0,1
16546.0,230,5,5307.07,60.307613636363634,75,381,1.791759469228055,8.576983583006438,0,1
16547.0,485,1,104.25999999999999,4.1704,25,485,0.6931471805599453,4.656433479925632,0,1
16548.0,538,1,30.15,5.0249999999999995,6,538,0.6931471805599453,3.4388142452334622,0,1
16549.0,28,27,9978.65,4.189189756507137,722,560,3.332204510175204,9.208303298550257,1,0
16550.0,48,18,8813.58,11.673615894039735,274,677,2.9444389791664403,9.084162447639006,0,1
16551.0,35,7,2237.12,25.421818181818182,67,665,2.0794415416798357,7.713391506737356,0,1
16552.0,182,2,379.73,22.337058823529414,17,313,1.0986122886681098,5.9420904624901825,0,1
16553.0,102,33,16584.01,56.79455479452054,195,605,3.5263605246161616,9.716254554335448,0,1
16554.0,161,7,2318.73,17.04948529411765,90,664,2.0794415416798357,7.749206078577413,1,0
16555.0,49,5,1781.77,30.720172413793104,54,444,1.791759469228055,7.485923613468398,1,0
16556.0,6,17,8012.58,16.623609958506226,280,672,2.8903717578961645,8.988892881537227,0,1
16557.0,76,1,101.15,16.858333333333334,6,76,0.6931471805599453,4.626442321263631,1,0
16558.0,2,34,10295.39,16.472624,322,675,3.5553480614894135,9.239548627346458,1,0
16559.0,336,1,175.0,10.294117647058824,17,336,0.6931471805599453,5.170483995038151,0,1
16560.0,297,7,2539.15,15.673765432098765,111,671,2.0794415416798357,7.839978413387008,1,0
16562.0,416,1,223.86,6.584117647058824,34,416,0.6931471805599453,5.415477986321614,0,1
16563.0,339,5,3334.82,47.64028571428572,46,677,1.791759469228055,8.112473805188383,1,0
16564.0,508,1,87.80000000000001,17.560000000000002,5,508,0.6931471805599453,4.486386649998124,0,1
16565.0,303,4,773.05,70.27727272727272,7,495,1.6094379124341003,6.651636470986475,0,1
16566.0,109,3,463.88,51.54222222222222,9,232,1.3862943611198906,6.14177930776685,1,0
16567.0,133,2,865.6,24.731428571428573,34,276,1.0986122886681098,6.764577509305809,0,1
16568.0,367,2,1020.9,204.18,5,580,1.0986122886681098,6.929418918618163,0,1
16569.0,570,4,1331.03,44.367666666666665,23,662,1.6094379124341003,7.194459373369229,1,0
16570.0,66,16,5829.9800000000005,30.20715025906736,100,559,2.833213344056216,8.670940361272867,1,0
16571.0,115,9,3723.84,16.40458149779736,136,571,2.302585092994046,8.222779176871018,1,0
16572.0,66,3,1009.6,17.712280701754388,40,215,1.3862943611198906,6.918299492857808,0,1
16573.0,24,2,663.61,15.800238095238095,40,229,1.0986122886681098,6.499200402451892,0,1
16574.0,10,3,1301.78,15.136976744186047,86,598,1.3862943611198906,7.172255721733736,0,1
16576.0,359,2,540.87,16.39,32,461,1.0986122886681098,6.2950261202719355,0,1
16577.0,606,1,380.0,16.52173913043478,23,606,0.6931471805599453,5.942799375126701,0,1
16578.0,565,1,156.6,17.4,9,565,0.6931471805599453,5.060060177423779,0,1
16579.0,365,1,295.05,21.075,14,365,0.6931471805599453,5.690528358977785,0,1
16581.0,122,1,105.84,11.76,9,122,0.6931471805599453,4.67133238824176,0,1
16582.0,52,1,313.62,52.27,6,52,0.6931471805599453,5.751365561394358,0,1
16583.0,313,2,297.95,16.552777777777777,18,613,1.0986122886681098,5.7002763353269135,0,1
16584.0,19,5,3156.17,38.48987804878049,61,601,1.791759469228055,8.057431335698642,0,1
16585.0,533,2,341.59000000000003,18.977222222222224,16,634,1.0986122886681098,5.8365343969059404,0,1
16586.0,188,3,1462.78,52.24214285714286,27,575,1.3862943611198906,7.288777410005061,0,1
16587.0,171,1,225.15,17.31923076923077,13,171,0.6931471805599453,5.421198495923853,0,1
16588.0,325,4,1361.28,19.172957746478872,64,513,1.6094379124341003,7.216915045610148,0,1
16589.0,10,4,612.36,13.917272727272728,39,389,1.6094379124341003,6.418952039250639,0,1
16590.0,340,2,605.9,20.893103448275863,26,354,1.0986122886681098,6.408364032841809,0,1
16591.0,8,1,213.5,21.35,10,8,0.6931471805599453,5.368309738368072,0,1
16592.0,76,22,5908.56,17.378117647058826,187,660,3.1354942159291497,8.684326657543997,1,0
16593.0,129,7,996.61,13.841805555555556,53,674,2.0794415416798357,6.905362418373325,1,0
16594.0,14,1,181.09,3.416792452830189,53,14,0.6931471805599453,5.204501070343752,0,1
16595.0,0,5,1757.75,3.8888274336283186,337,631,1.791759469228055,7.472358608428599,0,1
16596.0,305,3,329.48,18.304444444444446,17,668,1.3862943611198906,5.800546143088509,1,0
16598.0,225,1,145.05,14.505,10,225,0.6931471805599453,4.9839490288337505,0,1
16599.0,325,1,172.8,14.4,12,325,0.6931471805599453,5.157905212831292,0,1
16600.0,13,10,1693.09,15.532935779816514,84,660,2.3978952727983707,7.434901002490213,1,0
16601.0,330,2,434.3,11.135897435897435,38,562,1.0986122886681098,6.076035448558252,1,0
16602.0,328,1,235.25,21.386363636363637,11,328,0.6931471805599453,5.464890566373852,1,0
16603.0,14,2,482.47,14.19029411764706,34,30,1.0986122886681098,6.180989265398516,0,1
16604.0,502,2,432.45000000000005,36.0375,10,507,1.0986122886681098,6.071776449314649,0,1
16605.0,663,1,60.48,60.48,1,663,0.6931471805599453,4.118711918670395,0,1
16606.0,343,2,357.66,16.257272727272728,16,373,1.0986122886681098,5.882374864520278,0,1
16607.0,12,22,4941.1,19.226070038910507,189,528,3.1354942159291497,8.50554562106662,1,0
16608.0,393,2,1286.6200000000001,10.633223140495868,94,603,1.0986122886681098,7.160550832078174,0,1
16609.0,27,6,4029.82,18.234479638009052,142,192,1.9459101490553132,8.301725108188123,1,0
16610.0,158,1,75.66,12.61,6,158,0.6931471805599453,4.339380059952409,0,1
16611.0,125,6,1785.13,16.228454545454547,86,578,1.9459101490553132,7.487806547141364,0,1
16612.0,58,8,2928.07,19.263618421052634,100,675,2.1972245773362196,7.982440245483777,1,0
16613.0,9,1,618.59,20.619666666666667,30,9,0.6931471805599453,6.429057968967668,0,1
16614.0,122,3,1179.79,24.07734693877551,37,517,1.3862943611198906,7.073938984975659,0,1
16615.0,565,1,291.5,15.342105263157896,19,565,0.6931471805599453,5.678464666671911,0,1
16616.0,96,1,210.10000000000002,19.1,11,96,0.6931471805599453,5.352331954854275,1,0
16617.0,175,1,151.85,30.369999999999997,5,175,0.6931471805599453,5.029457048336844,0,1
16618.0,150,4,1441.29,26.690555555555555,44,262,1.6094379124341003,7.273987407195118,1,0
16619.0,203,4,1938.3300000000002,16.709741379310348,103,595,1.6094379124341003,7.5700978315818475,0,1
16620.0,200,5,1675.73,18.619222222222223,74,677,1.791759469228055,7.4246007470721205,1,0
16621.0,87,3,609.41,27.700454545454544,17,217,1.3862943611198906,6.414130862535921,1,0
16622.0,483,1,225.4,18.783333333333335,12,483,0.6931471805599453,5.422303346329028,0,1
16623.0,185,4,1015.24,19.906666666666666,44,531,1.6094379124341003,6.923864820715205,0,1
16624.0,20,2,810.57,16.886875,44,136,1.0986122886681098,6.6989706432467875,0,1
16625.0,214,5,1654.03,16.707373737373736,82,483,1.791759469228055,7.411574414535091,0,1
16626.0,8,10,2852.64,22.461732283464567,81,206,2.3978952727983707,7.956350651327992,1,0
16627.0,18,1,322.8,16.14,20,18,0.6931471805599453,5.780126041243535,0,1
16628.0,46,6,1749.89,18.419894736842107,69,581,1.9459101490553132,7.467879509067512,1,0
16629.0,13,2,408.63,6.8105,58,35,1.0986122886681098,6.01525431323072,0,1
16630.0,346,1,106.80000000000001,26.700000000000003,4,346,0.6931471805599453,4.680277658474897,0,1
16631.0,421,7,1892.52,23.6565,46,591,2.0794415416798357,7.546192809736556,0,1
16632.0,425,2,406.4,15.05185185185185,22,520,1.0986122886681098,6.009795503792706,0,1
16633.0,17,4,1509.0,19.10126582278481,64,173,1.6094379124341003,7.31986492980897,1,0
16634.0,162,6,1649.81,19.87722891566265,72,627,1.9459101490553132,7.409021355529088,0,1
16635.0,346,1,473.0,18.92,25,346,0.6931471805599453,6.161207321695077,0,1
16636.0,377,4,3802.04,52.0827397260274,62,585,1.6094379124341003,8.243556025885042,0,1
16637.0,0,3,862.9300000000001,16.594807692307693,49,165,1.3862943611198906,6.76149174700336,1,0
16638.0,38,14,2250.35,17.17824427480916,123,417,2.70805020110221,7.719285315270433,1,0
16639.0,146,3,961.62,18.85529411764706,48,348,1.3862943611198906,6.869658733715292,1,0
16640.0,337,1,179.4,13.8,13,337,0.6931471805599453,5.1951766076285235,0,1
16641.0,45,2,554.5,15.402777777777779,36,641,1.0986122886681098,6.319868609079685,0,1
16642.0,147,2,696.85,19.91,33,354,1.0986122886681098,6.548004179954654,1,0
16643.0,185,2,923.11,16.783818181818184,48,362,1.0986122886681098,6.828831112175126,0,1
16644.0,117,2,833.78,13.448064516129032,62,151,1.0986122886681098,6.72716821708184,0,1
16645.0,675,1,160.39,11.456428571428571,14,675,0.6931471805599453,5.083823796047731,0,1
16646.0,388,1,678.8,23.406896551724138,29,388,0.6931471805599453,6.521798637262015,0,1
16647.0,109,4,541.9,16.421212121212122,28,483,1.6094379124341003,6.296925140911405,0,1
16648.0,395,2,382.14,21.23,18,529,1.0986122886681098,5.948400457636955,1,0
16649.0,459,1,306.58,15.328999999999999,20,459,0.6931471805599453,5.728735216011778,0,1
16650.0,11,7,1916.11,19.552142857142854,71,458,2.0794415416798357,7.558574122724386,0,1
16651.0,526,1,136.2,22.7,6,526,0.6931471805599453,4.921439715291784,0,1
16652.0,49,14,15302.29,64.56662447257385,111,572,2.70805020110221,9.635823116944053,1,0
16653.0,10,1,1117.86,16.6844776119403,67,10,0.6931471805599453,7.020065588777921,1,0
16654.0,80,8,1484.07,20.055,64,551,2.1972245773362196,7.303217188172975,0,1
16655.0,14,11,5539.94,9.946032315978455,394,616,2.4849066497880004,8.619919440438393,1,0
16656.0,19,27,15677.630000000001,120.59715384615386,21,674,3.332204510175204,9.660053917638225,1,0
16657.0,88,2,414.79,3.3450806451612904,111,194,1.0986122886681098,6.030180325110656,1,0
16658.0,307,6,690.83,10.79421875,49,558,1.9459101490553132,6.53934026069726,0,1
16659.0,128,1,39.12,19.56,2,128,0.6931471805599453,3.691874963093735,0,1
16660.0,150,5,996.26,76.63538461538461,10,634,1.791759469228055,6.905011518311074,1,0
16661.0,479,4,932.76,15.044516129032258,50,661,1.6094379124341003,6.839219445894366,0,1
16662.0,333,1,151.05,5.394642857142857,28,333,0.6931471805599453,5.024209414123374,0,1
16663.0,668,1,165.0,165.0,1,668,0.6931471805599453,5.111987788356544,0,1
16664.0,508,1,109.2,13.65,8,508,0.6931471805599453,4.702296896718814,0,1
16665.0,301,1,135.4,15.044444444444444,9,301,0.6931471805599453,4.915591745409362,0,1
16666.0,560,1,98.73,6.170625,15,560,0.6931471805599453,4.602466534413777,1,0
16667.0,7,2,567.1800000000001,10.907307692307693,52,223,1.0986122886681098,6.342438269926957,0,1
16668.0,56,12,822.22,16.4444,28,570,2.5649493574615367,6.713223479657169,1,0
16669.0,17,2,725.34,9.42,75,17,1.0986122886681098,6.588018224756646,1,0
16670.0,45,17,7174.22,16.416979405034326,232,668,2.8903717578961645,8.878388702178658,1,0
16671.0,104,1,1382.88,460.96000000000004,3,104,0.6931471805599453,7.2326464272161894,1,0
16672.0,12,18,7327.34,70.45519230769231,22,206,2.9444389791664403,8.899504302657554,1,0
16673.0,618,1,171.13,9.006842105263157,19,618,0.6931471805599453,5.148250005283415,0,1
16674.0,37,1,115.1,3.487878787878788,33,37,0.6931471805599453,4.754451888703846,1,0
16675.0,381,2,608.86,26.47217391304348,21,417,1.0986122886681098,6.413229422629599,0,1
16676.0,152,5,1868.28,17.29888888888889,90,357,1.791759469228055,7.533308608968838,1,0
16677.0,350,2,880.62,18.73659574468085,45,591,1.0986122886681098,6.781761124166734,0,1
16678.0,38,8,2137.3,18.74824561403509,76,222,2.1972245773362196,7.66776639979559,1,0
16679.0,305,3,663.31,36.85055555555555,15,486,1.3862943611198906,6.498748907997604,0,1
16680.0,467,2,637.75,33.56578947368421,16,474,1.0986122886681098,6.459513141517914,1,0
16681.0,12,7,1921.8400000000001,39.22122448979592,22,580,2.0794415416798357,7.561558538799058,0,1
16682.0,31,3,810.22,40.511,15,127,1.3862943611198906,6.698539287365341,1,0
16683.0,473,1,320.25,17.791666666666668,18,473,0.6931471805599453,5.77221963620943,0,1
16684.0,5,48,132420.13,201.5527092846271,172,671,3.8918202981106265,11.793742501896588,1,0
16685.0,0,2,324.24,5.2296774193548385,60,0,1.0986122886681098,5.784563371339637,0,1
16686.0,37,15,4321.13,4.774729281767956,479,672,2.772588722239781,8.37150361528176,1,0
16687.0,330,1,157.63,19.70375,8,330,0.6931471805599453,5.066574446420364,0,1
16688.0,0,1,183.75,16.704545454545453,11,0,0.6931471805599453,5.2190035598283115,1,0
16689.0,15,2,422.6,32.50769230769231,12,21,1.0986122886681098,6.048789613727251,0,1
16690.0,11,4,353.03000000000003,18.580526315789474,12,390,1.6094379124341003,5.869381655305767,0,1
16691.0,357,2,178.83,16.257272727272728,11,500,1.0986122886681098,5.192011960177106,0,1
16692.0,195,4,1914.6999999999998,382.93999999999994,3,381,1.6094379124341003,7.557838370071055,0,1
16693.0,8,5,1179.48,7.020714285714286,149,596,1.791759469228055,7.073676414408311,0,1
16694.0,662,1,98.30000000000001,32.76666666666667,3,662,0.6931471805599453,4.598145571051127,0,1
16695.0,501,2,191.9,5.482857142857143,30,501,1.0986122886681098,5.262171919911683,0,1
16696.0,74,4,657.9,65.78999999999999,7,187,1.6094379124341003,6.490571777919774,0,1
16697.0,180,1,112.75,5.369047619047619,20,180,0.6931471805599453,4.7340030578310595,0,1
16698.0,166,2,1998.0,399.6,4,192,1.0986122886681098,7.6004023345004,0,1
16699.0,319,7,994.6,16.04193548387097,51,674,2.0794415416798357,6.903345570493437,0,1
16700.0,20,23,8177.84,17.037166666666668,248,677,3.1780538303479458,9.009305610249951,1,0
16701.0,69,23,8568.85,35.55539419087137,135,677,3.1780538303479458,9.056005508521494,1,0
16702.0,354,4,1110.83,12.206923076923076,84,671,1.6094379124341003,7.0137625854257,0,1
16704.0,557,2,664.16,12.299259259259259,50,611,1.0986122886681098,6.5000276132197135,0,1
16705.0,13,34,39640.831,65.19873519736842,375,669,3.5553480614894135,10.587640178093613,1,0
16706.0,37,2,411.55,3.9572115384615385,98,53,1.0986122886681098,6.022357410550352,1,0
16707.0,339,4,533.41,8.206307692307691,64,579,1.6094379124341003,6.281163334622208,0,1
16709.0,24,14,9056.01,29.986788079470198,220,669,2.70805020110221,9.1112943224927,0,1
16710.0,13,20,5538.14,6.500164319248826,516,674,3.044522437723423,8.619594533034144,1,0
16711.0,79,7,2127.32,101.3009523809524,17,676,2.0794415416798357,7.663088215096057,1,0
16712.0,34,10,3111.37,8.252970822281167,217,340,2.3978952727983707,8.043139772832422,1,0
16713.0,6,30,12495.54,10.753476764199657,515,664,3.4339872044851463,9.433207084974201,1,0
16714.0,158,4,1497.33,13.612090909090908,95,610,1.6094379124341003,7.3121064335410315,0,1
16715.0,17,2,625.52,22.34,27,502,1.0986122886681098,6.440180697210462,0,1
16716.0,206,3,2149.6800000000003,268.71000000000004,7,570,1.3862943611198906,7.673539350185795,0,1
16717.0,35,12,4380.26,18.100247933884297,190,671,2.5649493574615367,8.385091633233934,1,0
16718.0,308,5,3006.08,16.983502824858757,123,672,1.791759469228055,8.008724787223924,0,1
16719.0,14,13,3227.15,9.116242937853107,189,666,2.6390573296152584,8.079664496711704,1,0
16720.0,315,2,605.79,5.267739130434783,107,661,1.0986122886681098,6.408182767444053,1,0
16721.0,201,1,292.47,7.904594594594595,37,201,0.6931471805599453,5.681775419393111,0,1
16722.0,5,20,7429.83,21.47349710982659,140,675,3.044522437723423,8.913392840759462,1,0
16723.0,30,4,1231.3600000000001,9.930322580645162,108,674,1.6094379124341003,7.116686309201291,0,1
16724.0,344,1,147.35,8.66764705882353,17,344,0.6931471805599453,4.999574346736831,0,1
16725.0,241,14,1688.26,4.85132183908046,242,665,2.70805020110221,7.43204584220165,0,1
16726.0,135,6,1482.3,8.189502762430939,117,350,1.9459101490553132,7.302024614329567,1,0
16727.0,303,4,1377.77,6.7208292682926825,158,628,1.6094379124341003,7.228947076355522,0,1
16728.0,106,3,548.31,3.8613380281690137,113,203,1.3862943611198906,6.308662945171033,1,0
16729.0,10,19,6152.05,11.673719165085389,165,180,2.995732273553991,8.724703172824814,1,0
16730.0,174,2,480.94,12.998378378378378,35,258,1.0986122886681098,6.177819624974356,1,0
16731.0,587,1,170.3,4.0547619047619055,40,587,0.6931471805599453,5.143416405330075,0,1
16732.0,342,3,3783.89,19.605647668393782,177,670,1.3862943611198906,8.238772103362052,1,0
16733.0,469,1,259.68,21.64,12,469,0.6931471805599453,5.56329360146418,0,1
16734.0,53,2,302.40999999999997,9.450312499999999,27,53,1.0986122886681098,5.715085026160327,1,0
16735.0,18,14,6217.41,21.14765306122449,178,671,2.70805020110221,8.735269526045427,0,1
16736.0,445,5,2956.56,20.675244755244755,116,675,1.791759469228055,7.992119883051658,0,1
16737.0,517,1,417.6,417.6,1,517,0.6931471805599453,6.0369158100119,1,0
16738.0,237,1,3.75,3.75,1,237,0.6931471805599453,1.55814461804655,0,1
16739.0,116,2,786.4300000000001,20.695526315789476,33,476,1.0986122886681098,6.6687744778600475,0,1
16740.0,334,1,226.91,7.0909375,30,334,0.6931471805599453,5.42895081418324,0,1
16741.0,564,1,173.06,15.732727272727272,11,564,0.6931471805599453,5.159400067361368,0,1
16742.0,432,13,2334.9700000000003,22.66961165048544,50,662,2.6390573296152584,7.756182501399899,1,0
16743.0,52,13,3859.92,11.123688760806917,111,535,2.6390573296152584,8.258660776028854,1,0
16744.0,15,4,620.18,5.042113821138211,102,112,1.6094379124341003,6.431620895006077,1,0
16745.0,26,17,7180.7,20.227323943661972,148,251,2.8903717578961645,8.87929140281919,0,1
16746.0,14,38,16670.94,18.36006607929515,361,674,3.6635616461296463,9.721482345698249,1,0
16747.0,7,1,480.2,17.785185185185185,27,7,0.6931471805599453,6.176282984100524,1,0
16748.0,157,12,3031.63,23.32023076923077,48,669,2.5649493574615367,8.017185508819392,1,0
16749.0,530,2,4157.88,57.748333333333335,53,663,1.0986122886681098,8.333001086236969,0,1
16750.0,12,4,509.19,7.95609375,53,171,1.6094379124341003,6.234783205358824,1,0
16752.0,312,1,207.5,23.055555555555557,9,312,0.6931471805599453,5.339939041238856,0,1
16754.0,311,29,65500.07,467.8576428571429,38,581,3.4011973816621555,11.089821757367776,0,1
16755.0,53,7,2864.68,8.980188087774295,219,669,2.0794415416798357,7.9605609482813655,0,1
16756.0,154,7,1312.3700000000001,16.61227848101266,64,579,2.0794415416798357,7.180351632015874,0,1
16757.0,258,2,270.48,18.032,13,348,1.0986122886681098,5.603888471835558,0,1
16758.0,4,1,369.34000000000003,16.78818181818182,22,4,0.6931471805599453,5.91442150260967,0,1
16760.0,369,1,228.0,13.411764705882353,17,369,0.6931471805599453,5.43372200355424,0,1
16761.0,36,1,316.62,24.355384615384615,13,36,0.6931471805599453,5.760855699682501,0,1
16762.0,83,1,314.15000000000003,24.165384615384617,13,83,0.6931471805599453,5.753048715959119,1,0
16763.0,138,2,964.6999999999999,21.924999999999997,44,677,1.0986122886681098,6.872853226972872,0,1
16764.0,3,7,1321.93,3.934315476190476,151,82,2.0794415416798357,7.187604252662259,1,0
16765.0,233,2,454.75,8.745192307692308,52,321,1.0986122886681098,6.121944413558772,0,1
16766.0,212,2,1145.6,33.69411764705882,17,212,1.0986122886681098,7.044556320474283,0,1
16767.0,33,11,7301.66,25.441324041811846,198,529,2.4849066497880004,8.895993944326559,1,0
16768.0,43,8,1506.97,10.046466666666667,103,672,2.1972245773362196,7.318519654470811,1,0
16769.0,199,4,1117.05,11.515979381443298,76,665,1.6094379124341003,7.019341375434155,0,1
16770.0,176,8,1671.21,5.58933110367893,174,413,2.1972245773362196,7.421901383843992,1,0
16771.0,14,9,3805.3,9.682697201017811,298,670,2.302585092994046,8.244412867660925,1,0
16772.0,362,3,3698.05,54.38308823529412,54,661,1.3862943611198906,8.2158313089079,0,1
16773.0,375,2,249.65,6.401282051282052,34,672,1.0986122886681098,5.524057543709512,1,0
16774.0,7,8,1567.48,11.965496183206106,89,600,2.1972245773362196,7.357862276513416,0,1
16775.0,11,14,2487.41,11.154304932735425,121,381,2.70805020110221,7.81939923127931,1,0
16776.0,355,1,220.97,4.017636363636363,48,355,0.6931471805599453,5.402542237605569,1,0
16777.0,19,5,1292.18,9.099859154929577,125,572,1.791759469228055,7.164859580219777,0,1
16778.0,13,2,245.94,15.37125,16,213,1.0986122886681098,5.509145392139597,0,1
16779.0,10,47,29465.59,30.661383975026016,282,675,3.871201010907891,10.291012358144286,1,0
16780.0,39,3,596.4,6.2124999999999995,73,346,1.3862943611198906,6.392586905782009,0,1
16781.0,311,2,623.0,15.974358974358974,36,608,1.0986122886681098,6.436150368369428,0,1
16782.0,17,35,9160.52,5.515063214930765,571,670,3.58351893845611,9.122767382766474,1,0
16783.0,376,1,391.95,15.677999999999999,25,376,0.6931471805599453,5.973682377312184,0,1
16784.0,316,4,784.73,5.062774193548387,137,560,1.6094379124341003,6.666613221965251,1,0
16785.0,349,1,533.78,15.250857142857143,35,349,0.6931471805599453,6.281855447370681,0,1
16786.0,333,1,51.84,51.84,1,333,0.6931471805599453,3.9672684796541247,0,1
16787.0,337,4,1017.53,9.085089285714286,102,638,1.6094379124341003,6.926115690314069,0,1
16788.0,62,5,1928.93,4.035418410041841,348,610,1.791759469228055,7.565239011811128,0,1
16791.0,61,13,3043.72,5.933177387914229,317,675,2.6390573296152584,8.02116422189298,1,0
16792.0,221,5,623.46,6.1123529411764705,90,643,1.791759469228055,6.436887276273271,0,1
16794.0,28,10,1552.77,3.8530272952853597,218,563,2.3978952727983707,7.348439514825745,1,0
16795.0,304,3,2062.41,6.138125,306,622,1.3862943611198906,7.6321152330246,0,1
16796.0,28,1,305.62,16.97888888888889,18,28,0.6931471805599453,5.725609195882308,0,1
16797.0,332,5,1802.02,4.527688442211055,289,676,1.791759469228055,7.4972183157652,0,1
16798.0,493,3,841.16,4.977278106508876,141,668,1.3862943611198906,6.735970019943069,0,1
16799.0,371,2,452.78000000000003,4.921521739130435,81,393,1.0986122886681098,6.117612499095993,0,1
16801.0,102,4,1594.23,21.2564,72,212,1.6094379124341003,7.374773205449993,0,1
16802.0,618,2,582.61,10.992641509433962,48,669,1.0986122886681098,6.369232951525817,0,1
16803.0,4,1,332.3,13.845833333333333,24,4,0.6931471805599453,5.8090429853136945,0,1
16804.0,209,1,118.05,6.213157894736842,19,209,0.6931471805599453,4.779543572932872,1,0
16805.0,113,5,1091.34,4.38289156626506,213,670,1.791759469228055,6.996077463155199,0,1
16806.0,42,4,762.16,8.195268817204301,68,178,1.6094379124341003,6.63746770785911,0,1
16807.0,82,6,2123.88,14.956901408450705,107,562,1.9459101490553132,7.661470609175758,0,1
16808.0,38,2,288.42,12.540000000000001,21,213,1.0986122886681098,5.667878920309847,0,1
16809.0,1,8,1433.11,6.45545045045045,103,544,2.1972245773362196,7.26829972672529,1,0
16810.0,131,2,842.04,24.765882352941176,34,359,1.0986122886681098,6.737014406460975,0,1
16812.0,300,4,2392.0,20.8,98,321,1.6094379124341003,7.780303087908373,0,1
16813.0,17,8,1259.09,3.5072144846796656,206,143,2.1972245773362196,7.138938425966053,1,0
16814.0,3,33,11312.460000000001,15.204919354838712,244,547,3.5263605246161616,9.33374844628607,1,0
16815.0,393,2,406.02,5.561917808219178,66,476,1.0986122886681098,6.008862324284403,0,1
16816.0,42,4,417.06,14.895,28,297,1.6094379124341003,6.035624962893636,0,1
16817.0,125,11,2135.38,18.568521739130436,90,371,2.4849066497880004,7.666868086879013,1,0
16818.0,10,10,3221.81,17.800055248618783,167,145,2.3978952727983707,8.078008928790123,1,0
16819.0,404,2,182.59,10.740588235294117,17,404,1.0986122886681098,5.212705010472114,0,1
16820.0,35,1,497.61,19.138846153846153,26,35,0.6931471805599453,6.211824227045576,0,1
16821.0,321,1,113.35,16.192857142857143,7,321,0.6931471805599453,4.73926392046879,0,1
16822.0,625,1,181.39,16.49,11,625,0.6931471805599453,5.206147251575906,0,1
16823.0,166,7,2243.09,12.965838150289018,149,677,2.0794415416798357,7.716055372790196,0,1
16824.0,103,2,448.5,17.25,24,333,1.0986122886681098,6.108135853911675,1,0
16825.0,125,4,1370.41,29.157659574468088,35,473,1.6094379124341003,7.223594686642259,1,0
16827.0,332,5,392.13,32.6775,10,528,1.791759469228055,5.974140345974778,0,1
16828.0,32,2,128.5,16.0625,8,51,1.0986122886681098,4.863680881139593,0,1
16829.0,96,2,513.32,19.011851851851855,25,327,1.0986122886681098,6.2428456398334315,0,1
16830.0,382,3,881.59,16.95365384615385,47,666,1.3862943611198906,6.782860766610372,1,0
16831.0,504,1,91.8,15.299999999999999,6,504,0.6931471805599453,4.530446639792155,0,1
16832.0,123,5,417.61,19.886190476190478,19,398,1.791759469228055,6.036939698880882,0,1
16833.0,199,5,1973.8,25.633766233766234,74,562,1.791759469228055,7.588222406384708,1,0
16834.0,167,2,898.96,18.728333333333335,43,613,1.0986122886681098,6.8023503178921825,0,1
16835.0,67,6,1456.66,17.764146341463416,58,509,1.9459101490553132,7.284587689215029,0,1
16836.0,56,3,621.82,18.843030303030304,33,513,1.3862943611198906,6.434257552482125,1,0
16837.0,97,9,1911.74,21.241555555555557,77,185,2.302585092994046,7.556292048023534,1,0
16838.0,136,4,1159.6100000000001,19.65440677966102,53,602,1.6094379124341003,7.0567010079523715,0,1
16839.0,3,36,18144.56,59.1028013029316,129,605,3.6109179126442243,9.806181181667489,1,0
16840.0,542,2,139.85,15.538888888888888,9,614,1.0986122886681098,4.947695494322382,0,1
16841.0,76,11,3697.3,18.303465346534654,175,636,2.4849066497880004,8.215628533589017,1,0
16842.0,40,3,1264.19,20.066507936507936,45,241,1.3862943611198906,7.142977587511544,0,1
16843.0,4,34,19193.78,32.92243567753002,312,669,3.5553480614894135,9.862393646051165,1,0
16844.0,502,2,614.34,19.198125,26,522,1.0986122886681098,6.4221749605721845,0,1
16845.0,557,1,253.88,12.693999999999999,20,557,0.6931471805599453,5.540792846161739,0,1
16846.0,516,2,628.09,17.446944444444444,36,579,1.0986122886681098,6.444274330725595,1,0
16847.0,557,1,421.45,16.858,25,557,0.6931471805599453,6.046071096598854,1,0
16848.0,316,3,1130.2,15.918309859154931,64,372,1.3862943611198906,7.031034295142308,1,0
16849.0,126,1,124.57,15.57125,8,126,0.6931471805599453,4.8328633720008725,0,1
16850.0,273,1,332.41,17.495263157894737,19,273,0.6931471805599453,5.809372963868082,0,1
16852.0,115,1,113.06,16.15142857142857,7,115,0.6931471805599453,4.736724625728393,1,0
16854.0,356,2,1408.96,18.786133333333336,72,579,1.0986122886681098,7.251316614175486,0,1
16856.0,357,2,323.09000000000003,19.00529411764706,15,381,1.0986122886681098,5.781021254997003,1,0
16857.0,382,1,352.8,32.07272727272727,11,382,0.6931471805599453,5.8687317817256845,0,1
16858.0,308,10,4292.59,34.068174603174604,75,664,2.3978952727983707,8.364878491812021,0,1
16859.0,84,7,1932.41,17.567363636363638,87,585,2.0794415416798357,7.567040562252569,0,1
16860.0,392,3,1610.62,37.45627906976744,35,601,1.3862943611198906,7.38499516326749,0,1
16861.0,97,4,843.63,18.747333333333334,38,448,1.6094379124341003,6.738898661641705,1,0
16862.0,486,4,662.33,18.923714285714286,34,640,1.6094379124341003,6.497272603912174,0,1
16863.0,306,2,495.72,16.524,27,349,1.0986122886681098,6.208026487056637,1,0
16864.0,373,2,409.25,24.073529411764707,17,538,1.0986122886681098,6.0167667299702,0,1
16865.0,341,1,130.95,8.184375,15,341,0.6931471805599453,4.882423062949333,0,1
16866.0,80,3,207.74,18.885454545454547,10,101,1.3862943611198906,5.341089458391906,0,1
16867.0,629,1,76.74000000000001,12.790000000000001,6,629,0.6931471805599453,4.353369925424078,0,1
16868.0,333,3,384.56,7.6912,47,533,1.3862943611198906,5.954696822915768,0,1
16869.0,105,2,387.68,6.80140350877193,56,114,1.0986122886681098,5.9627563829712384,1,0
16870.0,408,1,450.16,16.077142857142857,28,408,0.6931471805599453,6.111822043771716,0,1
16871.0,28,5,2367.26,19.72716666666667,118,210,1.791759469228055,7.769910787273911,1,0
16872.0,16,6,1213.13,67.39611111111111,12,402,1.9459101490553132,7.101783049906128,0,1
16873.0,1,11,12762.56,29.406820276497694,217,607,2.4849066497880004,9.454349514851597,1,0
16874.0,318,1,209.89000000000001,6.770645161290323,31,318,0.6931471805599453,5.351336670523673,0,1
16875.0,6,11,4234.53,18.410999999999998,161,643,2.4849066497880004,8.351263746835542,0,1
16876.0,343,1,136.01,4.2503125,32,343,0.6931471805599453,4.920053915865017,0,1
16877.0,91,2,188.98,3.7796,46,147,1.0986122886681098,5.246918803462036,1,0
16878.0,23,1,13.3,4.433333333333334,3,23,0.6931471805599453,2.6602595372658615,0,1
16880.0,39,7,1414.9,9.625170068027211,101,432,2.0794415416798357,7.255520650290925,1,0
16881.0,6,1,432.0,432.0,1,6,0.6931471805599453,6.07073772800249,0,1
16882.0,6,3,705.12,18.080000000000002,39,256,1.3862943611198906,6.559785194721083,0,1
16883.0,126,19,2246.06,8.412209737827714,159,675,2.995732273553991,7.717377974098523,0,1
16884.0,496,2,641.13,13.356875,39,510,1.0986122886681098,6.464790775403018,1,0
16885.0,296,2,412.14,6.060882352941176,66,324,1.0986122886681098,6.023786518570106,1,0
16886.0,395,1,134.0,16.75,8,395,0.6931471805599453,4.90527477843843,0,1
16887.0,340,2,465.84000000000003,7.166769230769232,65,677,1.0986122886681098,6.145986586544153,1,0
16888.0,340,3,434.2,8.35,44,640,1.3862943611198906,6.0758056955417326,0,1
16889.0,134,6,2526.65,11.643548387096775,163,505,1.9459101490553132,7.835045296314661,0,1
16890.0,416,3,285.41,15.021578947368422,17,521,1.3862943611198906,5.657424350678052,0,1
16891.0,35,9,1501.3,4.265056818181818,286,675,2.302585092994046,7.3147525460683775,1,0
16892.0,123,3,339.54,5.659000000000001,57,670,1.3862943611198906,5.830532592992498,1,0
16893.0,306,2,249.89000000000001,2.8722988505747127,80,315,1.0986122886681098,5.525014596061544,0,1
16894.0,441,3,1306.96,6.989090909090909,186,474,1.3862943611198906,7.17622395050978,0,1
16895.0,4,5,1102.9,6.766257668711657,135,605,1.791759469228055,7.006604643024306,0,1
16896.0,494,1,103.95,5.775,18,494,0.6931471805599453,4.653484046266642,0,1
16897.0,238,2,289.78,7.831891891891891,37,253,1.0986122886681098,5.672566967503279,0,1
16898.0,116,4,697.95,3.6163212435233163,174,516,1.6094379124341003,6.549579208917137,1,0
16899.0,29,6,1012.44,7.9096875,91,336,1.9459101490553132,6.921105763350275,1,0
16900.0,2,1,752.68,10.908405797101448,69,2,0.6931471805599453,6.624967874740412,1,0
16901.0,668,1,204.26,8.880869565217392,23,668,0.6931471805599453,5.324277468217568,0,1
16902.0,55,1,1706.88,38.79272727272728,43,55,0.6931471805599453,7.443008114269093,0,1
16903.0,319,2,678.55,5.38531746031746,107,354,1.0986122886681098,6.521430814401357,1,0
16904.0,34,19,3970.16,4.993911949685534,437,350,2.995732273553991,8.2868135224374,1,0
16905.0,176,13,2491.35,14.07542372881356,106,668,2.6390573296152584,7.820981319483447,1,0
16906.0,21,7,1410.92,6.624037558685447,180,514,2.0794415416798357,7.252705759224311,0,1
16907.0,87,8,1201.1200000000001,6.7478651685393265,94,465,2.1972245773362196,7.091841943722758,1,0
16908.0,661,1,252.59,12.6295,20,661,0.6931471805599453,5.535718789608946,0,1
16909.0,11,1,379.14,21.063333333333333,18,11,0.6931471805599453,5.940539605922692,0,1
16910.0,2,5,890.9,3.0097972972972973,205,30,1.791759469228055,6.7933540186721615,1,0
16911.0,575,2,255.25,7.292857142857143,30,600,1.0986122886681098,5.546153530452618,0,1
16912.0,7,14,4304.08,26.085333333333335,124,670,2.70805020110221,8.367550999732142,1,0
16913.0,229,3,423.91,23.550555555555558,18,591,1.3862943611198906,6.051877381793223,0,1
16915.0,66,9,1303.89,27.164375000000003,37,508,2.302585092994046,7.173874025016352,1,0
16916.0,311,3,536.04,4.54271186440678,100,354,1.3862943611198906,6.286072579630496,1,0
16917.0,216,2,1851.88,37.037600000000005,45,571,1.0986122886681098,7.524496464339457,0,1
16918.0,2,15,3168.7400000000002,7.010486725663718,280,676,2.772588722239781,8.061404844580146,1,0
16919.0,95,24,4909.66,7.996188925081433,230,416,3.2188758248682006,8.499163631307002,0,1
16920.0,350,1,355.45,15.454347826086956,23,350,0.6931471805599453,5.876193977563638,0,1
16921.0,0,3,409.21,4.650113636363636,78,539,1.3862943611198906,6.016669223693157,0,1
16922.0,512,1,611.08,5.008852459016394,122,512,0.6931471805599453,6.416862992923597,0,1
16923.0,8,28,11501.6,12.865324384787472,361,617,3.367295829986474,9.350328375754058,1,0
16924.0,4,2,523.65,10.909374999999999,44,23,1.0986122886681098,6.26273137360392,1,0
16925.0,479,1,125.65,6.980555555555556,18,479,0.6931471805599453,4.841427376447684,0,1
16926.0,310,5,1169.6100000000001,12.183437500000002,63,465,1.791759469228055,7.065280259448345,0,1
16927.0,55,3,543.05,90.50833333333333,5,301,1.3862943611198906,6.299041154397021,0,1
16928.0,19,29,3897.5299999999997,12.21796238244514,135,614,3.4011973816621555,8.268354837987456,0,1
16929.0,11,3,539.72,16.355151515151515,27,95,1.3862943611198906,6.292901584792099,1,0
16930.0,7,2,205.45000000000002,6.848333333333334,28,7,1.0986122886681098,5.330058252332099,1,0
16931.0,0,19,3827.92,5.287182320441989,389,336,2.995732273553991,8.25033805807543,1,0
16932.0,362,2,262.32,3.0861176470588236,77,510,1.0986122886681098,5.573370022599676,1,0
16933.0,178,8,2760.8,10.70077519379845,193,669,2.1972245773362196,7.923637920051251,1,0
16934.0,323,4,1152.1100000000001,14.401375000000002,77,561,1.6094379124341003,7.050217919014204,1,0
16935.0,321,3,530.86,7.693623188405797,55,360,1.3862943611198906,6.276380296814793,0,1
16936.0,325,1,286.39,3.450481927710843,81,325,0.6931471805599453,5.66084017832837,1,0
16937.0,438,1,196.25,4.005102040816326,49,438,0.6931471805599453,5.284471959725984,0,1
16938.0,119,8,6669.7300000000005,8.30601494396015,541,599,2.1972245773362196,8.805484578198334,1,0
16939.0,428,3,433.84999999999997,10.58170731707317,38,588,1.3862943611198906,6.075001144035774,0,1
16940.0,108,7,5246.14,10.286549019607843,309,670,2.0794415416798357,8.565438445244231,1,0
16941.0,551,1,33.0,16.5,2,551,0.6931471805599453,3.5263605246161616,0,1
16942.0,75,7,1439.44,7.41979381443299,115,167,2.0794415416798357,7.27270390145301,1,0
16943.0,151,5,1299.49,37.12828571428572,24,563,1.791759469228055,7.170496395508893,0,1
16944.0,549,1,101.36,14.48,7,549,0.6931471805599453,4.628496011291588,0,1
16945.0,24,28,7495.2,18.017307692307693,213,670,3.367295829986474,8.922151504458807,1,0
16946.0,322,5,1222.04,16.293866666666666,69,587,1.791759469228055,7.109094841611854,0,1
16947.0,175,5,955.21,18.022830188679247,50,586,1.791759469228055,6.8629775542004845,0,1
16948.0,78,7,868.77,20.203953488372093,20,595,2.0794415416798357,6.768228808881206,0,1
16949.0,125,4,893.75,27.9296875,32,256,1.6094379124341003,6.796544349646135,1,0
16950.0,63,9,3141.62,24.353643410852712,101,624,2.302585092994046,8.052812125892848,1,0
16951.0,74,3,1277.75,14.857558139534884,73,243,1.3862943611198906,7.153638317265837,0,1
16952.0,48,5,795.83,9.147471264367816,76,667,1.791759469228055,6.680641356164032,0,1
16954.0,64,15,5242.18,27.303020833333335,81,629,2.772588722239781,8.564683463472825,1,0
16955.0,124,6,1120.31,22.4062,33,617,1.9459101490553132,7.022252923646991,0,1
16957.0,178,2,416.64,26.04,15,221,1.0986122886681098,6.03461981742191,0,1
16958.0,374,1,778.49,11.121285714285714,69,374,0.6931471805599453,6.658639859679173,0,1
16959.0,26,1,117.35000000000001,16.764285714285716,7,26,0.6931471805599453,4.773646335959993,0,1
16960.0,0,7,1841.92,4.313629976580796,321,586,2.0794415416798357,7.5191065492399,1,0
16961.0,55,3,794.56,15.28,52,471,1.3862943611198906,6.679046269195045,0,1
16962.0,349,1,251.04,16.736,15,349,0.6931471805599453,5.529587805073855,0,1
16963.0,126,1,110.55000000000001,15.792857142857144,7,126,0.6931471805599453,4.714472920878541,0,1
16964.0,672,2,207.85,34.641666666666666,6,672,1.0986122886681098,5.341616290943184,0,1
16965.0,166,1,201.19,7.738076923076923,26,166,0.6931471805599453,5.309207849379209,0,1
16966.0,109,4,1486.56,67.57090909090908,8,179,1.6094379124341003,7.304892472740758,1,0
16967.0,128,1,319.02,15.19142857142857,21,128,0.6931471805599453,5.768383493840728,0,1
16968.0,47,1,253.31,16.887333333333334,15,47,0.6931471805599453,5.5385539952884235,1,0
16969.0,73,2,478.96,14.9675,32,131,1.0986122886681098,6.173702767096188,1,0
16970.0,565,1,71.4,35.7,2,565,0.6931471805599453,4.282206299391671,0,1
16972.0,322,2,749.0,9.134146341463415,54,396,1.0986122886681098,6.620073206530356,0,1
16973.0,325,1,127.0,21.166666666666668,6,325,0.6931471805599453,4.852030263919617,0,1
16974.0,462,2,365.5,45.6875,5,504,1.0986122886681098,5.903998521326706,0,1
16975.0,362,3,926.12,20.580444444444446,44,445,1.3862943611198906,6.832083007026135,0,1
16976.0,206,1,251.51999999999998,125.75999999999999,2,206,0.6931471805599453,5.5314904534994245,0,1
16977.0,334,4,496.0,17.714285714285715,25,571,1.6094379124341003,6.208590026096629,0,1
16978.0,17,3,768.88,11.475820895522387,65,605,1.3862943611198906,6.646234658546923,0,1
16979.0,87,5,1563.39,26.49813559322034,44,389,1.791759469228055,7.355251250633877,1,0
16980.0,194,3,1422.83,13.422924528301886,91,367,1.3862943611198906,7.2611057028228485,0,1
16982.0,0,1,384.06,17.457272727272727,22,0,0.6931471805599453,5.95339916630119,0,1
16983.0,36,9,2770.01,14.427135416666667,133,386,2.302585092994046,7.926967153661952,1,0
16984.0,27,9,10350.53,9.655345149253732,669,581,2.302585092994046,9.244889613855273,0,1
16985.0,27,21,9539.48,45.862884615384615,120,668,3.091042453358316,9.16329907764201,1,0
16986.0,384,9,3015.55,17.634795321637426,64,612,2.302585092994046,8.011869073244853,1,0
16987.0,109,7,1534.05,8.766,124,676,2.0794415416798357,7.336318232780702,1,0
16988.0,319,1,256.55,19.734615384615385,13,319,0.6931471805599453,5.5512138760115946,1,0
16989.0,2,4,1027.65,102.76500000000001,7,90,1.6094379124341003,6.93600254192024,1,0
16990.0,158,2,344.0,172.0,1,362,1.0986122886681098,5.84354441703136,0,1
16991.0,360,1,1041.21,14.070405405405406,74,360,0.6931471805599453,6.949098737516397,0,1
16992.0,38,11,4834.54,19.18468253968254,196,606,2.4849066497880004,8.483748087276666,1,0
16993.0,403,2,1950.95,69.67678571428571,19,515,1.0986122886681098,7.576584151890876,0,1
16996.0,60,8,1708.43,26.69421875,30,357,2.1972245773362196,7.4439152605954675,1,0
16997.0,227,3,702.0,58.5,7,265,1.3862943611198906,6.555356891810665,0,1
16998.0,89,5,402.0,67.0,2,383,1.791759469228055,5.998936561946683,0,1
16999.0,13,1,245.82999999999998,14.460588235294116,17,13,0.6931471805599453,5.508699840559633,1,0
17000.0,335,2,406.3,13.543333333333333,26,347,1.0986122886681098,6.009550014654367,0,1
17001.0,31,16,5444.72,23.880350877192985,95,564,2.833213344056216,8.602585258030217,1,0
17002.0,25,7,2571.55,30.613690476190477,64,580,2.0794415416798357,7.852652903865288,0,1
17003.0,341,4,828.21,7.461351351351352,90,518,1.6094379124341003,6.720473440305597,0,1
17004.0,32,3,1917.82,37.604313725490194,39,363,1.3862943611198906,7.559465692754743,1,0
17005.0,410,2,622.36,34.57555555555555,14,528,1.0986122886681098,6.435124201014116,0,1
17006.0,15,5,1134.25,11.573979591836734,81,583,1.791759469228055,7.0346081699780605,1,0
17007.0,94,6,805.61,16.783541666666668,47,376,1.9459101490553132,6.692840280081237,1,0
17008.0,368,1,81.36,81.36,1,368,0.6931471805599453,4.411099882159589,0,1
17009.0,490,1,242.06,22.005454545454544,10,490,0.6931471805599453,5.493308326442654,0,1
17011.0,586,2,400.8,30.83076923076923,12,591,1.0986122886681098,5.995954452380834,1,0
17012.0,664,1,360.61,10.016944444444444,34,664,0.6931471805599453,5.890566283002889,0,1
17014.0,6,1,188.05,14.465384615384616,13,6,0.6931471805599453,5.242011530336942,1,0
17015.0,10,2,1566.03,8.15640625,160,124,1.0986122886681098,7.356937387035555,1,0
17016.0,516,1,552.4,13.473170731707317,41,516,0.6931471805599453,6.316081067352825,0,1
17017.0,12,24,10129.05,30.881249999999998,116,675,3.2188758248682006,9.223261533064704,1,0
17018.0,265,5,1772.6,65.65185185185184,18,674,1.791759469228055,7.480766658302102,1,0
17019.0,201,10,3340.14,5.829214659685864,308,677,2.3978952727983707,8.114067345100494,1,0
17020.0,481,2,935.62,13.559710144927536,64,586,1.0986122886681098,6.842277650354465,0,1
17021.0,381,6,1182.22,24.629583333333333,35,528,1.9459101490553132,7.07599481456678,0,1
17022.0,372,1,189.0,21.0,9,372,0.6931471805599453,5.247024072160486,1,0
17023.0,356,3,800.1800000000001,16.330204081632655,48,636,1.3862943611198906,6.6860856409239275,0,1
17024.0,38,2,56.25,28.125,1,97,1.0986122886681098,4.047427642434349,1,0
17025.0,0,5,1349.67,36.47756756756757,31,580,1.791759469228055,7.208356044614497,0,1
17026.0,124,3,175.83,35.166000000000004,4,356,1.3862943611198906,5.175188819066886,0,1
17027.0,18,9,1310.63,7.3630898876404505,126,669,2.302585092994046,7.179025917535996,0,1
17028.0,520,3,1593.83,16.777157894736842,85,660,1.3862943611198906,7.3745224264664655,0,1
17029.0,50,7,2137.3,73.7,19,603,2.0794415416798357,7.66776639979559,0,1
17030.0,3,1,146.87,13.351818181818182,11,3,0.6931471805599453,4.996333509385396,0,1
17031.0,94,5,2619.45,63.8890243902439,28,520,1.791759469228055,7.871101337732007,1,0
17032.0,487,8,2984.32,12.592067510548524,183,668,2.1972245773362196,8.001462222760972,0,1
17033.0,25,4,1332.79,33.31975,33,336,1.6094379124341003,7.195779792794182,0,1
17034.0,19,4,895.78,20.358636363636364,39,452,1.6094379124341003,6.798810569992765,1,0
17035.0,185,4,613.59,18.593636363636364,29,676,1.6094379124341003,6.420955378818814,0,1
17036.0,322,1,176.9,14.741666666666667,12,322,0.6931471805599453,5.18122159467179,0,1
17037.0,27,1,1267.32,16.8976,75,27,0.6931471805599453,7.145448469088846,0,1
17038.0,354,1,630.77,15.384634146341464,41,354,0.6931471805599453,6.448525403859796,1,0
17039.0,543,1,1954.99,44.43159090909091,44,543,0.6931471805599453,7.578651738107256,0,1
17040.0,77,2,463.25,28.953125,15,489,1.0986122886681098,6.140423200232815,0,1
17041.0,48,5,1334.6,12.957281553398058,80,539,1.791759469228055,7.197135908069499,1,0
17042.0,60,4,915.02,10.397954545454546,69,186,1.6094379124341003,6.820038198496906,1,0
17043.0,117,6,1183.44,9.543870967741936,111,669,1.9459101490553132,7.07702536803136,1,0
17044.0,314,11,11013.82,77.01972027972027,91,672,2.4849066497880004,9.30699691775022,1,0
17045.0,52,5,827.6800000000001,15.616603773584908,44,368,1.791759469228055,6.7198340733776885,0,1
17046.0,96,5,1906.07,22.42435294117647,76,559,1.791759469228055,7.5533233117961665,0,1
17047.0,24,6,2289.23,16.121338028169014,114,671,1.9459101490553132,7.736407528186082,0,1
17048.0,57,7,2071.68,20.51168316831683,88,629,2.0794415416798357,7.636597734866534,0,1
17049.0,23,16,7529.34,18.230847457627117,253,585,2.833213344056216,8.926695472497029,1,0
17050.0,35,11,4648.59,13.31974212034384,193,621,2.4849066497880004,8.444534322651009,0,1
17051.0,133,4,706.49,4.558,107,567,1.6094379124341003,6.561723495141885,0,1
17053.0,70,1,498.48,38.34461538461539,13,70,0.6931471805599453,6.213567557246944,0,1
17054.0,77,4,1207.32,16.5386301369863,58,184,1.6094379124341003,7.096986244077026,1,0
17055.0,385,1,232.85000000000002,8.955769230769231,24,385,0.6931471805599453,5.454679884171895,0,1
17056.0,677,1,128.60000000000002,16.075000000000003,8,677,0.6931471805599453,4.864452783918175,0,1
17057.0,535,1,294.74,5.8948,48,535,0.6931471805599453,5.689480689945341,0,1
17058.0,21,3,1179.89,19.030483870967743,51,179,1.3862943611198906,7.074023670453844,0,1
17059.0,49,8,4021.28,6.993530434782609,292,621,2.1972245773362196,8.299604185015356,1,0
17060.0,205,1,234.24,46.848,5,205,0.6931471805599453,5.460606269591755,0,1
17061.0,13,11,5232.2300000000005,52.850808080808086,57,171,2.4849066497880004,8.56278395725042,0,1
17062.0,253,6,889.75,7.353305785123967,82,379,1.9459101490553132,6.792063804485945,0,1
17063.0,102,10,2849.26,17.268242424242427,120,678,2.3978952727983707,7.955165497171844,1,0
17064.0,122,2,457.40000000000003,10.89047619047619,36,266,1.0986122886681098,6.12774216540053,1,0
17065.0,577,2,194.7,16.224999999999998,6,577,1.0986122886681098,5.27658287440203,0,1
17066.0,665,1,228.34,12.685555555555556,17,665,0.6931471805599453,5.4352056186101585,0,1
17067.0,664,3,454.54,34.964615384615385,8,671,1.3862943611198906,6.121483528431717,0,1
17068.0,3,44,8370.58,8.801871713985278,238,560,3.8066624897703196,9.032597915083393,1,0
17069.0,17,12,4866.4400000000005,19.86302040816327,180,676,2.5649493574615367,8.490323410513987,1,0
17070.0,53,2,437.42,4.2467961165048544,102,349,1.0986122886681098,6.083177355031181,0,1
17071.0,27,11,3058.9,17.281920903954802,117,623,2.4849066497880004,8.02613751467387,1,0
17072.0,564,1,273.35,13.016666666666667,20,564,0.6931471805599453,5.614404663504985,0,1
17073.0,21,2,841.1899999999999,7.647181818181818,98,48,1.0986122886681098,6.736005641993122,1,0
17074.0,502,1,203.05,50.7625,4,502,0.6931471805599453,5.318365061851814,0,1
17075.0,192,9,2098.58,11.40532608695652,140,665,2.302585092994046,7.649492603708847,1,0
17076.0,213,5,735.87,18.86846153846154,27,675,1.791759469228055,6.602411485857249,1,0
17077.0,517,1,306.0,306.0,1,517,0.6931471805599453,5.726847747587197,0,1
17079.0,17,1,118.80000000000001,59.400000000000006,2,17,0.6931471805599453,4.785823685681349,0,1
17080.0,209,6,746.23,28.701153846153847,19,465,1.9459101490553132,6.6163730360015816,1,0
17081.0,335,4,660.48,4.586666666666667,121,594,1.6094379124341003,6.494479748781996,1,0
17082.0,257,5,3365.12,29.779823008849558,74,664,1.791759469228055,8.121516024739169,1,0
17083.0,48,9,4049.79,35.2155652173913,30,608,2.302585092994046,8.306667202806915,0,1
17084.0,335,1,2253.22,17.06984848484848,132,335,0.6931471805599453,7.720559294095831,1,0
17085.0,62,28,7847.67,7.951033434650456,411,673,3.367295829986474,8.968099369670528,0,1
17086.0,3,1,412.47,19.641428571428573,21,3,0.6931471805599453,6.0245849604411985,1,0
17087.0,677,1,221.53,18.460833333333333,12,677,0.6931471805599453,5.405061923978025,0,1
17088.0,12,3,1751.73,17.694242424242425,88,193,1.3862943611198906,7.468929851381553,1,0
17089.0,325,1,128.45,32.1125,4,325,0.6931471805599453,4.8632947061975464,0,1
17090.0,27,11,2553.7400000000002,30.76795180722892,54,447,2.4849066497880004,7.845705736207331,1,0
17091.0,37,17,6359.99,15.550097799511002,233,662,2.8903717578961645,8.757939304597707,1,0
17092.0,27,10,4723.3,13.730523255813955,242,614,2.3978952727983707,8.460474680804674,1,0
17093.0,532,1,235.88,18.144615384615385,13,532,0.6931471805599453,5.467553683793335,0,1
17094.0,261,2,402.20000000000005,22.34444444444445,18,363,1.0986122886681098,5.999432716757159,0,1
17095.0,238,6,1792.05,18.474742268041236,83,664,1.9459101490553132,7.491673359440525,1,0
17096.0,82,9,3119.7400000000002,17.33188888888889,142,494,2.302585092994046,8.0458254321681,1,0
17097.0,39,7,828.47,4.5271584699453555,136,369,2.0794415416798357,6.7207869426112,1,0
17098.0,321,3,591.07,32.83722222222222,10,480,1.3862943611198906,6.383624871137068,0,1
17099.0,472,1,582.17,14.55425,40,472,0.6931471805599453,6.368478739042131,0,1
17101.0,117,4,1115.9,23.24791666666667,44,489,1.6094379124341003,7.018312269546781,1,0
17102.0,201,1,25.5,25.5,1,201,0.6931471805599453,3.2771447329921766,0,1
17103.0,661,1,424.3,13.259375,32,661,0.6931471805599453,6.052794802259588,0,1
17104.0,363,1,474.03000000000003,24.948947368421056,19,363,0.6931471805599453,6.163377959935002,0,1
17105.0,98,2,665.78,7.397555555555555,80,245,1.0986122886681098,6.50246015642561,0,1
17106.0,328,1,481.58000000000004,9.442745098039216,51,328,0.6931471805599453,6.179146710144033,0,1
17107.0,14,8,13754.06,23.272521150592215,346,616,2.1972245773362196,9.529162035399326,1,0
17108.0,603,1,174.95,19.438888888888886,9,603,0.6931471805599453,5.170199863767594,0,1
17109.0,171,4,875.01,11.51328947368421,70,437,1.6094379124341003,6.775377506396349,1,0
17110.0,104,3,499.9,10.20204081632653,38,549,1.3862943611198906,6.216406480363571,0,1
17111.0,364,1,227.97,11.99842105263158,19,364,0.6931471805599453,5.433590990605606,1,0
17112.0,442,1,197.57,4.203617021276596,44,442,0.6931471805599453,5.2911416827989415,0,1
17113.0,513,6,2305.59,14.592341772151899,122,637,1.9459101490553132,7.743525522397025,0,1
17114.0,78,6,601.9399999999999,6.840227272727272,66,274,1.9459101490553132,6.401817689288922,1,0
17115.0,122,6,2536.81,22.449646017699113,98,674,1.9459101490553132,7.839056783375888,1,0
17116.0,587,1,389.78,8.293191489361702,47,587,0.6931471805599453,5.968144741786365,0,1
17117.0,227,1,116.2,12.911111111111111,9,227,0.6931471805599453,4.763881877142913,0,1
17118.0,257,1,157.02,15.702000000000002,10,257,0.6931471805599453,5.062721607294587,0,1
17120.0,172,1,307.46,17.08111111111111,18,172,0.6931471805599453,5.731592175295468,0,1
17121.0,342,1,314.74,26.228333333333335,12,342,0.6931471805599453,5.754919090103581,0,1
17122.0,58,4,570.5,19.016666666666666,23,439,1.6094379124341003,6.348264483234865,0,1
17123.0,101,3,977.1700000000001,22.724883720930233,37,512,1.3862943611198906,6.885683479060033,0,1
17124.0,124,1,294.24,9.491612903225807,31,124,0.6931471805599453,5.687788584901852,0,1
17126.0,91,9,2016.43,4.531303370786517,295,404,2.302585092994046,7.609579703135726,0,1
17127.0,368,5,1155.0300000000002,31.217027027027033,27,674,1.791759469228055,7.052747000452681,0,1
17128.0,274,1,157.09,11.220714285714285,14,274,0.6931471805599453,5.063164491108096,0,1
17129.0,459,1,31.85,15.925,2,459,0.6931471805599453,3.4919517449306197,0,1
17131.0,15,1,789.77,19.74425,37,15,0.6931471805599453,6.673007154309792,1,0
17132.0,391,2,1220.91,17.19591549295775,62,427,1.0986122886681098,7.108170487264764,0,1
17133.0,26,9,13867.78,271.9172549019608,22,568,2.302585092994046,9.537395549815113,1,0
17134.0,46,3,625.3,17.369444444444444,31,381,1.3862943611198906,6.439829489531367,0,1
17135.0,229,5,1083.0,9.669642857142858,85,518,1.791759469228055,6.988413181999592,1,0
17136.0,601,1,231.68,16.548571428571428,14,601,0.6931471805599453,5.449664119042561,0,1
17137.0,355,6,1099.81,6.585688622754491,125,617,1.9459101490553132,7.003801551440143,0,1
17138.0,215,7,4417.27,17.2549609375,234,612,2.0794415416798357,8.393503495738775,0,1
17139.0,3,23,18458.64,24.319683794466403,432,637,3.1780538303479458,9.823342006241548,1,0
17140.0,186,1,454.12,25.22888888888889,16,186,0.6931471805599453,6.1205611204423915,0,1
17141.0,357,4,727.58,4.491234567901235,138,623,1.6094379124341003,6.591097434293783,0,1
17142.0,178,4,1275.25,14.32865168539326,78,623,1.6094379124341003,7.151681369478875,0,1
17143.0,356,2,880.97,7.865803571428572,82,454,1.0986122886681098,6.782158041822873,0,1
17144.0,24,1,595.89,25.90826086956522,23,24,0.6931471805599453,6.391732841809271,1,0
17145.0,452,4,3120.91,17.33838888888889,168,598,1.6094379124341003,8.046200272985285,0,1
17146.0,45,13,5852.64,19.443986710963458,164,615,2.6390573296152584,8.67481896894814,0,1
17147.0,20,8,2834.66,23.622166666666665,88,637,2.1972245773362196,7.950029993299957,1,0
17149.0,390,1,143.10000000000002,23.850000000000005,6,390,0.6931471805599453,4.970507503005477,0,1
17150.0,316,6,1357.95,14.760326086956523,64,673,1.9459101490553132,7.214467621715665,0,1
17151.0,674,1,231.90000000000003,57.97500000000001,4,674,0.6931471805599453,5.450609176890295,0,1
17152.0,134,4,2016.5,126.03125,9,365,1.6094379124341003,7.609614400144104,0,1
17154.0,14,1,329.34,14.319130434782608,23,14,0.6931471805599453,5.800122427092944,0,1
17155.0,117,6,784.06,12.646129032258063,33,676,1.9459101490553132,6.665760147982565,1,0
17156.0,431,1,591.87,15.176153846153847,39,431,0.6931471805599453,6.384975150681265,0,1
17157.0,115,18,4994.36,36.72323529411764,75,674,2.9444389791664403,8.51626476055766,1,0
17158.0,172,4,1411.58,16.606823529411763,61,581,1.6094379124341003,7.253173098584914,1,0
17159.0,14,4,1487.38,17.706904761904763,71,584,1.6094379124341003,7.305443559134135,1,0
17160.0,48,16,9692.31,15.811272430668842,196,675,2.833213344056216,9.179191235823767,1,0
17161.0,383,1,856.01,16.46173076923077,52,383,0.6931471805599453,6.753449587141137,0,1
17162.0,70,9,1463.66,16.44561797752809,75,245,2.302585092994046,7.289378412604731,1,0
17163.0,17,3,529.78,18.920714285714286,27,615,1.3862943611198906,6.27434762277305,1,0
17164.0,19,4,2016.26,16.663305785123967,82,212,1.6094379124341003,7.6094954339601015,1,0
17165.0,223,6,1794.32,17.9432,77,668,1.9459101490553132,7.492938558014141,0,1
17166.0,143,1,127.59,12.759,10,143,0.6931471805599453,4.856629048282348,1,0
17167.0,319,3,867.11,10.97607594936709,64,384,1.3862943611198906,6.7663184347416205,0,1
17168.0,438,1,400.2,19.057142857142857,21,438,0.6931471805599453,5.994460056087781,0,1
17169.0,122,2,629.63,16.144358974358973,31,517,1.0986122886681098,6.446719319718662,1,0
17170.0,313,2,178.68,17.868000000000002,8,328,1.0986122886681098,5.191177490990133,0,1
17171.0,228,2,384.59000000000003,15.383600000000001,25,601,1.0986122886681098,5.95477462879015,0,1
17172.0,18,3,956.5699999999999,24.527435897435897,39,666,1.3862943611198906,6.864398825432219,0,1
17173.0,56,2,961.26,38.4504,13,70,1.0986122886681098,6.869284684419546,1,0
17174.0,157,1,59.9,14.975,4,157,0.6931471805599453,4.109233174715851,0,1
17175.0,80,3,1132.63,20.225535714285716,42,235,1.3862943611198906,7.033180152387622,1,0
17176.0,141,3,902.3199999999999,21.483809523809523,37,616,1.3862943611198906,6.8060768649491035,0,1
17177.0,444,1,119.5,4.120689655172414,29,444,0.6931471805599453,4.791649752930709,0,1
17178.0,670,1,432.96000000000004,13.966451612903226,31,670,0.6931471805599453,6.07295236395425,0,1
17179.0,117,6,1507.26,9.539620253164557,75,502,1.9459101490553132,7.318711947499455,0,1
17180.0,180,10,2005.6,5.435230352303523,179,626,2.3978952727983707,7.604197026491512,1,0
17181.0,313,2,225.45000000000002,32.20714285714286,7,535,1.0986122886681098,5.422524170002223,1,0
17182.0,362,2,321.3,53.550000000000004,4,657,1.0986122886681098,5.775482788821392,0,1
17183.0,44,1,329.67,36.63,9,44,0.6931471805599453,5.801120899211115,1,0
17184.0,508,2,198.41000000000003,14.172142857142859,14,669,1.0986122886681098,5.2953630067216,0,1
17185.0,531,3,229.46,5.215,38,537,1.3862943611198906,5.440077311585869,0,1
17187.0,166,2,467.71,20.335217391304347,21,465,1.0986122886681098,6.149984240310191,0,1
17188.0,103,11,3933.79,27.31798611111111,119,670,2.4849066497880004,8.277612792210142,1,0
17189.0,45,5,953.63,7.946916666666667,101,677,1.791759469228055,6.861323830853598,0,1
17190.0,146,6,1476.83,8.586220930232559,144,583,1.9459101490553132,7.298330074595106,1,0
17191.0,34,14,3778.17,8.547895927601811,238,677,2.70805020110221,8.23725968778356,1,0
17192.0,475,1,75.28,3.7640000000000002,20,475,0.6931471805599453,4.3344107807322185,0,1
17193.0,26,5,1358.34,56.5975,16,677,1.791759469228055,7.214754566819149,1,0
17194.0,213,3,812.5,13.319672131147541,57,469,1.3862943611198906,6.7013459266590925,0,1
17195.0,594,1,562.98,18.160645161290322,31,594,0.6931471805599453,6.335018789876395,0,1
17196.0,367,1,327.75,3.524193548387097,84,367,0.6931471805599453,5.795297583491974,0,1
17198.0,304,2,521.66,6.774805194805195,73,310,1.0986122886681098,6.258931157058855,1,0
17199.0,521,1,135.04000000000002,16.880000000000003,8,521,0.6931471805599453,4.912948960138995,0,1
17200.0,326,4,356.71,14.2684,25,591,1.6094379124341003,5.879722602262234,0,1
17201.0,463,3,853.32,6.415939849624061,119,607,1.3862943611198906,6.75030583086329,1,0
17202.0,360,1,160.65,20.08125,8,360,0.6931471805599453,5.0854335041714425,0,1
17203.0,327,4,2004.01,17.734601769911503,84,327,1.6094379124341003,7.603404327259404,1,0
17204.0,114,9,5504.6900000000005,31.09994350282486,110,487,2.302585092994046,8.613537381901759,0,1
17205.0,355,2,615.27,27.96681818181818,18,503,1.0986122886681098,6.423685179191323,1,0
17207.0,591,1,292.62,4.877,55,591,0.6931471805599453,5.6822864143113145,0,1
17208.0,335,1,111.15,4.8326086956521745,21,335,0.6931471805599453,4.719837260966218,0,1
17209.0,588,3,595.7,15.676315789473685,36,676,1.3862943611198906,6.391414474528037,0,1
17210.0,332,1,251.72,4.749433962264151,47,332,0.6931471805599453,5.53228215649383,0,1
17211.0,119,11,2921.02,10.66065693430657,176,665,2.4849066497880004,7.980030436914189,1,0
17212.0,192,3,794.41,27.393448275862067,29,426,1.3862943611198906,6.678857704985231,0,1
17213.0,80,11,3868.1800000000003,18.59701923076923,113,664,2.4849066497880004,8.260797877267844,1,0
17214.0,25,5,862.4200000000001,10.266904761904764,67,298,1.791759469228055,6.760901247087513,1,0
17215.0,403,1,186.15,16.922727272727272,11,403,0.6931471805599453,5.231910434350438,0,1
17216.0,493,1,63.6,4.892307692307693,13,493,0.6931471805599453,4.168214410788556,0,1
17217.0,173,2,210.1,7.781481481481482,27,558,1.0986122886681098,5.352331954854275,0,1
17218.0,10,15,3295.02,8.740106100795757,215,622,2.772588722239781,8.100470958972117,1,0
17219.0,356,1,144.9,5.796,24,356,0.6931471805599453,4.98292145552874,1,0
17220.0,10,18,3879.77,6.520621848739496,382,628,2.9444389791664403,8.263788866536254,1,0
17221.0,531,3,642.14,10.357096774193549,58,546,1.3862943611198906,6.4663624299314835,1,0
17222.0,4,6,1579.51,14.102767857142856,94,637,1.9459101490553132,7.3655028587473295,0,1
17223.0,249,3,558.04,8.087536231884057,62,314,1.3862943611198906,6.326221026945691,0,1
17224.0,440,1,100.86000000000001,12.607500000000002,8,440,0.6931471805599453,4.623599321456458,0,1
17225.0,521,1,131.15,26.23,5,521,0.6931471805599453,4.883937641050299,0,1
17226.0,248,3,895.47,15.177457627118644,51,604,1.3862943611198906,6.798464829016227,0,1
17227.0,0,11,1659.92,15.513271028037384,54,632,2.4849066497880004,7.415126944696611,1,0
17228.0,3,11,2402.5,8.28448275862069,184,577,2.4849066497880004,7.784681287334015,1,0
17229.0,35,2,318.76,6.782127659574468,39,82,1.0986122886681098,5.767570714403068,0,1
17230.0,203,18,9388.49,43.264930875576034,141,670,2.9444389791664403,9.147346257628257,0,1
17231.0,3,23,6226.97,5.846920187793428,461,671,3.1780538303479458,8.736805715986604,1,0
17233.0,387,2,369.98,11.211515151515153,32,664,1.0986122886681098,5.916148152798533,1,0
17234.0,122,1,149.89,10.706428571428571,14,122,0.6931471805599453,5.01655109452556,0,1
17235.0,311,7,1354.82,19.35457142857143,41,492,2.0794415416798357,7.212161716326329,1,0
17236.0,118,11,1710.8600000000001,13.57825396825397,97,581,2.4849066497880004,7.445335777656938,1,0
17237.0,315,2,679.44,11.324000000000002,58,321,1.0986122886681098,6.522739647741382,1,0
17238.0,23,27,5820.45,6.056659729448491,423,678,3.332204510175204,8.669304650588515,1,0
17239.0,252,4,1189.45,37.1703125,18,466,1.6094379124341003,7.082086665884911,0,1
17240.0,535,1,130.60000000000002,18.657142857142862,7,535,0.6931471805599453,4.879767018891217,0,1
17241.0,324,12,2736.64,16.097882352941177,116,601,2.5649493574615367,7.914851514369583,0,1
17242.0,47,5,2889.2799999999997,34.396190476190476,44,624,1.791759469228055,7.9691086622265,0,1
17243.0,18,60,16244.59,17.153738120380147,326,677,4.110873864173311,9.69557676631103,1,0
17244.0,322,4,871.14,9.78808988764045,85,673,1.6094379124341003,6.7709499614808495,1,0
17245.0,144,2,371.63,14.8652,24,628,1.0986122886681098,5.920585970224212,0,1
17246.0,486,2,38.92,6.486666666666667,6,677,1.0986122886681098,3.686877451443263,0,1
17248.0,59,2,500.54,4.812884615384616,85,421,1.0986122886681098,6.21768336493912,0,1
17249.0,368,1,68.03,2.51962962962963,27,368,0.6931471805599453,4.234541192715384,0,1
17250.0,200,1,162.65,7.071739130434783,23,200,0.6931471805599453,5.097730000947189,1,0
17251.0,302,3,798.98,10.243333333333334,65,664,1.3862943611198906,6.6845867273554225,0,1
17252.0,56,2,348.90999999999997,4.057093023255813,86,125,1.0986122886681098,5.857675978559423,0,1
17254.0,340,1,198.29,5.508055555555555,36,340,0.6931471805599453,5.29476105034526,1,0
17255.0,238,3,598.48,4.127448275862069,131,385,1.3862943611198906,6.396062612776795,1,0
17256.0,46,5,498.93,16.094516129032257,20,539,1.791759469228055,6.214468088621277,0,1
17257.0,375,2,189.78,13.555714285714286,14,376,1.0986122886681098,5.251120931717062,0,1
17258.0,336,2,417.3,7.587272727272728,46,604,1.0986122886681098,6.036198878448153,0,1
17259.0,87,6,1452.39,6.314739130434783,179,594,1.9459101490553132,7.281654037740536,0,1
17260.0,350,1,120.95,20.158333333333335,6,350,0.6931471805599453,4.80361112466193,0,1
17261.0,449,1,221.59,5.153255813953488,43,449,0.6931471805599453,5.405331514202519,0,1
17262.0,166,10,2190.76,128.86823529411765,10,664,2.3978952727983707,7.692460153022448,1,0
17263.0,147,1,63.440000000000005,2.7582608695652175,23,147,0.6931471805599453,4.165734558308774,0,1
17264.0,363,1,268.28,3.625405405405405,70,363,0.6931471805599453,5.595751730442496,0,1
17265.0,78,2,550.01,4.50827868852459,106,120,1.0986122886681098,6.311752957808554,0,1
17266.0,87,3,318.2,5.050793650793651,56,580,1.3862943611198906,5.765817865575654,1,0
17267.0,66,2,317.2,8.572972972972973,37,66,1.0986122886681098,5.762680115903686,0,1
17268.0,47,11,1733.8899999999999,57.79633333333333,26,671,2.4849066497880004,7.458699289794689,0,1
17269.0,325,1,491.81,3.93448,110,325,0.6931471805599453,6.200123704221218,0,1
17270.0,408,2,601.45,12.530208333333334,45,671,1.0986122886681098,6.401004674369285,0,1
17271.0,675,1,204.3,4.2562500000000005,46,675,0.6931471805599453,5.324472324024888,0,1
17272.0,138,2,1409.44,17.84101265822785,59,202,1.0986122886681098,7.251656991430226,1,0
17273.0,363,1,141.12,11.76,12,363,0.6931471805599453,4.956671771152826,0,1
17274.0,335,1,465.4,8.95,52,335,0.6931471805599453,6.1450436350362825,1,0
17275.0,322,1,114.1,4.960869565217391,23,322,0.6931471805599453,4.745801315727837,0,1
17276.0,341,1,502.49,9.480943396226415,50,341,0.6931471805599453,6.221563850988198,0,1
17277.0,167,2,1065.3500000000001,15.43985507246377,67,262,1.0986122886681098,6.9719968810436015,0,1
17278.0,180,2,271.24,15.955294117647059,17,504,1.0986122886681098,5.606684030192651,0,1
17280.0,377,1,118.86,19.81,6,377,0.6931471805599453,4.786324395030039,0,1
17281.0,313,6,797.85,132.975,2,612,1.9459101490553132,6.68317319347358,0,1
17282.0,69,5,2308.54,11.316372549019608,168,488,1.791759469228055,7.744803649486858,0,1
17283.0,318,1,188.46,12.564,15,318,0.6931471805599453,5.244177920447388,0,1
17284.0,60,7,2629.62,7.600057803468208,277,384,2.0794415416798357,7.874974838834029,1,0
17285.0,567,2,407.94,9.271363636363636,41,602,1.0986122886681098,6.013568446014908,0,1
17286.0,339,2,237.81,5.169782608695653,46,339,1.0986122886681098,5.475668256688571,1,0
17287.0,13,20,3658.1,8.276244343891403,272,676,3.044522437723423,8.204972494517301,1,0
17288.0,146,9,1714.5,9.85344827586207,139,333,2.302585092994046,7.447459862298504,1,0
17289.0,119,7,1275.23,6.573350515463917,152,580,2.0794415416798357,7.151665698445214,1,0
17290.0,321,6,974.95,9.749500000000001,96,665,1.9459101490553132,6.88341135559262,1,0
17291.0,247,1,550.8000000000001,550.8000000000001,1,247,0.6931471805599453,6.313185661783185,0,1
17292.0,411,2,271.75,18.116666666666667,14,518,1.0986122886681098,5.60855562471318,0,1
17293.0,24,14,3013.94,17.421618497109826,114,675,2.70805020110221,8.011335208465756,1,0
17294.0,608,2,467.79,27.517058823529414,17,608,1.0986122886681098,6.1501549069772725,0,1
17295.0,4,1,279.36,9.633103448275863,29,4,0.6931471805599453,5.636074491632124,1,0
17296.0,669,1,338.13,10.246363636363636,32,669,0.6931471805599453,5.826383514696429,0,1
17298.0,40,5,954.26,13.829855072463769,61,581,1.791759469228055,6.861983554735969,0,1
17299.0,28,5,902.17,8.276788990825688,96,420,1.791759469228055,6.805910797049093,1,0
17300.0,330,2,393.64,8.946363636363635,37,421,1.0986122886681098,5.977973956925482,0,1
17301.0,563,1,131.15,2.428703703703704,52,563,0.6931471805599453,4.883937641050299,1,0
17302.0,62,3,661.61,12.252037037037038,48,245,1.3862943611198906,6.496186581813487,1,0
17303.0,300,1,250.04,4.717735849056604,53,300,0.6931471805599453,5.525612288984722,0,1
17304.0,473,1,111.5,22.3,5,473,0.6931471805599453,4.722953221644475,0,1
17305.0,588,1,2135.46,237.27333333333334,9,588,0.6931471805599453,7.666905532699596,0,1
17306.0,10,18,8357.28,139.288,13,343,2.9444389791664403,9.03100794328424,1,0
17307.0,334,11,3999.8900000000003,83.33104166666668,22,628,2.4849066497880004,8.294272115352573,0,1
17308.0,332,2,4511.76,644.5371428571428,5,392,1.0986122886681098,8.41466421870983,0,1
17309.0,34,3,320.39,8.899722222222222,33,612,1.3862943611198906,5.7726553389425765,0,1
17310.0,326,2,1025.1,512.55,1,474,1.0986122886681098,6.933520486868163,0,1
17311.0,17,6,3566.56,28.083149606299212,124,614,1.9459101490553132,8.179637167709913,0,1
17312.0,78,3,644.3,46.021428571428565,11,98,1.3862943611198906,6.469715324941794,0,1
17314.0,88,14,3883.43,20.439105263157895,141,676,2.70805020110221,8.264731533890869,1,0
17315.0,14,37,8255.24,12.339671150971599,373,378,3.6375861597263857,9.018724557066268,1,0
17316.0,359,1,124.45,3.5557142857142856,35,359,0.6931471805599453,4.8319072728124315,0,1
17317.0,29,1,2027.94,289.7057142857143,7,29,0.6931471805599453,7.615268768171229,1,0
17318.0,664,1,157.32999999999998,9.25470588235294,17,664,0.6931471805599453,5.0646814625133425,0,1
17319.0,608,1,29.099999999999998,9.7,3,608,0.6931471805599453,3.40452517175483,0,1
17320.0,39,6,2444.85,16.08453947368421,86,626,1.9459101490553132,7.802147989755076,0,1
17321.0,7,5,1623.96,6.014666666666667,241,517,1.791759469228055,7.393238479076259,1,0
17322.0,315,5,922.59,5.2123728813559325,115,676,1.791759469228055,6.828268250223805,0,1
17323.0,1,10,1334.29,4.714805653710247,152,638,2.3978952727983707,7.1969037757080825,1,0
17324.0,271,10,1886.82,16.697522123893805,85,660,2.3978952727983707,7.543178003177346,1,0
17325.0,219,3,609.5699999999999,15.629999999999999,39,581,1.3862943611198906,6.414392947092451,0,1
17326.0,347,2,312.35,3.631976744186047,82,468,1.0986122886681098,5.747320776670684,0,1
17327.0,349,2,152.35,38.0875,3,502,1.0986122886681098,5.032722890560261,0,1
17328.0,612,1,104.7,17.45,6,612,0.6931471805599453,4.660604892876192,0,1
17329.0,254,4,718.78,8.26183908045977,73,675,1.6094379124341003,6.578945609762935,1,0
17330.0,7,3,324.8,46.4,7,587,1.3862943611198906,5.786283696167945,1,0
17331.0,63,1,175.2,175.2,1,63,0.6931471805599453,5.171619713502079,0,1
17332.0,467,5,838.27,8.823894736842105,82,595,1.791759469228055,6.732532466377506,0,1
17333.0,25,1,494.25,17.651785714285715,28,25,0.6931471805599453,6.20506268557866,0,1
17334.0,241,3,635.1500000000001,20.488709677419358,20,346,1.3862943611198906,6.45543438458871,0,1
17335.0,323,2,497.04,13.806666666666667,34,624,1.0986122886681098,6.2106803950842115,0,1
17336.0,411,1,81.12,81.12,1,411,0.6931471805599453,4.408181592150733,0,1
17337.0,90,4,1981.06,3.802418426103647,421,249,1.6094379124341003,7.591891986883801,0,1
17338.0,53,16,10559.710000000001,9.24668126094571,538,578,2.833213344056216,9.264895789848577,1,0
17339.0,33,3,302.36,30.236,10,448,1.3862943611198906,5.714920219066657,0,1
17340.0,19,17,15724.16,27.978932384341636,265,602,2.8903717578961645,9.66301725639764,1,0
17341.0,96,5,1272.21,5.809178082191781,200,479,1.791759469228055,7.149296549602667,0,1
17342.0,319,4,1227.54,35.07257142857143,31,609,1.6094379124341003,7.113581751463728,0,1
17343.0,294,6,1259.94,15.74925,61,675,1.9459101490553132,7.1396127535481995,0,1
17344.0,668,1,299.74,8.32611111111111,36,668,0.6931471805599453,5.706246104094174,1,0
17345.0,32,9,1348.12,8.425749999999999,140,677,2.302585092994046,7.207207807032833,1,0
17346.0,42,19,3604.51,5.223927536231884,402,540,2.995732273553991,8.190218509893393,1,0
17347.0,25,1,228.96,228.96,1,25,0.6931471805599453,5.43790538075509,0,1
17348.0,11,6,1946.3,6.159177215189874,244,579,1.9459101490553132,7.574199076707533,1,0
17349.0,118,5,772.41,9.087176470588235,74,570,1.791759469228055,6.650809309009441,0,1
17350.0,333,3,612.381,8.388780821917807,65,615,1.3862943611198906,6.418986276306386,1,0
17351.0,108,11,1828.38,29.97344262295082,41,668,2.4849066497880004,7.511732390616314,1,0
17352.0,635,1,36.25,7.25,5,635,0.6931471805599453,3.6176519448255684,0,1
17353.0,68,4,3242.0,231.57142857142858,7,563,1.6094379124341003,8.084254106307318,0,1
17354.0,367,3,1740.8999999999999,20.481176470588235,73,367,1.3862943611198906,7.462731750483416,1,0
17355.0,325,1,273.31,8.282121212121211,28,325,0.6931471805599453,5.614258853713599,0,1
17356.0,251,5,946.47,11.00546511627907,73,628,1.791759469228055,6.853795274186192,0,1
17358.0,242,5,861.01,5.8973287671232875,126,592,1.791759469228055,6.759266871524477,0,1
17359.0,587,1,156.6,6.808695652173912,23,587,0.6931471805599453,5.060060177423779,1,0
17360.0,123,4,953.17,5.920310559006211,137,374,1.6094379124341003,6.860841852638065,1,0
17361.0,125,4,647.51,14.389111111111111,41,615,1.6094379124341003,6.474677423838071,1,0
17362.0,178,7,1024.04,7.1113888888888885,99,642,2.0794415416798357,6.932486915201321,0,1
17363.0,334,3,920.46,26.298857142857145,34,341,1.3862943611198906,6.825959368679954,0,1
17364.0,76,23,10127.65,14.085744089012517,396,671,3.1780538303479458,9.223123320839612,1,0
17365.0,27,13,6880.41,10.133151693667157,358,616,2.6390573296152584,8.83657885179014,1,0
17366.0,371,2,1077.24,8.22320610687023,120,395,1.0986122886681098,6.983085361197907,0,1
17367.0,177,1,167.55,5.077272727272728,33,177,0.6931471805599453,5.12723244168007,0,1
17368.0,32,12,2484.49,13.357473118279568,161,663,2.5649493574615367,7.818225102191288,1,0
17369.0,395,1,979.2,979.2,1,395,0.6931471805599453,6.887756632475448,0,1
17370.0,12,4,446.18,13.520606060606061,31,109,1.6094379124341003,6.102961198121657,0,1
17371.0,300,4,329.11,5.06323076923077,62,671,1.6094379124341003,5.799425932250647,1,0
17372.0,105,26,4065.76,6.821744966442953,384,675,3.295836866004329,8.310601892609544,1,0
17373.0,10,6,954.1,13.06986301369863,58,588,1.9459101490553132,6.8618160470406915,1,0
17374.0,158,3,727.11,17.312142857142856,34,334,1.3862943611198906,6.5904521356834955,0,1
17375.0,138,4,660.55,7.6808139534883715,77,371,1.6094379124341003,6.49458556648842,0,1
17376.0,10,4,453.64,8.248,41,462,1.6094379124341003,6.119505896988866,0,1
17377.0,0,70,16066.83,10.556392904073588,451,677,4.2626798770413155,9.684574415388353,1,0
17378.0,313,1,10.95,10.95,1,313,0.6931471805599453,2.4807312783775197,0,1
17380.0,373,3,645.0,64.5,5,474,1.3862943611198906,6.470799503782602,0,1
17381.0,6,36,35495.05,224.65221518987343,50,487,3.6109179126442243,10.477176701667174,1,0
17382.0,4,8,902.28,50.126666666666665,16,509,2.1972245773362196,6.806032582872267,0,1
17383.0,392,1,110.7,55.35,2,392,0.6931471805599453,4.715816706075155,1,0
17384.0,158,2,398.79999999999995,49.849999999999994,7,406,1.0986122886681098,5.990964422066299,1,0
17386.0,38,6,1823.69,86.84238095238095,18,324,1.9459101490553132,7.509165388574537,1,0
17388.0,17,11,2675.37,48.64309090909091,41,669,2.4849066497880004,7.892216677759007,0,1
17389.0,13,53,38977.19,109.48648876404495,62,675,3.9889840465642745,10.570757537914703,1,0
17390.0,360,1,149.3,12.441666666666668,12,360,0.6931471805599453,5.012633296758929,0,1
17391.0,103,2,508.8,169.6,2,104,1.0986122886681098,6.234018491942015,0,1
17392.0,246,3,585.92,8.370285714285714,66,389,1.3862943611198906,6.374888524339266,0,1
17393.0,350,2,381.15000000000003,7.940625000000001,45,427,1.0986122886681098,5.945813201688893,0,1
17394.0,158,1,203.86999999999998,50.967499999999994,4,158,0.6931471805599453,5.3223756316411075,0,1
17395.0,447,1,97.5,32.5,3,447,0.6931471805599453,4.590056548178043,0,1
17396.0,6,13,7914.6,179.87727272727273,26,380,2.6390573296152584,8.976590774874749,1,0
17397.0,355,1,516.87,11.486,44,355,0.6931471805599453,6.249724245511469,1,0
17398.0,54,3,653.38,17.19421052631579,30,194,1.3862943611198906,6.483688222474311,0,1
17400.0,65,8,4623.28,9.85773987206823,345,661,2.1972245773362196,8.439075962152135,0,1
17401.0,480,1,114.85,9.570833333333333,11,480,0.6931471805599453,4.752296250878385,0,1
17402.0,24,19,3849.36,22.777278106508877,101,662,2.995732273553991,8.255921929403877,1,0
17403.0,390,1,118.95,9.15,13,390,0.6931471805599453,4.787074989285704,1,0
17404.0,27,19,40992.68,164.62923694779116,112,641,2.995732273553991,10.621173187463214,1,0
17405.0,12,2,883.01,12.985441176470587,65,89,1.0986122886681098,6.784468374790856,1,0
17406.0,272,13,4186.95,17.5922268907563,155,672,2.6390573296152584,8.339966633046188,0,1
17407.0,351,1,552.9,24.039130434782606,23,351,0.6931471805599453,6.316984165039059,0,1
17408.0,102,3,316.09000000000003,39.511250000000004,7,453,1.3862943611198906,5.759185645253913,0,1
17409.0,124,10,7793.51,74.93759615384616,50,668,2.3978952727983707,8.961174918707844,0,1
17410.0,35,2,419.55,19.070454545454545,22,154,1.0986122886681098,6.041563378408446,1,0
17411.0,15,4,1215.88,18.422424242424245,61,676,1.6094379124341003,7.104045485003487,1,0
17412.0,135,13,3671.98,18.639492385786802,143,676,2.6390573296152584,8.20875860066463,1,0
17413.0,344,2,560.14,56.013999999999996,10,509,1.0986122886681098,6.329970428756386,0,1
17414.0,124,5,2069.52,103.476,6,675,1.791759469228055,7.6355550624415045,1,0
17415.0,19,1,507.84,36.27428571428571,14,19,0.6931471805599453,6.23213362528801,0,1
17416.0,17,21,16283.84,29.878605504587156,312,664,3.091042453358316,9.697989892669744,1,0
17417.0,488,1,164.18,10.26125,16,488,0.6931471805599453,5.1070357883825706,0,1
17418.0,263,2,373.99,15.582916666666668,24,326,1.0986122886681098,5.926899358948182,1,0
17419.0,4,15,5025.2300000000005,20.427764227642278,173,622,2.772588722239781,8.522425479093894,1,0
17420.0,110,5,746.26,18.201463414634148,34,340,1.791759469228055,6.616413183476645,1,0
17421.0,325,3,1059.41,18.265689655172416,46,674,1.3862943611198906,6.966410904774026,0,1
17422.0,32,10,3314.36,17.536296296296296,137,474,2.3978952727983707,8.106321494008773,1,0
17423.0,157,2,869.96,31.07,28,333,1.0986122886681098,6.7695960515729245,1,0
17425.0,0,1,688.97,16.40404761904762,42,0,0.6931471805599453,6.536648118385228,1,0
17426.0,30,11,7321.1,19.1651832460733,225,599,2.4849066497880004,8.898652451057556,1,0
17427.0,11,1,100.8,50.4,2,11,0.6931471805599453,4.623010104116422,0,1
17428.0,3,40,29518.78,41.98972972972973,414,677,3.713572066704308,10.292815826112113,1,0
17429.0,67,5,1357.46,14.289052631578947,80,369,1.791759469228055,7.2141069841929415,0,1
17430.0,304,3,469.40999999999997,16.764642857142857,24,419,1.3862943611198906,6.1536046548618595,1,0
17431.0,252,1,403.3,9.37906976744186,41,252,0.6931471805599453,6.002157176646725,0,1
17432.0,324,7,1363.23,6.031991150442478,174,675,2.0794415416798357,7.218345445889246,1,0
17433.0,27,2,569.96,6.128602150537635,81,324,1.0986122886681098,6.347319154662812,0,1
17434.0,24,1,499.56,22.707272727272727,22,24,0.6931471805599453,6.215727471690108,1,0
17435.0,350,1,331.35,22.09,15,350,0.6931471805599453,5.806188630487591,0,1
17436.0,166,4,440.16,36.68,5,672,1.6094379124341003,6.089407621437946,1,0
17437.0,469,1,369.68,7.109230769230769,52,469,0.6931471805599453,5.915339156718491,0,1
17438.0,193,5,1422.77,20.03901408450704,49,580,1.791759469228055,7.261063562072737,0,1
17439.0,595,1,325.74,40.7175,8,595,0.6931471805599453,5.789164747598362,0,1
17440.0,96,4,323.58,53.93,4,488,1.6094379124341003,5.7825320388877355,0,1
17441.0,671,1,293.35,13.96904761904762,21,671,0.6931471805599453,5.68476953547427,0,1
17442.0,33,14,4293.43,16.324828897338403,179,601,2.70805020110221,8.365074113154934,1,0
17443.0,159,1,534.24,534.24,1,159,0.6931471805599453,6.282715244436788,0,1
17444.0,87,3,2940.04,21.778074074074073,132,112,1.3862943611198906,7.9865185392775535,0,1
17446.0,116,2,120.89999999999999,13.433333333333332,6,249,1.0986122886681098,4.803201036487226,0,1
17447.0,11,1,372.48,13.302857142857144,28,11,0.6931471805599453,5.922864455615725,1,0
17448.0,436,46,14523.67,13.025713004484304,569,584,3.8501476017100584,9.583603862012795,0,1
17449.0,34,10,3846.4900000000002,7.914588477366256,237,669,2.3978952727983707,8.255176266619339,1,0
17450.0,10,38,211416.44,623.6473156342183,142,377,3.6635616461296463,12.261589846650347,1,0
17451.0,21,2,560.98,16.028000000000002,33,45,1.0986122886681098,6.33146626207184,1,0
17453.0,3,1,342.0,38.0,9,3,0.6931471805599453,5.8377304471659395,1,0
17454.0,131,10,1547.94,12.285238095238096,98,632,2.3978952727983707,7.345326104999135,0,1
17455.0,143,1,131.7,16.4625,8,143,0.6931471805599453,4.888090941338162,0,1
17456.0,304,2,975.5600000000001,16.259333333333334,59,395,1.0986122886681098,6.8840361923615445,0,1
17457.0,66,14,5984.81,93.51265625,30,671,2.70805020110221,8.697146947180531,0,1
17458.0,321,1,213.08,6.65875,32,321,0.6931471805599453,5.366349776939864,1,0
17460.0,33,16,2157.9700000000003,15.75160583941606,93,625,2.833213344056216,7.677386535096359,0,1
17462.0,223,1,463.40999999999997,33.10071428571428,14,223,0.6931471805599453,6.140767782752969,1,0
17463.0,115,5,1886.99,8.240131004366813,177,528,1.791759469228055,7.54326805008125,1,0
17464.0,97,3,907.1400000000001,23.26,35,558,1.3862943611198906,6.811398551738031,0,1
17465.0,365,7,2542.79,17.906971830985917,103,675,2.0794415416798357,7.841410373882996,0,1
17466.0,18,1,460.41,20.01782608695652,23,18,0.6931471805599453,6.134287018673411,1,0
17467.0,334,1,102.6,25.65,4,334,0.6931471805599453,4.640537329825382,0,1
17468.0,314,1,57.8,19.266666666666666,3,314,0.6931471805599453,4.074141854904581,1,0
17469.0,12,16,4672.35,18.689400000000003,154,662,2.833213344056216,8.449631438247922,1,0
17470.0,66,10,2317.87,17.169407407407405,99,447,2.3978952727983707,7.748835277038219,1,0
17471.0,414,1,321.65000000000003,16.928947368421053,19,414,0.6931471805599453,5.776568144381849,0,1
17472.0,130,4,922.35,4.13609865470852,183,567,1.6094379124341003,6.828008360891881,0,1
17473.0,348,2,607.0,17.852941176470587,33,395,1.0986122886681098,6.410174881966167,0,1
17474.0,539,1,1047.0,174.5,6,539,0.6931471805599453,6.954638864880987,0,1
17475.0,18,1,194.37,13.883571428571429,14,18,0.6931471805599453,5.274895196603544,0,1
17476.0,335,2,489.86,15.801935483870968,29,677,1.0986122886681098,6.1961589547536615,0,1
17477.0,552,2,1144.3,26.00681818181818,44,587,1.0986122886681098,7.04342189040367,0,1
17478.0,347,2,1272.8000000000002,31.820000000000004,40,572,1.0986122886681098,7.149759837937266,0,1
17479.0,572,1,389.26000000000005,21.625555555555557,18,572,0.6931471805599453,5.9668131836668525,0,1
17480.0,17,2,882.23,16.645849056603772,50,384,1.0986122886681098,6.783585642337257,0,1
17481.0,33,1,260.63,13.717368421052631,19,33,0.6931471805599453,5.566931291907004,1,0
17482.0,426,2,775.64,14.634716981132076,50,517,1.0986122886681098,6.6549769225382365,0,1
17483.0,4,4,591.73,21.133214285714285,23,354,1.6094379124341003,6.384738983338736,0,1
17484.0,515,2,209.57,14.969285714285714,14,563,1.0986122886681098,5.34981813941044,0,1
17486.0,200,1,396.87,16.53625,24,200,0.6931471805599453,5.986125318762377,0,1
17487.0,667,1,160.55,20.06875,8,667,0.6931471805599453,5.084814692270507,0,1
17488.0,580,1,336.5,18.694444444444443,18,580,0.6931471805599453,5.821565510312585,0,1
17489.0,152,1,208.56,13.035,16,152,0.6931471805599453,5.345010094540019,1,0
17490.0,3,6,1979.4,21.51521739130435,78,509,1.9459101490553132,7.591054123487268,1,0
17491.0,13,14,4518.42,30.737551020408162,100,530,2.70805020110221,8.416138946008672,1,0
17492.0,187,3,1122.42,28.78,32,457,1.3862943611198906,7.024132883037598,0,1
17493.0,324,1,100.91,12.61375,8,324,0.6931471805599453,4.6240900708406025,0,1
17494.0,441,1,54.7,18.233333333333334,3,441,0.6931471805599453,4.019980146933238,0,1
17495.0,330,1,309.16,14.721904761904764,21,330,0.6931471805599453,5.737088293362674,1,0
17496.0,298,4,1412.89,19.623472222222222,54,633,1.6094379124341003,7.254100049936812,0,1
17497.0,329,2,287.25,41.035714285714285,7,550,1.0986122886681098,5.663828159149168,0,1
17498.0,15,1,272.21999999999997,16.012941176470587,17,15,0.6931471805599453,5.610277331459341,0,1
17499.0,229,2,1341.3899999999999,18.892816901408448,66,501,1.0986122886681098,7.202206886340737,0,1
17501.0,160,2,288.6,16.033333333333335,18,160,1.0986122886681098,5.668500660511562,0,1
17504.0,145,18,9490.17,27.7490350877193,244,609,2.9444389791664403,9.158117171675906,0,1
17505.0,101,5,2435.48,23.877254901960786,83,544,1.791759469228055,7.798309653754078,0,1
17506.0,15,1,302.2,21.585714285714285,14,15,0.6931471805599453,5.714392653768217,0,1
17507.0,201,2,605.58,6.881590909090909,79,248,1.0986122886681098,6.407836624054821,0,1
17508.0,220,8,4579.23,19.823506493506493,199,672,2.1972245773362196,8.429504494187944,0,1
17509.0,0,7,5200.5,16.66826923076923,75,2,2.0794415416798357,8.55670232451095,1,0
17510.0,360,1,206.08,13.738666666666667,15,360,0.6931471805599453,5.333105192033701,1,0
17511.0,5,53,149331.72,90.50407272727273,614,677,3.9889840465642745,11.91393211557772,1,0
17512.0,60,16,4434.7300000000005,26.55526946107785,85,668,2.833213344056216,8.397447480973144,1,0
17513.0,11,3,1158.8,64.37777777777778,18,418,1.3862943611198906,7.05600285544234,0,1
17514.0,67,2,522.0,6.289156626506024,72,608,1.0986122886681098,6.259581464064923,0,1
17515.0,145,8,1534.86,9.082011834319527,90,489,2.1972245773362196,7.33684576372025,1,0
17516.0,58,5,788.27,4.692083333333334,132,318,1.791759469228055,6.671108467630181,1,0
17517.0,248,1,153.94,13.994545454545454,11,248,0.6931471805599453,5.043037945203756,0,1
17518.0,365,2,329.42,4.278181818181818,71,560,1.0986122886681098,5.8003645725024455,0,1
17519.0,73,14,4418.150000000001,23.500797872340428,133,678,2.70805020110221,8.393702648885942,1,0
17521.0,4,4,1052.6,16.446875,57,374,1.6094379124341003,6.959968150429071,1,0
17522.0,78,4,912.25,13.615671641791044,54,157,1.6094379124341003,6.817009665675392,1,0
17524.0,300,3,539.14,12.53813953488372,37,377,1.3862943611198906,6.291828365215705,0,1
17525.0,299,3,1161.9,44.68846153846154,19,368,1.3862943611198906,7.058672164298998,0,1
17526.0,230,11,3616.14,43.567951807228916,61,661,2.4849066497880004,8.193438937313072,1,0
17527.0,20,3,788.22,20.21076923076923,39,157,1.3862943611198906,6.671045115945955,1,0
17528.0,10,2,1107.08,9.074426229508196,118,10,1.0986122886681098,7.010384066866843,1,0
17529.0,549,2,1240.25,15.125,78,637,1.0986122886681098,7.123874215359383,0,1
17530.0,24,9,2185.38,5.603538461538462,308,672,2.302585092994046,7.690002487115013,1,0
17531.0,129,3,1266.82,21.841724137931035,54,557,1.3862943611198906,7.145054169084526,0,1
17532.0,325,1,65.34,16.335,4,325,0.6931471805599453,4.1947930335189065,0,1
17533.0,374,1,34.8,34.8,1,374,0.6931471805599453,3.5779478934066544,0,1
17534.0,390,4,1445.47,17.415301204819276,69,591,1.6094379124341003,7.276881384484562,1,0
17535.0,219,1,164.4,12.646153846153847,13,219,0.6931471805599453,5.108366782589591,0,1
17536.0,116,3,364.83,22.801875,16,622,1.3862943611198906,5.902168744622394,0,1
17537.0,242,1,620.75,10.345833333333333,60,242,0.6931471805599453,6.432538082683514,1,0
17539.0,557,4,1176.84,8.1725,132,666,1.6094379124341003,7.071437531557153,0,1
17540.0,255,5,1280.5,27.24468085106383,35,539,1.791759469228055,7.155786545804125,1,0
17541.0,449,1,119.86,3.8664516129032256,31,449,0.6931471805599453,4.794632850933413,0,1
17542.0,209,3,340.85,5.32578125,57,581,1.3862943611198906,5.834372044359803,0,1
17543.0,489,1,120.05,9.234615384615385,13,489,0.6931471805599453,4.796203683384068,0,1
17544.0,329,3,944.82,10.736590909090909,80,329,1.3862943611198906,6.852052276105886,0,1
17545.0,329,3,767.54,6.449915966386555,112,517,1.3862943611198906,6.6444926110711,1,0
17547.0,315,2,727.85,23.479032258064517,22,604,1.0986122886681098,6.5914679495200215,0,1
17548.0,173,4,731.26,21.50764705882353,22,335,1.6094379124341003,6.596135642152661,0,1
17550.0,136,9,2506.64,7.808847352024921,250,609,2.302585092994046,7.827097350780007,0,1
17551.0,298,1,290.34,7.444615384615384,39,298,0.6931471805599453,5.674490970020802,0,1
17552.0,10,11,2770.27,19.50894366197183,78,567,2.4849066497880004,7.927060977864334,1,0
17553.0,69,4,3757.6,626.2666666666667,2,550,1.6094379124341003,8.231801826622501,0,1
17554.0,62,2,1249.8899999999999,19.839523809523808,51,87,1.0986122886681098,7.131610576944597,1,0
17555.0,274,4,760.88,3.6580769230769232,174,525,1.6094379124341003,6.635789062970359,1,0
17556.0,145,2,300.67,21.476428571428574,13,318,1.0986122886681098,5.709333704694526,0,1
17557.0,20,2,322.36,15.350476190476192,21,672,1.0986122886681098,5.778766253655311,1,0
17558.0,332,1,259.17,9.25607142857143,28,332,0.6931471805599453,5.561335263505108,0,1
17559.0,452,1,167.62,13.968333333333334,12,452,0.6931471805599453,5.12764766249453,0,1
17560.0,34,8,1895.8,34.46909090909091,37,600,2.1972245773362196,7.547923534751195,0,1
17561.0,330,3,537.9,3.6842465753424656,129,672,1.3862943611198906,6.289530024939451,1,0
17562.0,26,5,852.88,17.768333333333334,42,112,1.791759469228055,6.749790668692898,1,0
17563.0,517,2,392.38,13.530344827586207,27,551,1.0986122886681098,5.974776065821747,0,1
17564.0,19,1,119.12,7.445,16,19,0.6931471805599453,4.788491243115129,1,0
17565.0,526,1,131.83,4.394333333333334,30,526,0.6931471805599453,4.8890701151444125,0,1
17567.0,32,7,3432.05,22.72880794701987,105,381,2.0794415416798357,8.141204357872457,1,0
17568.0,572,1,374.45,6.039516129032258,61,572,0.6931471805599453,5.928125306545893,0,1
17569.0,271,1,344.14,11.866896551724137,29,271,0.6931471805599453,5.843950131819433,0,1
17570.0,321,1,100.0,100.0,1,321,0.6931471805599453,4.61512051684126,0,1
17571.0,85,4,764.79,5.92860465116279,120,482,1.6094379124341003,6.640907980718185,1,0
17572.0,10,10,652.21,20.3815625,14,664,2.3978952727983707,6.48189867022591,0,1
17573.0,24,2,182.21,15.184166666666668,12,33,1.0986122886681098,5.210633035903153,1,0
17574.0,182,1,185.65,23.20625,8,182,0.6931471805599453,5.229235205360593,0,1
17575.0,606,1,171.7,34.339999999999996,5,606,0.6931471805599453,5.1515559851526325,0,1
17576.0,12,38,7876.67,9.983105196451204,380,675,3.6635616461296463,8.971787453849226,1,0
17577.0,584,2,348.75,16.607142857142858,20,608,1.0986122886681098,5.857218613545591,0,1
17578.0,157,7,1047.33,16.11276923076923,57,469,2.0794415416798357,6.954953700811138,0,1
17579.0,77,3,575.24,9.43016393442623,58,517,1.3862943611198906,6.356524240581107,1,0
17580.0,192,5,541.02,5.755531914893617,78,361,1.791759469228055,6.295302901127848,0,1
17581.0,18,37,15284.2,21.527042253521127,367,676,3.6375861597263857,9.634640318962916,1,0
17582.0,175,5,1446.95,11.860245901639345,92,563,1.791759469228055,7.277904041962734,0,1
17583.0,499,1,135.95,19.42142857142857,7,499,0.6931471805599453,4.919615895709087,0,1
17584.0,66,5,4816.57,45.872095238095234,79,623,1.791759469228055,8.480024930541026,1,0
17585.0,48,7,2064.71,5.376848958333333,295,417,2.0794415416798357,7.633229271966494,0,1
17586.0,558,1,167.4,20.925,8,558,0.6931471805599453,5.126342101808226,0,1
17587.0,567,1,176.71,4.207380952380952,42,567,0.6931471805599453,5.1801530081973945,0,1
17588.0,39,7,2939.55,41.40211267605634,35,577,2.0794415416798357,7.986351917666346,0,1
17589.0,90,17,13276.84,10.794178861788618,571,581,2.8903717578961645,9.493851759198972,1,0
17591.0,12,8,2339.32,13.29159090909091,93,630,2.1972245773362196,7.758042951138778,0,1
17592.0,678,1,148.3,11.407692307692308,13,678,0.6931471805599453,5.005957704545144,0,1
17593.0,31,10,7414.12,20.59477777777778,275,674,2.3978952727983707,8.911276437853084,1,0
17594.0,24,4,2497.88,24.018076923076926,70,544,1.6094379124341003,7.8235979104743105,0,1
17596.0,2,11,4032.21,9.290806451612903,249,663,2.4849066497880004,8.302317863936794,1,0
17597.0,153,5,3484.09,27.219453125,109,522,1.791759469228055,8.156249147825298,0,1
17598.0,320,1,409.98,40.998000000000005,10,320,0.6931471805599453,6.018544551511725,0,1
17599.0,417,1,52.05,17.349999999999998,3,417,0.6931471805599453,3.971234865059992,0,1
17601.0,178,2,413.08,5.737222222222222,69,319,1.0986122886681098,6.026059191872481,0,1
17602.0,24,11,4434.2,7.684922010398613,321,558,2.4849066497880004,8.39732798955553,1,0
17603.0,17,4,1788.38,16.871509433962267,104,669,1.6094379124341003,7.489624470120218,0,1
17604.0,156,6,942.38,4.530673076923077,142,621,1.9459101490553132,6.84946917071024,0,1
17605.0,529,1,160.75,12.365384615384615,13,529,0.6931471805599453,5.08605193338101,0,1
17606.0,676,1,87.30000000000001,14.550000000000002,6,676,0.6931471805599453,4.480740107609915,0,1
17607.0,315,1,333.81,15.173181818181819,22,315,0.6931471805599453,5.813563206747519,0,1
17608.0,388,2,296.07,2.8744660194174756,90,546,1.0986122886681098,5.693967801267809,1,0
17609.0,12,9,1526.72,5.1060869565217395,255,548,2.302585092994046,7.331531706861554,1,0
17610.0,479,5,1511.94,9.817792207792207,114,672,1.791759469228055,7.321810056690061,0,1
17611.0,12,23,7370.03,7.012397716460513,688,677,3.1780538303479458,8.905312731185075,1,0
17612.0,34,17,5029.35,16.06821086261981,196,662,2.8903717578961645,8.523244843178006,1,0
17613.0,20,10,3766.53,13.796813186813187,201,245,2.3978952727983707,8.234174893309026,1,0
17615.0,69,6,721.8000000000001,12.889285714285716,47,424,1.9459101490553132,6.583132558718074,0,1
17616.0,113,4,734.4,183.6,1,391,1.6094379124341003,6.600414568867172,0,1
17617.0,498,1,385.19,21.399444444444445,18,498,0.6931471805599453,5.956329476339652,0,1
17618.0,187,10,3696.84,10.715478260869565,196,624,2.3978952727983707,8.215504144380432,1,0
17619.0,251,1,214.37,2.896891891891892,71,251,0.6931471805599453,5.372357479256501,0,1
17621.0,251,5,2697.0,49.03636363636364,52,371,1.791759469228055,7.900266036767701,1,0
17622.0,537,2,1130.21,29.742368421052632,19,537,1.0986122886681098,7.031043135272966,0,1
17623.0,348,6,1838.72,11.420621118012422,108,664,1.9459101490553132,7.5173686651103635,1,0
17624.0,157,3,1125.45,15.631250000000001,71,659,1.3862943611198906,7.026826373623152,1,0
17625.0,79,6,5185.63,9.081663747810858,392,664,1.9459101490553132,8.553839439630543,1,0
17626.0,542,1,254.0,14.11111111111111,18,542,0.6931471805599453,5.541263545158426,0,1
17627.0,418,1,296.36,29.636000000000003,10,418,0.6931471805599453,5.694943525988997,0,1
17628.0,20,1,75.75,15.15,5,20,0.6931471805599453,4.340553386467307,0,1
17629.0,6,8,2033.57,15.764108527131782,109,360,2.1972245773362196,7.6180397733379355,1,0
17630.0,109,2,503.6,19.36923076923077,24,171,1.0986122886681098,6.223766036206958,0,1
17631.0,76,6,886.66,15.02813559322034,56,669,1.9459101490553132,6.78858878679092,1,0
17633.0,11,6,1737.05,20.679166666666667,73,328,1.9459101490553132,7.460519074111181,1,0
17634.0,31,7,2077.07,8.876367521367522,177,277,2.0794415416798357,7.639194857328571,1,0
17635.0,363,3,1265.58,17.10243243243243,60,530,1.3862943611198906,7.144075633652909,0,1
17637.0,54,1,338.95,14.122916666666667,24,54,0.6931471805599453,5.828798547972468,1,0
17638.0,586,2,842.4000000000001,280.8,2,661,1.0986122886681098,6.73744134131246,0,1
17639.0,215,6,615.17,7.7869620253164555,59,423,1.9459101490553132,6.423522899485667,0,1
17640.0,26,6,3168.94,48.014242424242425,48,566,1.9459101490553132,8.061467939247406,0,1
17642.0,59,5,1824.49,16.893425925925925,88,673,1.791759469228055,7.509603723129441,0,1
17643.0,312,2,439.7,14.183870967741935,30,444,1.0986122886681098,6.088364371847941,0,1
17644.0,17,17,5265.63,18.606466431095406,141,601,2.8903717578961645,8.569145968297397,1,0
17646.0,158,12,3898.79,19.891785714285714,124,663,2.5649493574615367,8.268677984514136,0,1
17647.0,4,3,331.65999999999997,27.638333333333332,12,608,1.3862943611198906,5.807120947362389,0,1
17648.0,0,5,2216.37,17.73096,114,324,1.791759469228055,7.70407708788802,0,1
17649.0,77,3,1578.89,16.111122448979593,88,411,1.3862943611198906,7.365110503344246,0,1
17651.0,3,12,4474.87,16.886301886792452,174,466,2.5649493574615367,8.406456025220939,1,0
17652.0,6,8,3643.84,17.603091787439613,111,220,2.1972245773362196,8.201067747731713,1,0
17653.0,39,2,343.34,38.148888888888884,9,59,1.0986122886681098,5.841629541348326,1,0
17654.0,216,1,117.55,5.343181818181818,22,216,0.6931471805599453,4.775334812511415,0,1
17655.0,56,7,2240.77,26.99722891566265,63,356,2.0794415416798357,7.715021011393787,1,0
17656.0,12,5,1674.69,20.423048780487804,67,68,1.791759469228055,7.4239802997335635,0,1
17657.0,369,1,126.0,18.0,7,369,0.6931471805599453,4.844187086458591,0,1
17658.0,150,1,317.6,35.28888888888889,9,150,0.6931471805599453,5.763936397475948,1,0
17659.0,39,11,2240.56,19.315172413793103,91,325,2.4849066497880004,7.71492733102667,1,0
17660.0,80,2,342.22,4.173414634146342,75,676,1.0986122886681098,5.838371640974157,0,1
17662.0,601,2,412.92,27.528000000000002,14,662,1.0986122886681098,6.025672718437719,0,1
17663.0,23,15,4660.7300000000005,21.577453703703707,141,585,2.772588722239781,8.447141902860645,1,0
17664.0,151,3,887.7800000000001,14.796333333333335,51,559,1.3862943611198906,6.789849735822016,1,0
17665.0,432,1,563.1,29.63684210526316,19,432,0.6931471805599453,6.33523154074593,0,1
17666.0,5,4,1728.7199999999998,45.49263157894736,28,467,1.6094379124341003,7.455714824681764,1,0
17667.0,5,9,3950.7,17.17695652173913,140,594,2.302585092994046,8.281901145055203,0,1
17669.0,24,9,5930.35,41.763028169014085,83,556,2.302585092994046,8.688007122068589,1,0
17670.0,167,1,205.7,18.7,11,167,0.6931471805599453,5.331268466687723,0,1
17671.0,97,4,1535.0,23.257575757575758,52,315,1.6094379124341003,7.336936913707618,1,0
17672.0,248,6,3778.3,27.578832116788323,128,621,1.9459101490553132,8.237294086279555,1,0
17673.0,6,12,4061.41,8.39134297520661,191,569,2.5649493574615367,8.30953167254644,1,0
17674.0,13,2,551.04,20.40888888888889,19,308,1.0986122886681098,6.313620507419839,0,1
17675.0,10,64,32393.37,34.13421496311907,293,668,4.174387269895637,10.38573992124936,1,0
17676.0,48,8,1808.3,16.145535714285714,68,559,2.1972245773362196,7.50069530912505,1,0
17677.0,22,46,31416.26,51.84201320132013,314,663,3.8501476017100584,10.355112702405455,1,0
17678.0,203,2,599.76,21.419999999999998,27,542,1.0986122886681098,6.39819552033738,0,1
17679.0,25,6,3228.7,41.931168831168826,67,675,1.9459101490553132,8.080144532646191,1,0
17680.0,322,2,313.05,34.78333333333333,9,450,1.0986122886681098,5.74955220890039,1,0
17681.0,536,5,731.2,52.228571428571435,12,633,1.791759469228055,6.596053700686136,0,1
17682.0,54,10,3490.3,18.2738219895288,76,581,2.3978952727983707,8.158029438674916,1,0
17683.0,325,3,819.01,17.804565217391303,41,493,1.3862943611198906,6.70931653530589,0,1
17685.0,28,11,5062.55,27.81620879120879,117,605,2.4849066497880004,8.529823097316259,1,0
17686.0,20,8,7667.4400000000005,19.411240506329115,268,473,2.1972245773362196,8.944868483844276,1,0
17687.0,360,1,432.68,16.641538461538463,26,360,0.6931471805599453,6.072306934952083,0,1
17688.0,333,1,304.2,16.010526315789473,19,333,0.6931471805599453,5.720967299410302,0,1
17689.0,327,2,317.08,14.412727272727272,17,413,1.0986122886681098,5.7623029234682095,0,1
17690.0,4,17,5882.9800000000005,19.544784053156146,206,613,2.8903717578961645,8.679988682667284,1,0
17691.0,297,4,637.55,14.826744186046511,37,486,1.6094379124341003,6.459199980942271,0,1
17692.0,66,12,2975.8,18.36913580246914,90,480,2.5649493574615367,7.998604177032413,0,1
17693.0,76,1,200.47,12.529375,16,76,0.6931471805599453,5.305640486927818,0,1
17694.0,81,3,1695.97,20.937901234567903,54,502,1.3862943611198906,7.4365995868222186,0,1
17695.0,71,5,1746.04,28.623606557377048,46,620,1.791759469228055,7.465678206265756,0,1
17696.0,47,26,7309.47,21.248459302325582,186,668,3.295836866004329,8.897062846162594,1,0
17697.0,175,1,338.95,17.839473684210525,19,175,0.6931471805599453,5.828798547972468,0,1
17698.0,200,1,154.95,19.36875,8,200,0.6931471805599453,5.049535443053812,0,1
17699.0,416,2,442.0,23.263157894736842,17,501,1.0986122886681098,6.093569770045136,0,1
17700.0,34,13,5827.16,18.676794871794872,227,678,2.6390573296152584,8.670456620610178,1,0
17701.0,192,1,417.95,17.414583333333333,24,192,0.6931471805599453,6.037751581059295,0,1
17702.0,48,5,2658.44,19.83910447761194,109,340,1.791759469228055,7.88587085329618,1,0
17703.0,48,3,787.06,13.34,51,357,1.3862943611198906,6.669574229091194,1,0
17704.0,108,2,885.19,28.554516129032258,27,179,1.0986122886681098,6.786931374567216,0,1
17705.0,14,9,1452.3,15.45,65,516,2.302585092994046,7.281592111632125,1,0
17706.0,0,28,19231.89,27.011081460674156,399,629,3.367295829986474,9.864377113302455,1,0
17707.0,124,8,609.3,25.3875,9,672,2.1972245773362196,6.413950639550449,0,1
17708.0,127,4,884.1800000000001,12.11205479452055,57,363,1.6094379124341003,6.785791014157531,0,1
17709.0,109,5,671.01,16.77525,37,542,1.791759469228055,6.51027322136481,0,1
17710.0,363,1,293.5,14.675,20,363,0.6931471805599453,5.685279003091641,0,1
17711.0,229,1,220.53000000000003,16.963846153846156,13,229,0.6931471805599453,5.400558020494584,1,0
17713.0,321,4,1198.09,15.764342105263157,55,488,1.6094379124341003,7.089318214762589,0,1
17714.0,260,5,1410.18,17.40962962962963,69,453,1.791759469228055,7.252181512816498,0,1
17715.0,140,2,489.59999999999997,244.79999999999998,1,532,1.0986122886681098,6.195629131824389,0,1
17716.0,15,22,15303.29,26.159470085470087,328,676,3.1354942159291497,9.635888460234856,1,0
17717.0,360,1,376.92,14.496923076923078,26,360,0.6931471805599453,5.934682533008997,0,1
17718.0,171,2,439.18,19.094782608695652,22,584,1.0986122886681098,6.087183734166526,0,1
17719.0,15,14,5088.9,19.95647058823529,108,195,2.70805020110221,8.535013462986154,1,0
17720.0,52,9,2358.57,19.819915966386557,76,518,2.302585092994046,7.766234678028771,1,0
17721.0,598,1,307.21000000000004,27.928181818181823,11,598,0.6931471805599453,5.730781368822976,0,1
17722.0,35,5,3520.2200000000003,20.23114942528736,163,315,1.791759469228055,8.166562799452478,0,1
17723.0,66,7,3378.4000000000005,281.53333333333336,6,315,2.0794415416798357,8.12545345792655,0,1
17724.0,10,3,1033.0,25.825,38,77,1.3862943611198906,6.9411900550683745,0,1
17725.0,10,9,2841.08,18.09605095541401,98,206,2.302585092994046,7.952291457451576,1,0
17726.0,334,7,1092.06,17.0634375,52,621,2.0794415416798357,6.996736381454871,0,1
17728.0,5,4,3650.91,17.22127358490566,180,392,1.6094379124341003,8.203005597380521,1,0
17729.0,535,1,438.65000000000003,19.071739130434786,23,535,0.6931471805599453,6.085978955825011,0,1
17730.0,18,16,6022.650000000001,23.711220472440946,149,529,2.833213344056216,8.70344866686219,1,0
17731.0,18,6,1708.99,17.262525252525254,82,608,1.9459101490553132,7.44424280152639,0,1
17732.0,312,8,2166.42,17.757540983606557,90,427,2.1972245773362196,7.681292799092348,0,1
17733.0,201,1,216.95000000000002,18.07916666666667,12,201,0.6931471805599453,5.384265678684402,1,0
17734.0,76,5,1281.9,16.867105263157896,67,581,1.791759469228055,7.156878419255294,1,0
17735.0,4,24,15334.02,19.239673776662485,360,436,3.2188758248682006,9.637894380753567,1,0
17736.0,52,1,307.49,13.369130434782608,23,52,0.6931471805599453,5.731689427909209,1,0
17738.0,88,12,3876.0,18.457142857142856,161,570,2.5649493574615367,8.262816937670928,1,0
17739.0,5,16,6986.820000000001,51.754222222222225,53,672,2.833213344056216,8.851923912479148,1,0
17740.0,328,6,426.90000000000003,47.43333333333334,5,636,1.9459101490553132,6.0588895234227715,0,1
17741.0,346,2,101.1,16.849999999999998,6,500,1.0986122886681098,4.625952725170619,0,1
17742.0,52,11,2098.48,24.688,52,677,2.4849066497880004,7.649444974001237,0,1
17743.0,387,1,229.2,76.39999999999999,3,387,0.6931471805599453,5.438948496287782,0,1
17744.0,190,5,1615.7,20.983116883116885,63,320,1.791759469228055,7.388142313607561,1,0
17745.0,417,2,600.34,21.440714285714286,27,495,1.0986122886681098,6.399160498367506,0,1
17746.0,179,4,904.1800000000001,25.116111111111113,32,549,1.6094379124341003,6.808133818950557,0,1
17747.0,52,1,71.4,71.4,1,52,0.6931471805599453,4.282206299391671,0,1
17748.0,466,1,358.15,21.06764705882353,17,466,0.6931471805599453,5.88374012852081,0,1
17749.0,117,3,1026.18,18.003157894736844,52,485,1.3862943611198906,6.934572462341162,0,1
17750.0,21,6,1334.13,8.719803921568628,96,103,1.9459101490553132,7.196783944370547,1,0
17751.0,360,1,157.85999999999999,4.9331249999999995,31,360,0.6931471805599453,5.0680233112049855,0,1
17752.0,298,1,80.64,80.64,1,298,0.6931471805599453,4.402319337941644,0,1
17753.0,403,4,382.06,5.5371014492753625,63,641,1.6094379124341003,5.948191634874515,0,1
17754.0,5,11,3736.13,20.98949438202247,145,667,2.4849066497880004,8.22607321614293,1,0
17756.0,315,3,728.75,8.675595238095237,54,333,1.3862943611198906,6.592702009734224,0,1
17757.0,9,48,7204.18,7.083756145526057,326,634,3.8918202981106265,8.882555490772498,1,0
17758.0,18,9,3648.31,9.166608040201005,316,507,2.302585092994046,8.202293387610126,1,0
17759.0,108,4,609.07,9.984754098360657,56,523,1.6094379124341003,6.41357370468197,1,0
17760.0,312,5,631.34,12.379215686274511,44,589,1.791759469228055,6.449427224173901,1,0
17762.0,395,1,129.75,7.632352941176471,16,395,0.6931471805599453,4.873287102945032,0,1
17763.0,202,4,86.15,6.153571428571429,11,598,1.6094379124341003,4.46763077196603,0,1
17764.0,150,4,971.69,10.228315789473685,76,675,1.6094379124341003,6.8800654291604735,1,0
17765.0,98,4,524.0,6.469135802469136,71,388,1.6094379124341003,6.263398262591624,0,1
17766.0,320,2,299.61,13.618636363636364,21,320,1.0986122886681098,5.7058137435652805,0,1
17767.0,349,1,141.85,7.8805555555555555,18,349,0.6931471805599453,4.961795128676782,1,0
17768.0,105,5,1596.66,15.062830188679246,88,677,1.791759469228055,7.376295337730886,1,0
17769.0,78,11,4913.83,10.847306843267107,264,629,2.4849066497880004,8.500012443987158,1,0
17770.0,138,5,1143.27,30.086052631578948,33,221,1.791759469228055,7.042522158078838,0,1
17771.0,262,3,257.4,6.956756756756756,36,528,1.3862943611198906,5.554508771908447,1,0
17772.0,332,1,187.3,4.071739130434783,45,332,0.6931471805599453,5.238036435663107,1,0
17773.0,453,2,575.37,10.461272727272727,48,629,1.0986122886681098,6.356749815581414,0,1
17774.0,36,9,3273.83,8.246423173803526,286,608,2.302585092994046,8.094021238325118,0,1
17775.0,194,1,56.4,18.8,3,194,0.6931471805599453,4.050044303325521,0,1
17776.0,326,2,330.56,4.132,74,662,1.0986122886681098,5.803808788723326,0,1
17777.0,39,1,189.8,2.9200000000000004,63,39,0.6931471805599453,5.251225759014186,1,0
17778.0,601,1,197.70000000000002,19.770000000000003,10,601,0.6931471805599453,5.291796149557771,0,1
17779.0,27,2,481.26,7.404,62,83,1.0986122886681098,6.178483387703559,1,0
17780.0,606,3,346.56,4.386835443037975,76,624,1.3862943611198906,5.8509373119710055,0,1
17781.0,98,2,188.02,15.668333333333335,12,192,1.0986122886681098,5.24185282956691,0,1
17782.0,322,2,679.02,23.41448275862069,29,322,1.0986122886681098,6.52212220950234,0,1
17783.0,11,3,376.96,4.142417582417583,91,452,1.3862943611198906,5.9347883699144255,0,1
17784.0,489,1,112.86,4.90695652173913,19,489,0.6931471805599453,4.734969623522936,0,1
17785.0,384,2,271.44,7.143157894736842,38,504,1.0986122886681098,5.607418406373117,1,0
17786.0,24,2,266.85,3.9242647058823534,57,256,1.0986122886681098,5.590427122326969,0,1
17787.0,92,4,1817.54,14.19953125,94,310,1.6094379124341003,7.505789260335805,0,1
17788.0,13,2,1117.9,223.58,3,69,1.0986122886681098,7.020101338813675,0,1
17789.0,220,2,397.15,13.694827586206896,27,600,1.0986122886681098,5.9868288187034535,0,1
17790.0,0,19,2505.9,9.17912087912088,171,483,2.995732273553991,7.826802209050009,1,0
17792.0,406,2,368.35,7.0836538461538465,45,417,1.0986122886681098,5.911744703974747,0,1
17794.0,626,2,147.3,21.042857142857144,7,628,1.0986122886681098,4.999237249143887,0,1
17795.0,119,2,342.83,7.618444444444444,43,204,1.0986122886681098,5.840147349176718,0,1
17796.0,253,6,1160.49,5.831608040201005,147,360,1.9459101490553132,7.057458942616794,1,0
17797.0,122,6,1463.85,7.175735294117646,172,663,1.9459101490553132,7.28950812713055,1,0
17798.0,521,1,178.07,3.957111111111111,43,521,0.6931471805599453,5.187776790848668,0,1
17799.0,38,19,5722.75,6.8209177592371875,449,665,2.995732273553991,8.652379463971306,1,0
17800.0,30,7,904.8,11.453164556962024,41,273,2.0794415416798357,6.808818531122114,1,0
17801.0,390,3,770.03,9.506543209876543,66,631,1.3862943611198906,6.647727283312172,0,1
17802.0,21,10,4946.22,9.439351145038168,283,665,2.3978952727983707,8.50658108163569,0,1
17803.0,331,1,184.66,6.839259259259259,27,331,0.6931471805599453,5.223917043971786,0,1
17804.0,315,3,383.78000000000003,4.217362637362638,82,678,1.3862943611198906,5.9526717423888265,0,1
17805.0,13,2,927.03,84.27545454545454,10,549,1.0986122886681098,6.833064059849883,0,1
17807.0,334,3,437.87,4.9198876404494385,88,643,1.3862943611198906,6.084203241658105,0,1
17808.0,488,4,262.64,7.958787878787878,29,520,1.6094379124341003,5.574584536184519,0,1
17809.0,0,17,7813.89,108.52625,46,676,2.8903717578961645,8.963786167260675,1,0
17810.0,608,2,373.16,6.784727272727273,51,623,1.0986122886681098,5.924683513417631,0,1
17811.0,1,37,7233.28,8.210306469920544,472,385,3.6375861597263857,8.886586117873017,1,0
17812.0,307,4,405.48,4.770352941176471,79,469,1.6094379124341003,6.007534727285477,1,0
17813.0,3,2,1280.99,4.658145454545455,243,10,1.0986122886681098,7.15616883713818,1,0
17814.0,314,2,1609.37,11.254335664335663,112,361,1.0986122886681098,7.38421924523999,0,1
17815.0,332,1,591.96,45.535384615384615,13,332,0.6931471805599453,6.385126943096995,0,1
17816.0,4,5,89.87,2.0900000000000003,40,663,1.791759469228055,4.5094299137072555,1,0
17817.0,216,5,670.17,5.878684210526315,97,361,1.791759469228055,6.509022458087351,1,0
17818.0,677,1,124.78,2.970952380952381,42,677,0.6931471805599453,4.834534349115358,0,1
17819.0,11,12,6021.05,67.65224719101124,66,665,2.5649493574615367,8.703183011896616,0,1
17820.0,313,1,180.60999999999999,4.4051219512195114,39,313,0.6931471805599453,5.201861530730407,0,1
17821.0,345,1,334.62,55.77,6,345,0.6931471805599453,5.815979567573016,0,1
17822.0,359,5,2162.93,12.798402366863904,152,500,1.791759469228055,7.679681291938559,0,1
17823.0,360,2,449.25,4.4925,88,360,1.0986122886681098,6.109802984056065,0,1
17825.0,538,4,701.96,25.99851851851852,24,665,1.6094379124341003,6.555299991187588,0,1
17826.0,313,1,133.34,4.040606060606061,33,313,0.6931471805599453,4.900373899838718,0,1
17827.0,181,5,1969.31,8.95140909090909,191,561,1.791759469228055,7.585946169758276,1,0
17828.0,49,3,1076.66,19.575636363636367,51,124,1.3862943611198906,6.982547302833425,1,0
17829.0,238,5,4756.74,27.817192982456138,121,594,1.791759469228055,8.467528044561078,0,1
17830.0,201,2,287.65000000000003,17.978125000000002,15,228,1.0986122886681098,5.665214881506943,1,0
17833.0,662,1,338.46000000000004,10.918064516129034,28,662,0.6931471805599453,5.827356119733386,0,1
17834.0,354,2,689.6700000000001,11.890862068965518,54,384,1.0986122886681098,6.537662140954444,0,1
17837.0,4,5,785.5,8.182291666666666,78,102,1.791759469228055,6.667592722498332,1,0
17838.0,28,12,5151.24,21.553305439330543,132,570,2.5649493574615367,8.547186850550128,1,0
17840.0,383,1,175.9,3.5180000000000002,44,383,0.6931471805599453,5.17558460116574,0,1
17841.0,3,181,55034.83,5.572583029566626,2006,676,5.204006687076795,10.915739706655662,1,0
17842.0,541,1,430.69,23.927222222222223,18,541,0.6931471805599453,6.067707738058715,0,1
17843.0,242,2,320.4,5.16774193548387,58,351,1.0986122886681098,5.772686453303412,0,1
17844.0,46,1,51.559999999999995,10.312,5,46,0.6931471805599453,3.961955374176355,0,1
17845.0,494,4,596.09,12.68276595744681,42,515,1.6094379124341003,6.3920678557992385,0,1
17846.0,24,1,2033.1,2033.1,1,24,0.6931471805599453,7.617808739608441,0,1
17847.0,455,2,129.69,14.41,9,584,1.0986122886681098,4.872828106608945,0,1
17848.0,20,30,3559.11,21.570363636363638,105,672,3.4339872044851463,8.17754672224512,0,1
17849.0,157,8,1063.76,21.275199999999998,24,574,2.1972245773362196,6.970504700635247,0,1
17850.0,311,155,51208.87,20.491744697879152,100,674,5.049856007249537,10.843687565886688,0,1
17851.0,361,6,1552.35,6.691163793103448,185,675,1.9459101490553132,7.348169168007754,0,1
17852.0,328,3,543.47,6.469880952380953,62,670,1.3862943611198906,6.299812844436419,1,0
17853.0,346,3,1596.29,15.202761904761905,84,675,1.3862943611198906,7.376063722211611,0,1
17854.0,124,6,1068.5,9.055084745762711,113,671,1.9459101490553132,6.9749465285224606,0,1
17855.0,312,1,208.97,12.292352941176471,17,312,0.6931471805599453,5.346964663369558,0,1
17856.0,172,3,1142.63,126.95888888888891,6,221,1.3862943611198906,7.041962693052662,1,0
17857.0,12,16,15307.52,478.36,17,581,2.833213344056216,9.636164815135103,1,0
17858.0,21,28,11285.38,37.24547854785478,144,672,3.367295829986474,9.331351967995932,1,0
17859.0,244,1,141.92,6.170434782608695,23,244,0.6931471805599453,4.962285033155209,0,1
17860.0,308,4,717.39,4.428333333333334,127,667,1.6094379124341003,6.577012597069282,0,1
17861.0,75,15,4289.9,9.031368421052631,276,669,2.772588722239781,8.364251780128964,1,0
17862.0,263,4,1254.89,12.675656565656567,90,502,1.6094379124341003,7.135599763574991,0,1
17863.0,20,11,4327.78,20.22327102803738,120,592,2.4849066497880004,8.373041026099777,1,0
17864.0,28,4,759.79,6.279256198347107,87,367,1.6094379124341003,6.6343573670859115,1,0
17865.0,18,43,24300.95,25.715291005291007,379,678,3.784189633918261,10.09831187302261,1,0
17866.0,82,3,1134.95,43.651923076923076,20,664,1.3862943611198906,7.035224584227941,0,1
17867.0,83,13,1381.66,19.738,66,676,2.6390573296152584,7.231764459068913,1,0
17868.0,325,1,227.15,12.619444444444445,18,325,0.6931471805599453,5.430003307373411,0,1
17869.0,46,7,813.64,10.1705,72,486,2.0794415416798357,6.70274629786341,0,1
17870.0,11,9,1792.56,16.005,100,321,2.302585092994046,7.49195775055271,1,0
17871.0,144,5,1068.95,12.878915662650604,64,632,1.791759469228055,6.975367197392157,0,1
17872.0,321,1,235.87,15.724666666666668,15,321,0.6931471805599453,5.46751146743449,0,1
17873.0,19,18,6265.33,37.29363095238095,65,662,2.9444389791664403,8.742946135302521,0,1
17874.0,124,6,683.46,14.857826086956523,37,195,1.9459101490553132,6.528630206205813,0,1
17875.0,627,1,167.1,6.426923076923076,25,627,0.6931471805599453,5.12455904041457,0,1
17876.0,339,3,3424.02,856.005,3,614,1.3862943611198906,8.138862590095334,0,1
17877.0,109,1,237.61,19.800833333333333,12,109,0.6931471805599453,5.474830419933934,0,1
17878.0,334,2,999.48,17.847857142857144,56,334,1.0986122886681098,6.908235163818988,1,0
17879.0,113,1,178.52,29.753333333333334,6,113,0.6931471805599453,5.190286622334331,0,1
17880.0,304,3,824.9200000000001,18.331555555555557,43,669,1.3862943611198906,6.716497916530249,0,1
17881.0,243,1,133.35,16.66875,8,243,0.6931471805599453,4.9004483350615,0,1
17882.0,318,2,291.56,5.501132075471698,47,318,1.0986122886681098,5.678669773841126,0,1
17883.0,25,5,521.88,7.4554285714285715,65,591,1.791759469228055,6.259351992231584,1,0
17884.0,251,19,2593.94,6.755052083333333,287,674,2.995732273553991,7.861318673945402,1,0
17886.0,150,5,1080.98,9.91724770642202,91,529,1.791759469228055,6.986547974947236,1,0
17887.0,68,1,111.35,11.135,10,68,0.6931471805599453,4.721618998631338,0,1
17888.0,18,22,1447.04,10.64,123,657,3.1354942159291497,7.27796619687351,1,0
17889.0,151,7,746.42,6.434655172413793,97,558,2.0794415416798357,6.6166272761260565,0,1
17890.0,262,2,586.89,6.449340659340659,88,300,1.0986122886681098,6.376539855568017,0,1
17891.0,101,1,203.85999999999999,5.995882352941176,34,101,0.6931471805599453,5.3223268190083886,0,1
17892.0,94,1,142.1,5.4653846153846155,26,94,0.6931471805599453,4.963543686562405,1,0
17893.0,164,1,107.21,7.147333333333333,15,164,0.6931471805599453,4.684073783583557,0,1
17894.0,11,18,2304.58,5.732786069651741,215,408,2.9444389791664403,7.743087550676059,0,1
17897.0,112,9,2099.89,8.014847328244274,211,515,2.302585092994046,7.650116343453433,0,1
17898.0,24,4,299.18,5.9836,48,506,1.6094379124341003,5.704382294728169,0,1
17899.0,98,1,154.55,4.985483870967743,29,98,0.6931471805599453,5.046967223343646,0,1
17900.0,129,2,112.19999999999999,18.7,4,129,1.0986122886681098,4.729156165769083,0,1
17901.0,461,2,149.7,49.9,3,461,1.0986122886681098,5.01529110563245,1,0
17902.0,486,1,216.4,9.016666666666667,24,486,0.6931471805599453,5.381738974687109,0,1
17903.0,333,1,381.09000000000003,8.468666666666667,44,333,0.6931471805599453,5.9456561829510015,0,1
17905.0,10,13,2178.87,14.92376712328767,129,619,2.6390573296152584,7.687020520977492,0,1
17906.0,186,1,72.9,6.075,12,186,0.6931471805599453,4.302712827954156,0,1
17907.0,580,1,291.76,22.443076923076923,13,580,0.6931471805599453,5.679353160733027,0,1
17908.0,313,5,1142.47,5.492644230769231,178,665,1.791759469228055,7.04182277787601,0,1
17909.0,676,1,110.05,13.75625,8,676,0.6931471805599453,4.709980550340436,0,1
17910.0,665,1,261.7,10.065384615384614,25,665,0.6931471805599453,5.571012696691494,0,1
17912.0,249,6,374.55,7.344117647058824,48,314,1.9459101490553132,5.928391618132021,0,1
17913.0,295,13,3238.69,7.37742596810934,213,675,2.6390573296152584,8.083232925196501,1,0
17915.0,490,1,225.78,7.785517241379311,27,490,0.6931471805599453,5.423980384543694,0,1
17916.0,568,2,43.87,2.3089473684210526,15,672,1.0986122886681098,3.803769419987892,0,1
17917.0,195,2,226.71,3.54234375,57,302,1.0986122886681098,5.428072889540573,1,0
17918.0,440,3,396.39,9.909749999999999,34,444,1.3862943611198906,5.984918166237948,0,1
17919.0,27,2,1840.3200000000002,46.008,37,378,1.0986122886681098,7.51823798470524,0,1
17920.0,18,47,22018.08,16.66773656320969,589,673,3.871201010907891,9.999664629204036,1,0
17921.0,3,10,2394.36,6.651000000000001,230,451,2.3978952727983707,7.781288811701526,0,1
17922.0,482,1,170.4,21.3,8,482,0.6931471805599453,5.1440000061636795,0,1
17923.0,221,3,497.0,165.66666666666666,2,483,1.3862943611198906,6.210600077024653,0,1
17924.0,7,4,2371.92,107.81454545454545,19,354,1.6094379124341003,7.771876543267397,1,0
17925.0,312,1,244.08,244.08,1,312,0.6931471805599453,5.501584687857454,0,1
17926.0,72,5,1035.49,23.533863636363638,27,518,1.791759469228055,6.943595283975941,0,1
17927.0,661,1,294.0,29.4,10,661,0.6931471805599453,5.68697535633982,0,1
17928.0,185,2,206.96,9.855238095238096,21,510,1.0986122886681098,5.337345753515515,1,0
17929.0,52,11,2946.1,210.43571428571428,6,670,2.4849066497880004,7.98857691497502,1,0
17930.0,3,12,3848.38,49.97896103896104,37,585,2.5649493574615367,8.255667375352624,1,0
17931.0,73,14,3402.2400000000002,9.692991452991453,274,600,2.70805020110221,8.132483198020529,0,1
17932.0,113,2,934.51,14.60171875,63,150,1.0986122886681098,6.841091835127884,1,0
17933.0,571,1,114.69,8.192142857142857,12,571,0.6931471805599453,4.750914200040797,0,1
17934.0,346,1,344.90000000000003,17.245,20,346,0.6931471805599453,5.846149715943123,1,0
17935.0,77,7,686.14,10.7209375,60,674,2.0794415416798357,6.532538056031691,0,1
17937.0,54,5,3614.52,109.53090909090909,19,301,1.791759469228055,8.192990969338055,1,0
17938.0,359,1,144.29,4.97551724137931,29,359,0.6931471805599453,4.978731745083247,0,1
17939.0,99,1,99.14,8.261666666666667,12,99,0.6931471805599453,4.606569206901798,0,1
17940.0,47,15,30114.79,885.7291176470588,11,676,2.772588722239781,10.312804897908114,1,0
17941.0,70,4,1433.28,204.75428571428571,5,641,1.6094379124341003,7.268418260118725,0,1
17944.0,362,1,74.99,2.9995999999999996,24,362,0.6931471805599453,4.330601752681694,0,1
17945.0,636,3,360.35,5.004861111111111,66,636,1.3862943611198906,5.88984701772899,0,1
17946.0,172,2,149.57999999999998,7.478999999999999,18,198,1.0986122886681098,5.014494504421976,0,1
17948.0,86,1,358.56000000000006,358.56000000000006,1,86,0.6931471805599453,5.884881061705198,0,1
17949.0,0,110,112177.12,757.9535135135135,58,677,4.709530201312334,11.627843244141367,1,0
17950.0,11,7,1166.29,7.068424242424242,133,643,2.0794415416798357,7.062440101843888,0,1
17951.0,297,3,741.5400000000001,43.620000000000005,15,343,1.3862943611198906,6.61007674127968,1,0
17952.0,317,4,788.46,8.045510204081634,85,481,1.6094379124341003,6.671349167434349,0,1
17953.0,479,1,159.17000000000002,7.958500000000001,20,479,0.6931471805599453,5.076235751180205,0,1
17954.0,7,18,3525.01,5.168636363636364,439,669,2.9444389791664403,8.167922199028666,1,0
17955.0,138,6,949.9,43.17727272727273,16,604,1.9459101490553132,6.857408904545399,0,1
17956.0,188,1,12.75,12.75,1,188,0.6931471805599453,2.6210388241125804,0,1
17957.0,5,1,111.68,3.6025806451612907,31,5,0.6931471805599453,4.724551943008172,0,1
17958.0,56,2,973.88,27.052222222222223,35,667,1.0986122886681098,6.882314386500184,0,1
17959.0,531,1,140.75,70.375,2,531,0.6931471805599453,4.954064942607862,0,1
17960.0,110,3,135.08,3.6508108108108113,37,581,1.3862943611198906,4.913242948087606,0,1
17961.0,10,97,2840.19,4.551586538461539,483,677,4.584967478670572,7.951978257477872,1,0
17962.0,81,4,666.96,3.6445901639344265,146,634,1.6094379124341003,6.504228291504232,0,1
17963.0,410,4,643.16,5.900550458715596,98,628,1.6094379124341003,6.467947142451426,0,1
17964.0,311,1,261.76,7.478857142857143,35,311,0.6931471805599453,5.571241068024272,1,0
17965.0,31,27,6658.87,8.614320827943079,553,664,3.332204510175204,8.803855243824406,1,0
17966.0,90,9,1459.92,13.772830188679245,81,629,2.302585092994046,7.286821653235736,1,0
17967.0,311,2,223.42,3.6626229508196717,59,355,1.0986122886681098,5.4135192962367205,0,1
17968.0,313,4,590.44,4.6128125,106,451,1.6094379124341003,6.382560241248845,0,1
17969.0,105,20,2354.29,11.540637254901961,113,672,3.044522437723423,7.764419141119665,0,1
17970.0,150,1,562.79,19.40655172413793,27,150,0.6931471805599453,6.334681841736619,0,1
17971.0,487,1,161.94,7.711428571428572,21,487,0.6931471805599453,5.093382034882496,0,1
17972.0,181,1,135.19,4.506333333333333,30,181,0.6931471805599453,4.914050969580866,0,1
17974.0,159,4,1199.17,5.57753488372093,177,346,1.6094379124341003,7.090218492408984,1,0
17975.0,3,23,6448.71,14.689544419134396,228,430,3.1780538303479458,8.771790447538722,1,0
17976.0,311,1,321.79,5.645438596491228,56,311,0.6931471805599453,5.7770019569816125,0,1
17977.0,339,1,1223.31,14.73867469879518,83,339,0.6931471805599453,7.110132698979209,1,0
17978.0,304,4,1159.99,17.313283582089554,62,670,1.6094379124341003,7.05702836839637,0,1
17979.0,108,3,494.54,5.2610638297872345,84,199,1.3862943611198906,6.2056480770506806,1,0
17980.0,105,4,1012.72,16.601967213114754,41,332,1.6094379124341003,6.921382011896794,0,1
17981.0,350,1,239.12,14.065882352941177,17,350,0.6931471805599453,5.481138798383642,0,1
17982.0,620,1,138.18,10.62923076923077,13,620,0.6931471805599453,4.935768059416704,0,1
17983.0,334,1,171.71,7.154583333333334,23,334,0.6931471805599453,5.151613887355828,0,1
17984.0,84,5,1152.19,4.761115702479339,209,678,1.791759469228055,7.05028729420393,0,1
17987.0,124,5,965.4399999999999,5.886829268292683,139,490,1.791759469228055,6.873619217052455,0,1
17988.0,56,12,434.42,3.913693693693694,103,671,2.5649493574615367,6.0763110825181,1,0
17989.0,318,1,207.33,7.149310344827587,26,318,0.6931471805599453,5.339123360940291,0,1
17990.0,176,6,1527.6100000000001,26.800175438596494,40,671,1.9459101490553132,7.332114104721181,0,1
17991.0,164,3,300.3,7.902631578947369,37,531,1.3862943611198906,5.708106446136256,0,1
17992.0,328,1,252.88,4.863076923076923,49,328,0.6931471805599453,5.5368617144382695,0,1
17993.0,556,1,225.99,3.7665,60,556,0.6931471805599453,5.4249059636476105,0,1
17994.0,61,11,2270.0299999999997,7.418398692810457,227,560,2.4849066497880004,7.727988752057937,0,1
17995.0,221,3,495.48,17.08551724137931,28,326,1.3862943611198906,6.20754320070007,0,1
17996.0,319,3,482.33,7.1989552238805965,63,486,1.3862943611198906,6.180699650171005,0,1
17997.0,13,8,1962.46,11.966219512195122,133,103,2.1972245773362196,7.582463502025479,0,1
17998.0,319,3,639.24,11.021379310344829,57,677,1.3862943611198906,6.461843106058791,0,1
17999.0,305,2,338.41,4.177901234567901,77,317,1.0986122886681098,5.827208816125654,1,0
18000.0,503,1,124.25,20.708333333333332,6,503,0.6931471805599453,4.830311739964974,0,1
18001.0,26,5,759.14,6.544310344827586,108,676,1.791759469228055,6.6335026268420165,1,0
18002.0,315,4,244.37,4.610754716981132,52,671,1.6094379124341003,5.5027672754149926,0,1
18003.0,315,1,353.51,15.37,23,315,0.6931471805599453,5.870736554319034,0,1
18004.0,301,1,157.92,4.268108108108108,32,301,0.6931471805599453,5.068400930946398,0,1
18006.0,321,3,524.83,12.800731707317075,36,662,1.3862943611198906,6.264977966582951,1,0
18007.0,332,1,215.22,4.3044,46,332,0.6931471805599453,5.376296407864626,0,1
18008.0,9,23,19759.079999999998,203.70185567010307,77,642,3.1780538303479458,9.89141901987666,0,1
18009.0,174,8,2144.23,11.978938547486033,145,592,2.1972245773362196,7.671002051721035,0,1
18010.0,196,1,174.8,12.485714285714286,14,196,0.6931471805599453,5.169346985251076,0,1
18011.0,312,2,410.79,6.520476190476191,63,506,1.0986122886681098,6.020513510666006,0,1
18012.0,662,1,115.3,8.86923076923077,13,662,0.6931471805599453,4.7561730595246186,0,1
18013.0,94,2,187.29,6.041612903225806,31,94,1.0986122886681098,5.237983327508337,0,1
18016.0,13,6,1584.31,10.423092105263157,110,620,1.9459101490553132,7.3685352507836175,1,0
18017.0,20,4,688.0,172.0,1,370,1.6094379124341003,6.535241271013659,0,1
18018.0,47,4,297.99,6.7725,43,360,1.6094379124341003,5.700410128015343,0,1
18020.0,483,1,190.48000000000002,15.873333333333335,12,483,0.6931471805599453,5.254783364524308,0,1
18021.0,449,2,216.41,6.7628125,32,451,1.0986122886681098,5.381784971789299,0,1
18022.0,324,4,894.53,3.4273180076628353,203,485,1.6094379124341003,6.7974157217771465,1,0
18024.0,92,2,389.78,18.56095238095238,21,92,1.0986122886681098,5.968144741786365,0,1
18025.0,319,6,1177.72,10.515357142857143,83,558,1.9459101490553132,7.072184382934504,0,1
18026.0,440,2,2074.07,122.00411764705883,12,444,1.0986122886681098,7.637750167035548,0,1
18027.0,38,1,115.31,5.490952380952381,21,38,0.6931471805599453,4.7562590403509475,0,1
18028.0,522,1,192.05,48.0125,4,522,0.6931471805599453,5.262949222710246,0,1
18029.0,581,1,433.77,24.098333333333333,18,581,0.6931471805599453,6.0748171556265245,0,1
18031.0,318,1,451.3,7.163492063492064,49,318,0.6931471805599453,6.114345676483797,0,1
18032.0,273,1,73.5,14.7,5,273,0.6931471805599453,4.310799125385514,0,1
18033.0,4,1,93.82000000000001,2.8430303030303032,32,4,0.6931471805599453,4.551980357473973,0,1
18034.0,315,1,335.52,3.226153846153846,97,315,0.6931471805599453,5.818657582682612,1,0
18035.0,324,2,546.34,68.2925,8,324,1.0986122886681098,6.305070181538051,1,0
18036.0,44,10,1396.06,4.797457044673539,208,661,2.3978952727983707,7.24212530751148,1,0
18037.0,93,15,167.42,5.073333333333333,31,677,2.772588722239781,5.126460859601846,0,1
18038.0,495,1,141.48,5.239999999999999,25,495,0.6931471805599453,4.959201638981406,0,1
18039.0,313,4,548.22,3.469746835443038,137,580,1.6094379124341003,6.30849908983672,0,1
18040.0,185,1,239.00000000000003,19.916666666666668,12,185,0.6931471805599453,5.480638923341991,1,0
18041.0,10,35,7410.43,9.867416777629828,420,634,3.58351893845611,8.910778682127555,1,0
18042.0,481,1,116.10000000000001,12.9,9,481,0.6931471805599453,4.763028270603671,1,0
18043.0,146,2,421.59,4.533225806451613,87,306,1.0986122886681098,6.046402441863648,1,0
18044.0,27,16,2954.51,17.078092485549135,116,499,2.833213344056216,7.991426503780946,1,0
18046.0,589,1,189.63,7.293461538461538,26,589,0.6931471805599453,5.250334376525886,0,1
18047.0,320,2,326.09,3.9287951807228914,74,320,1.0986122886681098,5.7902353623864,0,1
18048.0,142,3,394.93,6.693728813559322,56,432,1.3862943611198906,5.981237427952466,0,1
18049.0,376,2,500.92,5.757701149425287,82,529,1.0986122886681098,6.218440744442368,0,1
18050.0,298,2,412.06,17.915652173913042,22,332,1.0986122886681098,6.0235928608595035,0,1
18051.0,573,7,2282.28,41.496,41,670,2.0794415416798357,7.733368284651133,0,1
18052.0,504,1,10877.18,679.82375,16,504,0.6931471805599453,9.294514227005408,0,1
18053.0,10,3,571.07,17.8459375,29,467,1.3862943611198906,6.349261361514645,0,1
18054.0,332,1,176.5,16.045454545454547,11,332,0.6931471805599453,5.178970608915471,0,1
18055.0,23,12,8287.17,19.684489311163894,280,352,2.5649493574615367,9.022584475871916,1,0
18056.0,227,2,554.6,18.486666666666668,28,558,1.0986122886681098,6.320048610880189,0,1
18057.0,332,3,1188.46,8.869104477611941,121,630,1.3862943611198906,7.081254701602981,0,1
18058.0,480,2,603.9,46.45384615384615,11,607,1.0986122886681098,6.4050631551128685,1,0
18059.0,7,1,124.08,20.68,6,7,0.6931471805599453,4.82895353258964,1,0
18060.0,347,2,1185.46,15.806133333333333,74,504,1.0986122886681098,7.078729362707452,0,1
18061.0,5,27,5991.41,49.928416666666664,30,675,3.332204510175204,8.69824894742229,1,0
18062.0,112,6,1632.67,30.23462962962963,46,537,1.9459101490553132,7.3985842966392745,0,1
18063.0,330,2,186.60000000000002,62.20000000000001,2,572,1.0986122886681098,5.234312036572124,0,1
18064.0,72,11,4481.83,70.02859375,53,615,2.4849066497880004,8.408009822401398,0,1
18065.0,26,26,5422.99,18.895435540069684,179,669,3.295836866004329,8.598586985960715,1,0
18066.0,14,3,1440.4,27.17735849056604,37,355,1.3862943611198906,7.27337014249034,0,1
18068.0,228,1,101.7,101.7,1,228,0.6931471805599453,4.631812116934513,0,1
18069.0,27,10,4216.85,4.759424379232506,570,588,2.3978952727983707,8.347080798528713,1,0
18070.0,608,1,314.1,34.900000000000006,9,608,0.6931471805599453,5.752890048763229,0,1
18071.0,197,6,1169.68,16.474366197183098,52,674,1.9459101490553132,7.065340055543678,0,1
18072.0,125,1,247.44,13.746666666666666,18,125,0.6931471805599453,5.515201367691102,0,1
18073.0,53,12,3859.82,53.60861111111112,23,136,2.5649493574615367,8.258634875130868,0,1
18074.0,313,2,1019.44,23.707906976744187,37,445,1.0986122886681098,6.9279891858129465,0,1
18075.0,45,18,5129.29,17.810034722222223,163,438,2.9444389791664403,8.542917466781468,1,0
18076.0,319,1,151.49,18.93625,8,319,0.6931471805599453,5.027099020126921,0,1
18077.0,43,14,3116.7200000000003,11.131142857142859,122,672,2.70805020110221,8.044857244430771,1,0
18078.0,156,4,725.53,9.93876712328767,65,567,1.6094379124341003,6.588279776032511,0,1
18079.0,66,3,2796.96,34.10926829268293,67,431,1.3862943611198906,7.9366458591975775,1,0
18080.0,182,1,841.4999999999999,841.4999999999999,1,182,0.6931471805599453,6.736373662226517,1,0
18081.0,52,2,208.05,20.805,7,73,1.0986122886681098,5.342573457802574,1,0
18083.0,337,1,463.53,11.588249999999999,36,337,0.6931471805599453,6.141026141744223,0,1
18084.0,322,2,704.75,117.45833333333333,6,328,1.0986122886681098,6.5592610671335985,1,0
18085.0,269,4,1341.8500000000001,21.642741935483873,42,568,1.6094379124341003,7.202549500039699,0,1
18086.0,213,1,101.34,14.477142857142857,7,213,0.6931471805599453,4.628300603376946,0,1
18087.0,37,17,14761.52,167.74454545454546,44,678,2.8903717578961645,9.599846815288782,0,1
18088.0,0,1,166.03,4.487297297297298,35,0,0.6931471805599453,5.118173437001857,0,1
18089.0,386,1,428.45,42.845,9,386,0.6931471805599453,6.062505320212233,0,1
18090.0,361,1,321.9,5.96111111111111,47,361,0.6931471805599453,5.77734267776423,0,1
18091.0,532,1,360.85,14.434000000000001,25,532,0.6931471805599453,5.891229761312137,0,1
18092.0,26,16,12780.98,107.40319327731092,38,675,2.833213344056216,9.455791645508643,1,0
18093.0,32,8,4452.71,72.99524590163935,43,558,2.1972245773362196,8.401492735684092,0,1
18094.0,21,13,6391.52,50.72634920634921,55,641,2.6390573296152584,8.762883835826853,0,1
18095.0,252,5,2303.09,47.98104166666667,37,538,1.791759469228055,7.742441083552863,0,1
18096.0,3,4,951.52,3.9646666666666666,191,452,1.6094379124341003,6.859111104155742,1,0
18097.0,66,10,3951.7200000000003,29.71218045112782,77,662,2.3978952727983707,8.28215922850868,1,0
18098.0,335,1,527.94,6.138837209302326,85,335,0.6931471805599453,6.270875003875495,0,1
18099.0,66,1,168.31,8.858421052631579,19,66,0.6931471805599453,5.131731354140141,0,1
18100.0,489,1,451.56,15.052,30,489,0.6931471805599453,6.1149203510349,0,1
18101.0,82,4,509.84000000000003,6.217560975609756,72,613,1.6094379124341003,6.236056429628062,1,0
18102.0,5,133,524476.6,555.001693121693,369,678,4.897839799950911,13.17015799856618,1,0
18103.0,488,1,105.8,10.58,10,488,0.6931471805599453,4.6709579265260945,0,1
18106.0,269,6,1441.06,7.5448167539267015,126,633,1.9459101490553132,7.273827925855829,0,1
18107.0,381,1,165.88,4.365263157894737,38,381,0.6931471805599453,5.117274991252462,0,1
18108.0,193,3,848.8100000000001,18.059787234042556,43,677,1.3862943611198906,6.745012795086175,0,1
18109.0,3,32,7086.66,12.70010752688172,203,466,3.4965075614664802,8.866110522737106,1,0
18110.0,350,1,193.48000000000002,5.5280000000000005,29,350,0.6931471805599453,5.270329330007868,1,0
18111.0,528,1,405.85,15.031481481481482,27,528,0.6931471805599453,6.008444567142666,0,1
18112.0,105,3,617.31,12.860624999999999,46,491,1.3862943611198906,6.426989949812354,1,0
18113.0,308,1,76.32000000000001,76.32000000000001,1,308,0.6931471805599453,4.34795265434013,0,1
18114.0,229,1,220.1,7.860714285714286,28,229,0.6931471805599453,5.3986150878634005,0,1
18115.0,637,1,9.700000000000001,3.233333333333334,3,637,0.6931471805599453,2.3702437414678608,0,1
18116.0,7,13,2134.4900000000002,3.784556737588653,311,350,2.6390573296152584,7.666451407526469,0,1
18118.0,17,23,5012.52,4.443723404255319,400,320,3.1780538303479458,8.519893542185105,1,0
18119.0,307,1,180.7,6.23103448275862,29,307,0.6931471805599453,5.202356975402125,0,1
18120.0,153,1,111.15,6.538235294117648,17,153,0.6931471805599453,4.719837260966218,0,1
18121.0,88,2,653.3000000000001,21.0741935483871,28,94,1.0986122886681098,6.483565961875693,0,1
18122.0,24,2,321.13,5.01765625,56,90,1.0986122886681098,5.774955190776784,1,0
18123.0,453,1,92.2,4.190909090909091,22,453,0.6931471805599453,4.534747721691546,1,0
18124.0,411,1,102.65,5.1325,20,411,0.6931471805599453,4.641019838881789,0,1
18125.0,141,3,933.9,5.558928571428571,146,255,1.3862943611198906,6.84043957169727,1,0
18126.0,0,1,200.92,3.8638461538461537,52,0,0.6931471805599453,5.307871579352848,0,1
18127.0,73,2,348.65000000000003,12.02241379310345,25,342,1.0986122886681098,5.856932654149876,1,0
18128.0,476,1,399.29,9.506904761904762,42,476,0.6931471805599453,5.992189284422439,0,1
18129.0,182,1,112.55000000000001,8.039285714285715,13,182,0.6931471805599453,4.732243268551567,0,1
18131.0,571,1,222.95999999999998,55.739999999999995,4,571,0.6931471805599453,5.411467464480692,0,1
18132.0,443,1,220.13,3.5504838709677418,60,443,0.6931471805599453,5.398750763869307,0,1
18133.0,151,1,931.5,931.5,1,151,0.6931471805599453,6.837869151517971,0,1
18134.0,537,2,445.0,15.892857142857142,27,634,1.0986122886681098,6.100318952020064,0,1
18135.0,19,7,801.1800000000001,25.84451612903226,22,573,2.0794415416798357,6.687333021586615,1,0
18136.0,2,5,1631.3600000000001,18.53818181818182,77,390,1.791759469228055,7.397782099433339,0,1
18137.0,490,2,145.99,5.034137931034483,26,490,1.0986122886681098,4.990364557253896,0,1
18138.0,234,1,152.65,19.08125,8,234,0.6931471805599453,5.034677288576494,0,1
18140.0,413,1,536.41,9.933518518518518,49,413,0.6931471805599453,6.286761304121399,0,1
18141.0,341,2,882.47,21.011190476190478,38,528,1.0986122886681098,6.783857335325853,0,1
18142.0,96,2,1019.52,67.968,9,155,1.0986122886681098,6.928067580294015,0,1
18143.0,56,2,1000.16,16.396065573770493,59,81,1.0986122886681098,6.908914606701983,0,1
18144.0,17,17,4345.95,55.71730769230769,51,662,2.8903717578961645,8.377229728737227,1,0
18145.0,27,10,4851.44,15.160749999999998,194,671,2.3978952727983707,8.487236950206288,1,0
18146.0,80,2,160.35,16.035,10,159,1.0986122886681098,5.083575918497971,0,1
18147.0,48,1,98.88,24.72,4,48,0.6931471805599453,4.603969465411573,1,0
18148.0,586,1,112.85000000000001,11.285,9,586,0.6931471805599453,4.734881792509749,0,1
18149.0,155,6,1491.56,16.759101123595507,54,575,1.9459101490553132,7.308248045463744,1,0
18150.0,79,2,413.28,15.895384615384614,22,141,1.0986122886681098,6.026542073720678,1,0
18151.0,74,6,1879.44,17.730566037735848,99,585,1.9459101490553132,7.539261070993501,0,1
18152.0,585,1,426.69,42.669,10,585,0.6931471805599453,6.058398634085082,0,1
18153.0,598,1,246.22,14.483529411764707,17,598,0.6931471805599453,5.510278628459677,0,1
18154.0,328,3,533.41,20.51576923076923,22,430,1.3862943611198906,6.281163334622208,1,0
18155.0,14,3,371.62,14.8648,19,231,1.3862943611198906,5.920559133592207,0,1
18156.0,309,1,186.88,3.7376,50,309,0.6931471805599453,5.2358034611587945,1,0
18157.0,510,1,213.9,8.556000000000001,25,510,0.6931471805599453,5.370172803648464,0,1
18158.0,28,1,343.8,14.325000000000001,24,28,0.6931471805599453,5.842964538789538,1,0
18159.0,240,1,530.15,23.05,23,240,0.6931471805599453,6.275044467226023,0,1
18160.0,139,2,684.37,15.208222222222222,41,325,1.0986122886681098,6.529958838421293,1,0
18161.0,4,5,1341.1,19.43623188405797,44,318,1.791759469228055,7.20199083040376,1,0
18162.0,671,1,371.51,8.076304347826087,45,671,0.6931471805599453,5.920263883096861,0,1
18163.0,523,1,728.84,22.086060606060606,33,523,0.6931471805599453,6.5928253320372185,0,1
18165.0,116,1,302.46,30.246,10,116,0.6931471805599453,5.715249806097095,0,1
18166.0,563,1,175.5,17.55,10,563,0.6931471805599453,5.173320876373351,0,1
18167.0,45,1,498.48,38.34461538461539,13,45,0.6931471805599453,6.213567557246944,1,0
18168.0,115,16,3435.5,9.46418732782369,209,675,2.833213344056216,8.14220879056166,0,1
18169.0,0,1,202.65,22.516666666666666,9,0,0.6931471805599453,5.316402834094422,0,1
18170.0,51,8,2553.2000000000003,21.637288135593224,58,639,2.1972245773362196,7.845494342062162,1,0
18171.0,38,8,2200.31,26.509759036144576,68,643,2.1972245773362196,7.696807916679148,1,0
18172.0,17,46,16279.0,36.747178329571106,173,668,3.8501476017100584,9.697692639556532,1,0
18173.0,26,5,2696.36,59.919111111111114,34,552,1.791759469228055,7.9000287958781215,0,1
18174.0,543,1,58.5,58.5,1,543,0.6931471805599453,4.085976312551584,1,0
18175.0,615,1,176.10000000000002,25.157142857142862,7,615,0.6931471805599453,5.176714544788788,0,1
18176.0,297,1,476.35,15.878333333333334,30,297,0.6931471805599453,6.168249974444042,0,1
18177.0,97,8,1912.72,22.50258823529412,58,663,2.1972245773362196,7.556804270820284,1,0
18178.0,68,11,6103.74,17.43925714285714,204,598,2.4849066497880004,8.71682079759532,0,1
18179.0,191,6,1857.54,25.445753424657532,70,602,1.9459101490553132,7.527546512239083,1,0
18180.0,20,4,1206.3600000000001,16.525479452054796,70,82,1.6094379124341003,7.096191436775945,1,0
18181.0,339,4,821.49,5.996277372262774,119,674,1.6094379124341003,6.712336324510906,1,0
18182.0,402,1,291.13,29.113,10,402,0.6931471805599453,5.677198908673179,0,1
18183.0,166,2,632.07,17.082972972972975,36,214,1.0986122886681098,6.450581000548326,0,1
18185.0,188,1,304.25,17.897058823529413,17,188,0.6931471805599453,5.721131112990814,0,1
18186.0,662,1,329.58000000000004,29.961818181818185,11,662,0.6931471805599453,5.800848687489207,0,1
18187.0,571,1,724.89,15.101875,48,571,0.6931471805599453,6.587398488193701,0,1
18188.0,16,5,2887.83,24.06525,95,563,1.791759469228055,7.968606854844246,1,0
18189.0,17,3,1403.73,16.322441860465116,79,565,1.3862943611198906,7.2476003924821635,0,1
18190.0,131,5,745.62,17.752857142857142,34,657,1.791759469228055,6.6155563542277696,0,1
18191.0,201,2,529.4,35.29333333333333,15,416,1.0986122886681098,6.273631438871653,0,1
18192.0,11,1,957.97,21.288222222222224,45,11,0.6931471805599453,6.865859791808101,0,1
18193.0,104,3,1207.3500000000001,17.247857142857146,66,381,1.3862943611198906,7.09701107162899,0,1
18194.0,21,6,4162.04,148.6442857142857,23,619,1.9459101490553132,8.334000855604256,0,1
18195.0,326,1,101.16,20.232,5,326,0.6931471805599453,4.626540211724284,0,1
18196.0,34,4,1457.19,5.260613718411553,210,571,1.6094379124341003,7.2849512195789625,0,1
18197.0,515,1,230.1,25.566666666666666,9,515,0.6931471805599453,5.442850517280335,0,1
18198.0,11,15,4804.030000000001,35.323750000000004,78,275,2.772588722239781,8.47741856488126,1,0
18199.0,623,1,344.75,17.2375,20,623,0.6931471805599453,5.845715970544868,0,1
18200.0,45,1,150.35,5.011666666666667,29,45,0.6931471805599453,5.019595035467727,0,1
18201.0,662,1,447.53000000000003,16.575185185185187,27,662,0.6931471805599453,6.105975568893946,0,1
18202.0,139,3,1396.99,20.543970588235293,55,250,1.3862943611198906,7.242790769692349,0,1
18203.0,96,4,492.52,8.34779661016949,40,670,1.6094379124341003,6.201563384901383,0,1
18204.0,10,3,1975.3500000000001,10.28828125,159,131,1.3862943611198906,7.589006988129015,0,1
18205.0,14,1,225.76,15.050666666666666,15,14,0.6931471805599453,5.423892189456103,1,0
18206.0,492,1,314.65999999999997,16.561052631578946,19,492,0.6931471805599453,5.754665684970771,0,1
18207.0,438,1,544.47,17.563548387096777,31,438,0.6931471805599453,6.301647808343773,0,1
18208.0,505,1,360.08,21.181176470588234,17,505,0.6931471805599453,5.889099540429954,0,1
18210.0,206,2,289.85,19.323333333333334,14,322,1.0986122886681098,5.672807670356771,1,0
18211.0,25,3,420.2,19.099999999999998,20,218,1.3862943611198906,6.04310778025982,1,0
18212.0,265,2,514.37,11.18195652173913,40,616,1.0986122886681098,6.244885089306464,0,1
18213.0,176,1,232.48000000000002,15.498666666666669,15,176,0.6931471805599453,5.453096420335591,0,1
18214.0,470,4,1780.34,30.69551724137931,38,493,1.6094379124341003,7.485121169056339,0,1
18215.0,28,5,2232.4900000000002,25.084157303370787,53,562,1.791759469228055,7.711320663504336,0,1
18217.0,10,3,641.19,22.899642857142858,25,465,1.3862943611198906,6.464884210061116,1,0
18218.0,150,4,1121.84,29.522105263157894,25,599,1.6094379124341003,7.023616469075821,0,1
18219.0,88,15,2650.06,16.987564102564104,78,671,2.772588722239781,7.882714839001594,1,0
18220.0,166,6,1921.76,76.8704,17,664,1.9459101490553132,7.561516932807789,0,1
18221.0,3,5,1261.99,17.287534246575344,65,329,1.791759469228055,7.141237204662772,1,0
18222.0,32,1,443.0,23.31578947368421,19,32,0.6931471805599453,6.095824562432225,0,1
18223.0,4,24,12033.08,23.22988416988417,179,675,3.2188758248682006,9.395497903589346,1,0
18224.0,203,1,158.95000000000002,15.895000000000001,10,203,0.6931471805599453,5.074861266395527,0,1
18225.0,23,22,11428.8,23.32408163265306,237,674,3.1354942159291497,9.343979258822994,1,0
18226.0,21,25,11386.38,23.049352226720647,276,584,3.258096538021482,9.340261003642217,1,0
18227.0,157,2,388.75,64.79166666666667,6,423,1.0986122886681098,5.965505507937886,0,1
18228.0,19,1,420.39,21.0195,20,19,0.6931471805599453,6.043558770666116,1,0
18229.0,10,24,8726.47,51.9432738095238,65,675,3.2188758248682006,9.074230801562798,1,0
18230.0,33,7,3627.2200000000003,29.48959349593496,42,465,2.0794415416798357,8.196497448867312,1,0
18231.0,131,28,6854.17,17.896005221932114,218,638,3.367295829986474,8.832758391105399,0,1
18232.0,21,4,592.97,16.026216216216216,31,136,1.6094379124341003,6.386828813036717,0,1
18233.0,265,1,440.0,440.0,1,265,0.6931471805599453,6.089044875446846,0,1
18234.0,491,1,179.6,5.986666666666666,30,491,0.6931471805599453,5.196284640982885,0,1
18235.0,11,3,1796.48,17.273846153846154,100,156,1.3862943611198906,7.494140962968628,0,1
18236.0,19,11,1686.8500000000001,18.335326086956524,75,542,2.4849066497880004,7.431210808648149,1,0
18237.0,4,4,861.35,16.25188679245283,39,73,1.6094379124341003,6.75966122073741,1,0
18238.0,454,1,270.92,19.351428571428574,14,454,0.6931471805599453,5.605507905387861,0,1
18239.0,158,6,1712.26,17.836041666666667,85,362,1.9459101490553132,7.446153267308668,0,1
18241.0,13,17,2557.82,18.140567375886526,94,557,2.8903717578961645,7.8473014937092636,1,0
18242.0,11,8,3605.21,25.7515,113,637,2.1972245773362196,8.190412638340476,0,1
18243.0,353,1,515.78,19.837692307692308,26,353,0.6931471805599453,6.247617252029137,0,1
18244.0,370,2,568.64,29.928421052631577,19,442,1.0986122886681098,6.345004582351227,0,1
18245.0,88,19,5430.7300000000005,13.47575682382134,291,580,2.995732273553991,8.600012962553985,1,0
18246.0,172,2,395.62,131.87333333333333,2,549,1.0986122886681098,5.982978643457684,1,0
18247.0,354,3,839.73,22.695405405405406,28,570,1.3862943611198906,6.7342705620531635,0,1
18248.0,62,2,804.02,17.1068085106383,39,125,1.0986122886681098,6.690867121830435,0,1
18250.0,249,1,349.27,16.63190476190476,21,249,0.6931471805599453,5.858704285656805,0,1
18251.0,26,9,26278.86,243.3227777777778,87,657,2.302585092994046,10.176558145339303,0,1
18252.0,111,6,1085.32,25.24,38,660,1.9459101490553132,6.990551116390539,1,0
18253.0,582,1,317.88,45.41142857142857,7,582,0.6931471805599453,5.7648148564644845,0,1
18254.0,520,1,267.9,16.74375,16,520,0.6931471805599453,5.5943395632748185,0,1
18255.0,28,2,303.15,15.955263157894736,16,395,1.0986122886681098,5.717521000766714,0,1
18256.0,327,1,110.69999999999999,11.069999999999999,10,327,0.6931471805599453,4.715816706075155,0,1
18257.0,6,11,4357.77,16.506704545454546,213,598,2.4849066497880004,8.379945186450799,1,0
18258.0,403,6,2059.67,41.193400000000004,30,512,1.9459101490553132,7.630786451622126,0,1
18259.0,24,6,2871.5,40.443661971830984,49,671,1.9459101490553132,7.962938009722911,1,0
18260.0,112,23,9947.26,24.261609756097563,212,663,3.1780538303479458,9.205152940488473,0,1
18261.0,35,1,224.8,14.986666666666668,15,35,0.6931471805599453,5.419649651715562,1,0
18262.0,79,3,577.54,13.75095238095238,40,542,1.3862943611198906,6.360507688582179,0,1
18263.0,95,2,811.4,18.03111111111111,45,192,1.0986122886681098,6.69999282970623,1,0
18264.0,438,1,603.25,16.756944444444443,36,438,0.6931471805599453,6.4039880195835925,0,1
18265.0,11,2,801.51,17.424130434782608,44,97,1.0986122886681098,6.687744315985722,0,1
18266.0,373,1,251.1,17.935714285714287,14,373,0.6931471805599453,5.529825834193874,0,1
18267.0,612,1,269.37,15.84529411764706,17,612,0.6931471805599453,5.599791391268202,0,1
18268.0,73,6,1490.23,22.24223880597015,36,668,1.9459101490553132,7.307356561754713,0,1
18269.0,305,1,168.60000000000002,24.08571428571429,7,305,0.6931471805599453,5.133442723357803,0,1
18270.0,206,2,273.35,24.85,11,372,1.0986122886681098,5.614404663504985,1,0
18271.0,549,2,680.85,32.42142857142857,19,671,1.0986122886681098,6.524809692303843,0,1
18272.0,53,7,3413.85,19.619827586206895,123,584,2.0794415416798357,8.13588884717491,1,0
18273.0,35,3,306.0,102.0,1,530,1.3862943611198906,5.726847747587197,1,0
18275.0,517,2,741.85,39.044736842105266,19,670,1.0986122886681098,6.610494140083362,0,1
18276.0,332,5,1320.66,16.50825,69,668,1.791759469228055,7.186643801251925,1,0
18277.0,336,4,1069.67,19.10125,48,434,1.6094379124341003,6.976039899718727,1,0
18278.0,13,2,414.20000000000005,17.258333333333336,22,344,1.0986122886681098,6.028760331851679,0,1
18279.0,458,1,231.34,17.795384615384616,13,458,0.6931471805599453,5.448201816085329,0,1
18280.0,217,2,488.15000000000003,16.27166666666667,28,333,1.0986122886681098,6.1926691909034375,0,1
18281.0,120,2,201.14,11.831764705882351,17,517,1.0986122886681098,5.3089605266465165,0,1
18282.0,65,1,100.21000000000001,14.315714285714288,7,65,0.6931471805599453,4.61719756620081,1,0
18283.0,35,16,1706.2,2.6617784711388457,285,597,2.833213344056216,7.442609880547489,1,0
18284.0,371,1,461.68,16.48857142857143,28,371,0.6931471805599453,6.137035670427201,0,1
18285.0,600,1,427.0,35.583333333333336,12,600,0.6931471805599453,6.059123195581797,0,1
18286.0,416,2,1296.43,19.349701492537314,67,663,1.0986122886681098,7.168140663681035,0,1
18287.0,141,5,3110.9900000000002,27.289385964912285,93,511,1.791759469228055,8.04301767192551,1,0
