Customer ID,Recency,Frequency,Monetary,Frequency_log,Monetary_log,AvgOrderValue,UniqueProducts,PurchaseDays,Country,IsUK,Cluster,Segment
12346.0,326,12,77556.46,2.5649493574615367,11.258774359980723,2281.0723529411766,27,8,United Kingdom,1,2,Best Customers
12347.0,2,8,4921.53,2.19722457733622,8.501577904958904,22.16905405405405,126,8,Iceland,0,3,Regular
12348.0,75,5,2019.4,1.791759469228055,7.6110507905938976,39.59607843137255,25,5,Finland,0,3,Regular
12349.0,19,4,4428.6900000000005,1.6094379124341005,8.396084883164011,25.306800000000003,138,4,Italy,0,3,Regular
12350.0,310,1,334.40000000000003,0.6931471805599453,5.815323849389109,19.67058823529412,17,1,Norway,0,1,Lapsed
12351.0,375,1,300.93,0.6931471805599453,5.710195202428391,14.33,21,1,Unspecified,0,1,Lapsed
12352.0,36,10,2849.84,2.3978952727983707,7.955368966678431,27.668349514563108,70,9,Norway,0,3,Regular
12353.0,204,2,406.76,1.0986122886681098,6.010678766031786,16.948333333333334,23,2,Bahrain,0,0,New / Low Engagement
12354.0,232,1,1079.4,0.6931471805599453,6.985086621918461,18.610344827586207,58,1,Spain,0,0,New / Low Engagement
12355.0,214,2,947.61,1.0986122886681098,6.854997755239065,27.074571428571428,35,2,Bahrain,0,0,New / Low Engagement
12356.0,23,6,6371.7300000000005,1.9459101490553128,8.759783228184277,44.87133802816902,104,6,Portugal,0,3,Regular
12357.0,33,3,18287.66,1.3862943611198906,9.814036474622236,61.78263513513514,261,2,Switzerland,0,3,Regular
12358.0,2,5,3887.07,1.791759469228055,8.265668169533484,50.48142857142857,56,5,Austria,0,3,Regular
12359.0,58,10,8873.39,2.3978952727983707,9.090924879587073,24.5121270718232,305,10,Cyprus,0,2,Best Customers
12360.0,52,8,4252.89,2.19722457733622,8.355589137409874,19.59857142857143,160,8,Austria,0,3,Regular
12361.0,287,4,511.25,1.6094379124341005,6.238812787119009,17.629310344827587,18,4,Belgium,0,0,New / Low Engagement
12362.0,3,11,5356.2300000000005,2.4849066497880004,8.586202329437555,20.06078651685393,201,11,Belgium,0,2,Best Customers
12363.0,110,2,552.0,1.0986122886681098,6.315358001522335,24.0,23,2,Unspecified,0,0,New / Low Engagement
12364.0,8,4,1313.1,1.6094379124341005,7.180907299649593,15.448235294117646,70,4,Belgium,0,3,Regular
12365.0,291,2,641.38,1.0986122886681098,6.465180028897591,29.15363636363636,22,1,Cyprus,0,0,New / Low Engagement
12366.0,634,1,500.24,0.6931471805599453,6.217085028297085,166.74666666666667,3,1,Cyprus,0,1,Lapsed
12367.0,4,1,168.9,0.6931471805599453,5.135210028677887,15.354545454545455,11,1,Denmark,0,0,New / Low Engagement
12368.0,628,1,917.7,0.6931471805599453,6.822959627277421,50.98333333333333,18,1,Cyprus,0,1,Lapsed
12369.0,413,3,1791.15,1.3862943611198906,7.491171295388921,19.25967741935484,90,3,Austria,0,1,Lapsed
12370.0,51,7,4316.56,2.079441541679836,8.370445706855367,21.47542288557214,168,6,Cyprus,0,3,Regular
12371.0,45,5,4067.38,1.791759469228055,8.31100016480189,24.35556886227545,134,4,Switzerland,0,3,Regular
12372.0,72,3,1298.04,1.3862943611198906,7.169380809114136,24.962307692307693,34,3,Denmark,0,3,Regular
12373.0,311,3,1127.65,1.3862943611198906,7.028777507229587,22.11078431372549,36,3,Austria,0,3,Regular
12374.0,25,4,2989.2200000000003,1.6094379124341005,8.003102242273277,36.01469879518073,79,3,Austria,0,3,Regular
12375.0,11,2,457.5,1.0986122886681098,6.127960291696519,26.91176470588235,14,2,Finland,0,0,New / Low Engagement
12376.0,390,2,503.15,1.0986122886681098,6.222873842839224,38.70384615384615,11,2,Switzerland,0,1,Lapsed
12377.0,315,4,3426.32,1.6094379124341005,8.139533893646055,22.54157894736842,129,4,Switzerland,0,3,Regular
12378.0,130,2,5416.32,1.0986122886681098,8.597356507200939,17.994418604651162,281,2,Switzerland,0,3,Regular
12379.0,82,4,1620.22,1.6094379124341005,7.390934231218893,20.00271604938272,58,4,Belgium,0,3,Regular
12380.0,22,11,9676.3,2.4849066497880004,9.177538215743802,34.93249097472925,156,8,Belgium,0,2,Best Customers
12381.0,5,5,1845.31,1.791759469228055,7.520944331624911,21.21045977011494,70,5,Norway,0,3,Regular
12383.0,185,5,1850.56,1.791759469228055,7.523783805985769,18.69252525252525,84,5,Belgium,0,3,Regular
12384.0,29,2,585.27,1.0986122886681098,6.373780434317173,21.676666666666662,26,2,Switzerland,0,0,New / Low Engagement
12385.0,379,1,1938.4,0.6931471805599453,7.570133925870446,29.821538461538463,65,1,Belgium,0,1,Lapsed
12386.0,338,2,401.9,1.0986122886681098,5.998688392197302,40.19,10,2,Australia,0,1,Lapsed
12387.0,415,1,143.94,0.6931471805599453,4.976319863681136,15.993333333333332,9,1,Australia,0,1,Lapsed
12388.0,16,8,3901.11,2.19722457733622,8.269272711457157,26.71993150684932,83,8,Australia,0,3,Regular
12389.0,403,3,1433.33,1.3862943611198906,7.268453120207762,29.251632653061225,41,3,Australia,0,1,Lapsed
12390.0,80,1,549.84,0.6931471805599453,6.311444385858925,17.1825,32,1,Belgium,0,0,New / Low Engagement
12391.0,22,6,2724.84,1.9459101490553128,7.910531916476688,10.205393258426966,241,5,Cyprus,0,3,Regular
12392.0,591,1,234.75000000000003,0.6931471805599453,5.462771921513567,33.53571428571429,7,1,Australia,0,1,Lapsed
12393.0,72,6,2399.45,1.9459101490553128,7.783411498760109,22.424766355140186,63,6,Australia,0,3,Regular
12394.0,64,2,1272.48,1.0986122886681098,7.149508589545504,47.12888888888889,26,2,Belgium,0,0,New / Low Engagement
12395.0,19,15,4721.17,2.772588722239781,8.46002371869161,19.50896694214876,145,14,Belgium,0,2,Best Customers
12396.0,674,1,931.43,0.6931471805599453,6.837794081676172,14.329692307692309,65,1,RSA,0,1,Lapsed
12397.0,36,2,2409.9,1.0986122886681098,7.7877554007552545,19.12619047619048,110,2,Belgium,0,3,Regular
12398.0,46,1,1635.66,0.6931471805599453,7.400412858792404,19.24305882352941,85,1,Switzerland,0,0,New / Low Engagement
12399.0,119,7,1962.3,2.079441541679836,7.582382009904704,17.83909090909091,67,7,Belgium,0,3,Regular
12400.0,414,1,205.25,0.6931471805599453,5.32908902521479,18.65909090909091,11,1,Australia,0,1,Lapsed
12401.0,303,1,84.3,0.6931471805599453,4.446174454497633,16.86,5,1,Belgium,0,1,Lapsed
12402.0,323,6,1256.9,1.9459101490553128,7.137198942844827,17.955714285714286,43,6,Belgium,0,3,Regular
12403.0,50,2,1019.36,1.0986122886681098,6.927910785185701,113.26222222222222,5,2,Denmark,0,0,New / Low Engagement
12404.0,682,1,63.24,0.6931471805599453,4.162626069638506,63.24,1,1,Finland,0,1,Lapsed
12405.0,149,1,1710.39,0.6931471805599453,7.445061184797548,31.67388888888889,54,1,Finland,0,0,New / Low Engagement
12406.0,22,5,6390.36,1.791759469228055,8.762702357276806,38.49614457831325,114,5,Denmark,0,3,Regular
12407.0,50,5,1708.12,1.791759469228055,7.443733897151405,22.18337662337662,57,5,Belgium,0,3,Regular
12408.0,33,8,4340.77,2.19722457733622,8.37603737805411,27.30044025157233,104,7,Belgium,0,3,Regular
12409.0,79,7,23419.29,2.079441541679836,10.061358019654037,88.70943181818183,177,7,Switzerland,0,2,Best Customers
12410.0,309,3,1013.71,1.3862943611198906,6.9223581363660704,25.34275,36,2,Switzerland,0,3,Regular
12411.0,410,1,346.9,0.6931471805599453,5.8519150821578965,15.768181818181818,22,1,Australia,0,1,Lapsed
12412.0,75,6,2596.93,1.9459101490553128,7.862470253064629,20.448267716535437,82,6,Denmark,0,3,Regular
12413.0,67,4,999.45,1.6094379124341005,6.908205177762502,19.59705882352941,41,4,France,0,3,Regular
12414.0,217,6,952.41,1.9459101490553128,6.860045031492727,34.01464285714286,21,4,Austria,0,3,Regular
12415.0,24,28,144458.37,3.367295829986474,11.88075357052652,156.00255939524837,498,23,Australia,0,2,Best Customers
12416.0,657,1,202.56,0.6931471805599453,5.315960801720632,18.41454545454545,11,1,Australia,0,1,Lapsed
12417.0,3,20,6797.41,3.044522437723423,8.824444040293804,18.42116531165312,270,20,Belgium,0,2,Best Customers
12418.0,113,4,2021.2,1.6094379124341005,7.611941306657298,19.815686274509805,90,4,Switzerland,0,3,Regular
12419.0,386,2,503.01,1.0986122886681098,6.222596109144375,20.1204,23,2,Spain,0,1,Lapsed
12420.0,64,1,600.39,0.6931471805599453,6.3992436425478765,20.70310344827586,29,1,Cyprus,0,0,New / Low Engagement
12421.0,16,6,1098.6,1.9459101490553128,7.00270175629109,16.90153846153846,44,6,Spain,0,3,Regular
12422.0,96,17,5231.8,2.8903717578961645,8.562701786647002,30.41744186046512,137,14,Switzerland,0,2,Best Customers
12423.0,1,10,2622.39,2.3978952727983707,7.872222653526559,15.893272727272729,128,10,Belgium,0,3,Regular
12424.0,163,4,3340.03,1.6094379124341005,8.114034421663943,36.30467391304347,78,3,Australia,0,3,Regular
12425.0,78,2,1741.41,1.0986122886681098,7.463024491372511,19.136373626373626,87,2,Portugal,0,3,Regular
12426.0,195,2,1345.21,1.0986122886681098,7.205048515865767,17.470259740259742,73,2,Germany,0,0,New / Low Engagement
12427.0,22,3,825.8000000000001,1.3862943611198906,6.717562827807614,26.63870967741936,26,3,Germany,0,0,New / Low Engagement
12428.0,26,9,7956.46,2.302585092994046,8.981865132439246,27.062789115646257,258,7,Finland,0,2,Best Customers
12429.0,9,8,6204.41,2.19722457733622,8.733176771201169,40.55169934640523,124,6,Denmark,0,2,Best Customers
12430.0,43,1,256.4,0.6931471805599453,5.5506312951620265,23.30909090909091,11,1,Norway,0,0,New / Low Engagement
12431.0,36,27,10432.22,3.332204510175204,9.252750225181329,26.74928205128205,244,24,Australia,0,2,Best Customers
12432.0,43,5,5059.32,1.791759469228055,8.529185001388596,46.84555555555556,107,3,Norway,0,3,Regular
12433.0,1,10,16794.14,2.3978952727983707,9.72884483782588,30.04318425760286,285,9,Norway,0,2,Best Customers
12434.0,85,3,1103.43,1.3862943611198906,7.007084643758051,15.763285714285717,62,3,Australia,0,3,Regular
12435.0,80,6,13925.93,1.9459101490553128,9.541579654832375,124.33866071428572,88,6,Denmark,0,2,Best Customers
12436.0,100,1,509.01,0.6931471805599453,6.234430333369278,31.813125,16,1,Norway,0,0,New / Low Engagement
12437.0,2,39,12683.4,3.688879454113936,9.44812817095412,22.52824156305506,273,34,France,0,2,Best Customers
12438.0,14,2,2906.85,1.0986122886681098,7.975169255479829,29.66173469387755,84,2,Norway,0,3,Regular
12439.0,683,2,1142.88,1.0986122886681098,7.042181271332972,16.096901408450705,69,2,Cyprus,0,1,Lapsed
12440.0,462,2,859.2,1.0986122886681098,6.757164920349636,26.85,21,2,Austria,0,1,Lapsed
12441.0,367,1,173.55,0.6931471805599453,5.162211233551045,15.77727272727273,11,1,France,0,1,Lapsed
12442.0,3,1,172.06,0.6931471805599453,5.153638355178593,14.338333333333331,12,1,Spain,0,0,New / Low Engagement
12443.0,732,1,485.31,0.6931471805599453,6.186846280636522,23.11,21,1,Norway,0,1,Lapsed
12444.0,21,5,5005.46,1.791759469228055,8.518484357502437,28.44011363636364,138,5,Norway,0,3,Regular
12445.0,22,2,434.98,1.0986122886681098,6.077596370737269,18.124166666666667,24,2,Spain,0,0,New / Low Engagement
12446.0,58,1,1002.31,0.6931471805599453,6.9110598129904375,17.584385964912283,57,1,RSA,0,0,New / Low Engagement
12447.0,243,1,476.49,0.6931471805599453,6.168543217293113,18.326538461538465,26,1,Belgium,0,0,New / Low Engagement
12448.0,44,1,449.45,0.6931471805599453,6.110247083097449,20.42954545454545,22,1,Spain,0,0,New / Low Engagement
12449.0,22,6,4835.89,1.9459101490553128,8.484027231195778,24.05915422885572,125,6,Belgium,0,3,Regular
12450.0,156,5,688.2,1.791759469228055,6.535531504653775,18.6,31,5,Spain,0,3,Regular
12451.0,11,8,12669.88,2.19722457733622,9.44706172630974,24.794285714285717,352,7,Switzerland,0,2,Best Customers
12452.0,17,2,430.5700000000001,1.0986122886681098,6.067429722163682,19.57136363636364,21,1,Switzerland,0,0,New / Low Engagement
12453.0,134,1,707.09,0.6931471805599453,6.562571204258897,16.443953488372095,43,1,Austria,0,0,New / Low Engagement
12454.0,56,5,16679.78,1.791759469228055,9.72201243740933,416.9945,24,5,Spain,0,2,Best Customers
12455.0,73,10,5879.95,2.3978952727983707,8.679473592468364,25.902863436123347,199,10,Cyprus,0,2,Best Customers
12456.0,44,3,3181.04,1.3862943611198906,8.065277779528966,25.44832,105,3,Switzerland,0,3,Regular
12457.0,66,8,2995.91,2.19722457733622,8.005337036835723,35.66559523809524,63,8,Switzerland,0,3,Regular
12458.0,71,4,1777.49,1.6094379124341005,7.483519968656931,21.16059523809524,71,4,Switzerland,0,3,Regular
12459.0,605,1,454.36,0.6931471805599453,6.121088314901487,19.754782608695653,23,1,Spain,0,1,Lapsed
12460.0,456,1,326.65,0.6931471805599453,5.791945965485506,18.147222222222226,18,1,Belgium,0,1,Lapsed
12461.0,94,2,826.88,1.0986122886681098,6.718868216346018,23.62514285714286,35,2,Switzerland,0,0,New / Low Engagement
12462.0,19,2,1189.59,1.0986122886681098,7.082204261557526,19.186935483870965,51,2,Spain,0,0,New / Low Engagement
12463.0,53,4,1344.78,1.6094379124341005,7.204729049594601,16.202168674698793,65,4,Belgium,0,3,Regular
12464.0,10,8,1212.05,2.19722457733622,7.100893128209941,41.79482758620689,6,7,Belgium,0,3,Regular
12465.0,17,2,742.19,1.0986122886681098,6.610951732080795,15.791276595744682,46,2,Belgium,0,0,New / Low Engagement
12466.0,682,1,56.73,0.6931471805599453,4.055776969072842,56.73,1,1,France,0,1,Lapsed
12467.0,423,1,132.8,0.6931471805599453,4.896346147694128,14.755555555555556,9,1,USA,0,1,Lapsed
12468.0,188,5,3670.74,1.791759469228055,8.208420943133293,24.4716,127,5,Germany,0,3,Regular
12469.0,523,2,3070.54,1.0986122886681098,8.029934343472139,40.40184210526316,76,2,Thailand,0,1,Lapsed
12470.0,690,1,211.95,0.6931471805599453,5.361057396369223,9.215217391304348,23,1,Unspecified,0,1,Lapsed
12471.0,2,79,39918.19,4.382026634673881,10.59461243963838,35.17021145374449,255,48,Germany,0,2,Best Customers
12472.0,32,19,16249.29,2.995732273553991,9.69586603375249,19.32139120095125,397,19,Germany,0,2,Best Customers
12473.0,29,5,3928.05,1.791759469228055,8.276152945361936,23.521257485029945,140,4,Germany,0,3,Regular
12474.0,17,31,12372.75,3.4657359027997265,9.423332572234017,17.47563559322034,369,29,Germany,0,2,Best Customers
12475.0,54,2,1149.64,1.0986122886681098,7.048073588295634,18.846557377049184,54,2,Germany,0,0,New / Low Engagement
12476.0,16,23,14083.91,3.1780538303479458,9.5528592905137,27.400603112840468,358,18,Germany,0,2,Best Customers
12477.0,23,9,20276.37,2.302585092994046,9.917260764877222,35.95101063829787,295,9,Germany,0,2,Best Customers
12478.0,4,1,680.99,0.6931471805599453,6.525014994979364,18.91638888888889,36,1,Greece,0,0,New / Low Engagement
12479.0,11,1,527.2,0.6931471805599453,6.269474999863032,17.006451612903227,31,1,Germany,0,0,New / Low Engagement
12480.0,28,7,5464.85,2.079441541679836,8.606274923740443,22.58202479338843,177,7,Germany,0,3,Regular
12481.0,23,15,12185.51,2.772588722239781,9.408084881237476,32.06713157894737,248,13,Germany,0,2,Best Customers
12482.0,576,29,23691.4,3.4011973816621555,10.07290960059048,116.1343137254902,42,6,Sweden,0,2,Best Customers
12483.0,17,19,5097.18,2.995732273553991,8.536638892276656,36.93608695652174,68,18,Sweden,0,2,Best Customers
12484.0,33,12,6354.1,2.5649493574615367,8.757012919140978,13.490658174097666,329,12,Spain,0,2,Best Customers
12485.0,529,1,708.1,0.6931471805599453,6.563996560309951,20.826470588235296,34,1,Sweden,0,1,Lapsed
12486.0,432,1,1037.28,0.6931471805599453,6.945320776868279,21.16897959183673,49,1,Sweden,0,1,Lapsed
12487.0,731,1,285.3,0.6931471805599453,5.65704021210407,142.65,2,1,Sweden,0,1,Lapsed
12488.0,10,3,1298.66,1.3862943611198906,7.169857970780942,23.612,46,3,France,0,3,Regular
12489.0,336,1,334.93,0.6931471805599453,5.816902804925467,22.328666666666667,15,1,France,0,1,Lapsed
12490.0,5,21,9823.64,3.091042453358316,9.192648794844782,21.26329004329004,195,21,France,0,2,Best Customers
12491.0,39,1,460.4,0.6931471805599453,6.134265345739653,17.70769230769231,25,1,France,0,0,New / Low Engagement
12492.0,63,3,715.21,1.3862943611198906,6.573973420047142,17.028809523809525,38,3,Germany,0,0,New / Low Engagement
12493.0,166,2,433.74,1.0986122886681098,6.07474815124472,19.715454545454545,20,2,France,0,0,New / Low Engagement
12494.0,16,9,1815.27,2.302585092994046,7.504540226523796,16.808055555555555,83,9,France,0,3,Regular
12495.0,641,1,357.4,0.6931471805599453,5.881649681100775,21.023529411764702,17,1,Sweden,0,1,Lapsed
12496.0,620,2,45.34,1.0986122886681098,3.8360055190042304,4.534000000000001,10,1,Spain,0,1,Lapsed
12497.0,82,3,6248.5,1.3862943611198906,8.740256739530276,109.62280701754386,41,3,Germany,0,3,Regular
12498.0,21,3,403.7000000000001,1.3862943611198906,6.00314605188182,17.55217391304348,21,2,Germany,0,0,New / Low Engagement
12499.0,560,1,393.72,0.6931471805599453,5.978176652781047,14.582222222222224,27,1,Germany,0,1,Lapsed
12500.0,23,19,5955.21,2.995732273553991,8.692189651745124,40.7891095890411,88,17,Germany,0,2,Best Customers
12501.0,337,1,2169.39,0.6931471805599453,7.682662153888476,14.5596644295302,149,1,Germany,0,1,Lapsed
12502.0,96,5,3723.87,1.791759469228055,8.222787230875806,25.332448979591835,102,5,Spain,0,3,Regular
12503.0,584,1,1126.0,0.6931471805599453,7.027314514039777,563.0,2,1,Spain,0,1,Lapsed
12504.0,18,4,779.05,1.6094379124341005,6.659358020193259,38.9525,11,4,Germany,0,3,Regular
12505.0,409,1,955.2,0.6931471805599453,6.862967096192003,22.742857142857144,42,1,Italy,0,1,Lapsed
12506.0,233,1,73.5,0.6931471805599453,4.310799125385514,3.1956521739130435,23,1,France,0,0,New / Low Engagement
12507.0,134,4,1844.06,1.6094379124341005,7.520267076271057,37.6338775510204,46,4,Spain,0,3,Regular
12508.0,26,2,397.88,1.0986122886681098,5.988660619775247,5.851176470588236,57,2,France,0,0,New / Low Engagement
12509.0,284,1,176.5,0.6931471805599453,5.178970608915471,25.214285714285715,7,1,France,0,0,New / Low Engagement
12510.0,143,9,5178.02,2.302585092994046,8.552371128165808,35.71048275862069,94,8,Spain,0,3,Regular
12511.0,429,1,3084.02,0.6931471805599453,8.034313419300645,16.231684210526314,190,1,Greece,0,1,Lapsed
12512.0,66,2,132.18,1.0986122886681098,4.891701596682476,4.263870967741935,31,1,Israel,0,0,New / Low Engagement
12513.0,113,1,612.29,0.6931471805599453,6.418837907265026,17.494,35,1,France,0,0,New / Low Engagement
12514.0,267,2,1597.76,1.0986122886681098,7.37698360776012,19.02095238095238,76,2,Italy,0,3,Regular
12515.0,353,1,383.7,0.6931471805599453,5.95246380975825,23.98125,16,1,Italy,0,1,Lapsed
12516.0,78,4,2648.62,1.6094379124341005,7.882171512471631,35.792162162162164,49,4,Germany,0,3,Regular
12517.0,28,5,2481.6,1.791759469228055,7.817061677081847,8.894623655913978,232,4,Germany,0,3,Regular
12518.0,1,5,2056.89,1.791759469228055,7.629436465014086,16.58782258064516,84,5,Germany,0,3,Regular
12519.0,64,2,716.54,1.0986122886681098,6.575828695208771,18.37282051282051,34,2,Germany,0,0,New / Low Engagement
12520.0,79,5,2634.26,1.791759469228055,7.876737127834484,17.330657894736845,121,5,Germany,0,3,Regular
12521.0,143,1,599.68,0.6931471805599453,6.39806234681208,15.781052631578946,38,1,Germany,0,0,New / Low Engagement
12522.0,39,2,192.72,1.0986122886681098,5.266413817535028,16.06,11,2,Germany,0,0,New / Low Engagement
12523.0,19,23,4352.35,3.1780538303479458,8.378700942638904,17.479317269076308,176,23,France,0,2,Best Customers
12524.0,9,17,11126.11,2.8903717578961645,9.317139751972052,46.35879166666667,157,16,Germany,0,2,Best Customers
12525.0,498,3,973.73,1.3862943611198906,6.882160509570649,16.228833333333334,56,3,France,0,1,Lapsed
12526.0,1,3,1316.66,1.3862943611198906,7.183612715167257,18.54450704225352,64,3,Germany,0,3,Regular
12527.0,82,5,735.51,1.791759469228055,6.601922813543027,22.9846875,26,5,Germany,0,3,Regular
12528.0,9,6,1933.48,1.9459101490553128,7.567593835498341,21.01608695652174,50,6,Germany,0,3,Regular
12529.0,528,1,316.48,0.6931471805599453,5.760414824222675,15.07047619047619,21,1,France,0,1,Lapsed
12530.0,60,9,3759.26,2.302585092994046,8.232243382929433,23.792784810126584,94,9,Germany,0,3,Regular
12531.0,15,2,1933.2,1.0986122886681098,7.567449083282863,15.222047244094489,126,2,Germany,0,3,Regular
12532.0,30,1,349.83000000000004,0.6931471805599453,5.860301775655642,21.864375000000003,16,1,France,0,0,New / Low Engagement
12533.0,628,2,1367.89,1.0986122886681098,7.221755471439273,18.998472222222222,63,2,Germany,0,1,Lapsed
12534.0,131,1,1089.18,0.6931471805599453,6.9940980992041535,17.28857142857143,63,1,Germany,0,0,New / Low Engagement
12535.0,92,2,716.35,1.0986122886681098,6.575563866544399,21.069117647058825,28,2,France,0,0,New / Low Engagement
12536.0,43,3,12601.830000000002,1.3862943611198906,9.441676670894656,48.2828735632184,260,2,France,0,3,Regular
12537.0,409,1,732.94,0.6931471805599453,6.598427281404094,17.04511627906977,43,1,Sweden,0,1,Lapsed
12538.0,29,2,640.45,1.0986122886681098,6.463731238695349,18.83676470588236,33,2,Spain,0,0,New / Low Engagement
12539.0,22,7,11214.75,2.079441541679836,9.325074319439649,22.25148809523809,276,6,Spain,0,2,Best Customers
12540.0,20,33,22254.49,3.5263605246161616,10.010343998731724,28.864448767833984,354,31,Spain,0,2,Best Customers
12541.0,30,3,981.18,1.3862943611198906,6.889774590946187,18.868846153846157,46,3,Spain,0,3,Regular
12542.0,484,2,481.88,1.0986122886681098,6.179768175579484,12.355897435897436,39,2,Spain,0,1,Lapsed
12543.0,448,1,980.25,0.6931471805599453,6.888827269096618,22.796511627906977,43,1,Spain,0,1,Lapsed
12544.0,36,1,372.7,0.6931471805599453,5.923453336491439,19.61578947368421,19,1,Spain,0,0,New / Low Engagement
12545.0,75,2,1000.39,1.0986122886681098,6.909144313826412,20.0078,42,2,Spain,0,0,New / Low Engagement
12546.0,47,2,1161.5,1.0986122886681098,7.058328137461511,16.833333333333332,59,2,Spain,0,0,New / Low Engagement
12547.0,198,3,383.58,1.3862943611198906,5.952151829722441,18.265714285714285,13,3,Spain,0,0,New / Low Engagement
12548.0,166,1,95.2,0.6931471805599453,4.566429357671661,19.04,5,1,Spain,0,0,New / Low Engagement
12549.0,576,6,1575.68,1.9459101490553128,7.363076649441731,32.15673469387755,38,5,USA,0,1,Lapsed
12550.0,79,1,964.83,0.6931471805599453,6.872987835288763,16.92684210526316,57,1,Spain,0,0,New / Low Engagement
12551.0,358,1,168.0,0.6931471805599453,5.1298987149230735,16.8,10,1,Spain,0,1,Lapsed
12552.0,39,2,437.82,1.0986122886681098,6.084089306213804,21.891,20,2,Italy,0,0,New / Low Engagement
12553.0,8,12,4608.75,2.5649493574615367,8.435928904585275,19.36449579831933,109,12,France,0,2,Best Customers
12554.0,449,1,468.5,0.6931471805599453,6.1516682986483175,18.01923076923077,26,1,Spain,0,1,Lapsed
12555.0,682,1,129.23,0.6931471805599453,4.869302117979612,129.23,1,1,Spain,0,1,Lapsed
12556.0,50,2,599.56,1.0986122886681098,6.397862553264747,5.038319327731092,100,2,Spain,0,0,New / Low Engagement
12557.0,16,8,18096.14,2.19722457733622,9.803509193719131,341.4366037735849,15,8,Spain,0,2,Best Customers
12558.0,8,1,269.96,0.6931471805599453,5.601971208509516,24.54181818181818,11,1,USA,0,0,New / Low Engagement
12559.0,311,2,561.71,1.0986122886681098,6.33276439774036,26.74809523809524,21,2,Germany,0,1,Lapsed
12560.0,5,3,2134.01,1.3862943611198906,7.666226609492505,20.323904761904764,91,3,Germany,0,3,Regular
12561.0,303,1,238.85,0.6931471805599453,5.480013727948073,14.928125,16,1,Germany,0,1,Lapsed
12562.0,8,9,4966.92,2.302585092994046,8.510756520424078,23.99478260869565,113,9,France,0,2,Best Customers
12563.0,409,1,249.24,0.6931471805599453,5.522420457356946,19.17230769230769,13,1,Italy,0,1,Lapsed
12564.0,261,1,456.9,0.6931471805599453,6.12665081966305,21.75714285714286,21,1,France,0,0,New / Low Engagement
12565.0,289,1,145.92000000000002,0.6931471805599453,4.989888220951467,16.213333333333335,9,1,Saudi Arabia,0,1,Lapsed
12566.0,86,1,351.65,0.6931471805599453,5.865476063654188,18.507894736842104,19,1,Germany,0,0,New / Low Engagement
12567.0,23,15,11767.48,2.772588722239781,9.37318005002864,21.16453237410072,365,14,France,0,2,Best Customers
12568.0,645,1,70.0,0.6931471805599453,4.262679877041316,14.0,5,1,Germany,0,1,Lapsed
12569.0,2,32,4124.6900000000005,3.49650756146648,8.324988557507531,21.93984042553192,92,26,Germany,0,2,Best Customers
12570.0,682,1,77.52,0.6931471805599453,4.3633533694082605,77.52,1,1,Spain,0,1,Lapsed
12571.0,40,2,519.61,1.0986122886681098,6.255001200981438,15.28264705882353,31,2,France,0,0,New / Low Engagement
12572.0,9,2,1020.42,1.0986122886681098,6.928949094989139,17.007,53,2,Germany,0,0,New / Low Engagement
12573.0,227,5,717.41,1.791759469228055,6.577040436712936,6.028655462184874,107,5,France,0,3,Regular
12574.0,316,1,218.45,0.6931471805599453,5.391124416134243,19.85909090909091,11,1,France,0,1,Lapsed
12575.0,457,2,622.82,1.0986122886681098,6.435861865217934,16.39,34,2,France,0,1,Lapsed
12576.0,36,8,2142.7200000000003,2.19722457733622,7.670297916647234,15.089577464788734,114,8,Poland,0,3,Regular
12577.0,35,8,1617.1,2.19722457733622,7.389007900405763,5.426510067114093,259,5,France,0,3,Regular
12578.0,21,4,4642.45,1.6094379124341005,8.443212903418239,26.99098837209302,149,4,Italy,0,3,Regular
12579.0,78,1,440.42,0.6931471805599453,6.0899968031722285,15.18689655172414,29,1,France,0,0,New / Low Engagement
12580.0,247,2,1052.9,1.0986122886681098,6.960252847939891,18.153448275862072,52,2,Germany,0,0,New / Low Engagement
12581.0,40,1,197.71,0.6931471805599453,5.291846475417725,13.180666666666667,15,1,Germany,0,0,New / Low Engagement
12582.0,239,4,1980.4,1.6094379124341005,7.59155894453893,19.22718446601942,88,4,Finland,0,3,Regular
12583.0,3,27,13591.58,3.332204510175204,9.517279334601431,30.47439461883408,141,27,France,0,2,Best Customers
12584.0,4,9,2338.15,2.302585092994046,7.757542894498013,24.355729166666663,44,9,Italy,0,3,Regular
12585.0,234,2,2040.1,1.0986122886681098,7.621244157199997,23.44942528735632,77,2,Germany,0,3,Regular
12586.0,17,4,2062.67,1.6094379124341005,7.632241230097758,21.943297872340427,82,4,Italy,0,3,Regular
12587.0,8,1,144.0,0.6931471805599453,4.976733742420574,36.0,4,1,Finland,0,0,New / Low Engagement
12588.0,39,4,958.78,1.6094379124341005,6.866704091532522,20.84304347826087,31,3,Finland,0,3,Regular
12589.0,29,8,4695.66,2.19722457733622,8.454606896777193,26.087,121,5,France,0,3,Regular
12590.0,211,2,9864.26,1.0986122886681098,9.196774773912752,145.06264705882353,68,1,Germany,0,3,Regular
12591.0,317,3,1338.95,1.3862943611198906,7.200387578815958,19.69044117647059,63,3,Italy,0,3,Regular
12592.0,92,5,2582.66,1.791759469228055,7.856962277297855,31.88469135802469,42,3,Germany,0,3,Regular
12593.0,109,3,418.1,1.3862943611198906,6.038109554931026,19.90952380952381,14,3,France,0,0,New / Low Engagement
12594.0,38,15,5090.110000000001,2.772588722239781,8.535251160425936,25.57844221105528,78,14,Italy,0,2,Best Customers
12595.0,505,1,299.02,0.6931471805599453,5.703849139100744,15.737894736842104,19,1,Germany,0,1,Lapsed
12596.0,51,2,618.27,1.0986122886681098,6.428541364981557,22.898888888888887,25,2,Spain,0,0,New / Low Engagement
12597.0,19,4,3811.22,1.6094379124341005,8.245966975595675,18.50106796116505,184,4,Spain,0,3,Regular
12598.0,10,11,4534.09,2.4849066497880004,8.419600207997298,22.01014563106796,130,10,France,0,2,Best Customers
12599.0,29,13,2296.72,2.6390573296152584,7.739672605902305,17.268571428571427,47,13,France,0,2,Best Customers
12600.0,29,21,4967.42,3.091042453358316,8.510857161102722,38.21092307692308,53,21,Germany,0,2,Best Customers
12601.0,190,6,681.26,1.9459101490553128,6.525410816864686,20.03705882352941,24,6,Germany,0,3,Regular
12602.0,59,1,153.12,0.6931471805599453,5.037731519757957,12.76,12,1,France,0,0,New / Low Engagement
12603.0,22,1,739.1999999999999,0.6931471805599453,6.606920419952056,369.6,2,1,Germany,0,0,New / Low Engagement
12604.0,79,2,254.18,1.0986122886681098,5.541969178493598,15.88625,15,2,France,0,0,New / Low Engagement
12605.0,376,4,1232.95,1.6094379124341005,7.117975685005857,16.223026315789475,63,4,Germany,0,3,Regular
12606.0,682,1,21.0,0.6931471805599453,3.091042453358316,21.0,1,1,Spain,0,1,Lapsed
12607.0,60,1,1579.51,0.6931471805599453,7.3655028587473295,15.63871287128713,101,1,USA,0,0,New / Low Engagement
12608.0,405,1,415.79,0.6931471805599453,6.03258249782888,25.986875,16,1,United Kingdom,1,1,Lapsed
12609.0,78,9,3435.86,2.302585092994046,8.14231354282266,19.633485714285715,129,9,Germany,0,3,Regular
12610.0,23,5,2099.54,1.791759469228055,7.6499497335130995,19.80698113207547,85,5,Italy,0,3,Regular
12611.0,52,1,1193.32,0.6931471805599453,7.085332264745334,18.35876923076923,65,1,Italy,0,0,New / Low Engagement
12612.0,74,1,704.04,0.6931471805599453,6.558254538791405,37.054736842105264,19,1,Germany,0,0,New / Low Engagement
12613.0,57,10,6817.37,2.3978952727983707,8.827375719339203,20.91217791411043,218,8,Germany,0,2,Best Customers
12614.0,278,1,315.6,0.6931471805599453,5.757639147446912,15.78,20,1,Germany,0,0,New / Low Engagement
12615.0,2,8,5740.9800000000005,2.19722457733622,8.655559377568013,21.26288888888889,198,7,France,0,2,Best Customers
12616.0,95,3,1131.1,1.3862943611198906,7.031829594084064,20.946296296296296,32,3,France,0,3,Regular
12617.0,29,1,352.98,0.6931471805599453,5.869240414362608,8.609268292682927,39,1,France,0,0,New / Low Engagement
12618.0,22,1,177.31,0.6931471805599453,5.183523608545955,16.11909090909091,11,1,Italy,0,0,New / Low Engagement
12619.0,16,10,3781.38,2.3978952727983707,8.238108720109691,37.8138,55,10,Germany,0,2,Best Customers
12620.0,15,3,1339.41,1.3862943611198906,7.20073081629489,14.558804347826088,89,3,France,0,3,Regular
12621.0,2,35,24311.2,3.58351893845611,10.098733560953052,32.15767195767196,344,32,Germany,0,2,Best Customers
12622.0,232,1,180.1,0.6931471805599453,5.199049364889368,16.37272727272727,11,1,Germany,0,0,New / Low Engagement
12623.0,276,7,3747.84,2.079441541679836,8.229201737777698,21.66381502890173,112,7,Germany,0,3,Regular
12624.0,106,2,641.13,1.0986122886681098,6.464790775403018,16.87184210526316,36,2,France,0,0,New / Low Engagement
12625.0,212,4,5164.88,1.6094379124341005,8.549830744582277,28.22338797814208,144,4,Germany,0,3,Regular
12626.0,23,9,6620.4800000000005,2.302585092994046,8.798074188898816,22.518639455782317,232,9,Germany,0,2,Best Customers
12627.0,11,7,4478.53,2.079441541679836,8.407273409191232,19.47186956521739,162,7,Germany,0,3,Regular
12628.0,4,3,786.46,1.3862943611198906,6.668812575758953,19.1819512195122,34,3,Germany,0,0,New / Low Engagement
12629.0,386,2,1558.22,1.0986122886681098,7.3519409752019005,34.62711111111111,40,2,Sweden,0,1,Lapsed
12630.0,10,2,1270.88,1.0986122886681098,7.148251399827164,19.8575,60,2,Finland,0,0,New / Low Engagement
12631.0,57,6,3481.57,1.9459101490553128,8.155525805954461,19.024972677595628,131,5,Finland,0,3,Regular
12632.0,521,2,804.88,1.0986122886681098,6.691934848047708,22.99657142857143,32,2,Germany,0,1,Lapsed
12633.0,59,7,5678.16,2.079441541679836,8.644558613454844,18.556078431372548,220,7,Germany,0,3,Regular
12634.0,536,2,490.0,1.0986122886681098,6.19644412779452,24.5,20,2,USA,0,1,Lapsed
12635.0,90,4,2930.41,1.6094379124341005,7.983238814926674,16.37100558659218,159,4,Germany,0,3,Regular
12636.0,739,1,141.0,0.6931471805599453,4.955827057601261,141.0,1,1,USA,0,1,Lapsed
12637.0,67,12,8283.81,2.5649493574615367,9.02217899658623,13.491547231270358,295,11,France,0,2,Best Customers
12638.0,33,2,921.49,1.0986122886681098,6.827076535747527,19.19770833333333,47,2,Sweden,0,0,New / Low Engagement
12639.0,239,3,1312.37,1.3862943611198906,7.180351632015874,20.50578125,58,3,Sweden,0,3,Regular
12640.0,24,3,1174.58,1.3862943611198906,7.06951692181073,22.16188679245283,47,3,France,0,3,Regular
12641.0,115,1,185.9,0.6931471805599453,5.230573714461517,18.59,10,1,Sweden,0,0,New / Low Engagement
12642.0,25,3,1013.26,1.3862943611198906,6.921914561540048,21.55872340425532,39,3,Germany,0,3,Regular
12643.0,128,12,8304.82,2.5649493574615367,9.024711752874731,162.83960784313726,14,11,France,0,2,Best Customers
12644.0,130,4,1918.49,1.6094379124341005,7.559814804737258,17.283693693693692,106,4,Germany,0,3,Regular
12645.0,34,8,3539.3,2.19722457733622,8.171966748299813,22.120625,111,8,Germany,0,3,Regular
12646.0,5,2,1346.97,1.0986122886681098,7.206355036031724,29.932666666666663,43,2,USA,0,0,New / Low Engagement
12647.0,22,36,16955.55,3.610917912644224,9.738409468841958,32.923398058252424,240,32,Germany,0,2,Best Customers
12648.0,155,4,1112.0,1.6094379124341005,7.014814351275545,17.107692307692307,38,4,Germany,0,3,Regular
12649.0,107,8,2294.65,2.19722457733622,7.738771306795058,19.44618644067797,94,7,Germany,0,3,Regular
12650.0,3,1,314.44,0.6931471805599453,5.753968489569372,15.722,20,1,France,0,0,New / Low Engagement
12651.0,335,4,377.75,1.6094379124341005,5.9368763568235785,12.591666666666669,30,4,France,0,1,Lapsed
12652.0,331,2,1017.03,1.0986122886681098,6.925624666224383,19.94176470588236,51,2,France,0,1,Lapsed
12653.0,149,3,4160.83,1.3862943611198906,8.333710160372133,48.38174418604651,76,3,Israel,0,3,Regular
12654.0,11,5,601.98,1.791759469228055,6.401884028681278,15.841578947368422,31,4,Germany,0,3,Regular
12655.0,424,1,261.35,0.6931471805599453,5.569679490132721,16.334375,16,1,France,0,1,Lapsed
12656.0,17,8,6407.83,2.19722457733622,8.765432005953489,25.942631578947367,174,8,France,0,2,Best Customers
12657.0,11,4,1643.18,1.6094379124341005,7.4049970586737315,34.961276595744685,35,3,France,0,3,Regular
12658.0,19,1,686.05,0.6931471805599453,6.532407069777784,19.056944444444444,36,1,Germany,0,0,New / Low Engagement
12659.0,30,1,91.68,0.6931471805599453,4.529152699564175,18.336,5,1,France,0,0,New / Low Engagement
12660.0,11,1,245.1,0.6931471805599453,5.50573795739701,18.85384615384616,13,1,France,0,0,New / Low Engagement
12661.0,436,1,162.0,0.6931471805599453,5.093750200806762,14.727272727272728,11,1,Sweden,0,1,Lapsed
12662.0,1,20,6726.54,3.044522437723423,8.81396482832846,17.203427109974424,163,19,Germany,0,2,Best Customers
12663.0,625,2,239.4,1.0986122886681098,5.4823042026610525,23.94,9,2,Germany,0,1,Lapsed
12664.0,8,11,6070.04,2.4849066497880004,8.711285203809107,134.88977777777777,10,11,Finland,0,2,Best Customers
12665.0,325,3,313.6,1.3862943611198906,5.751301990624177,18.447058823529414,13,3,Germany,0,1,Lapsed
12666.0,394,1,1248.42,0.6931471805599453,7.130434722615036,40.27161290322581,31,1,Israel,0,1,Lapsed
12667.0,58,1,620.13,0.6931471805599453,6.431540399799522,18.791818181818183,33,1,Finland,0,0,New / Low Engagement
12668.0,12,10,11383.03,2.3978952727983707,9.339966775043798,21.23699626865672,263,10,Germany,0,2,Best Customers
12669.0,151,3,2744.03,1.3862943611198906,7.917547282845659,27.16861386138613,98,3,France,0,3,Regular
12670.0,10,7,3760.29,2.079441541679836,8.232517262650086,32.69817391304348,71,7,France,0,3,Regular
12671.0,606,1,2622.481,0.6931471805599453,7.872257340866884,58.27735555555556,45,1,Germany,0,1,Lapsed
12672.0,330,2,437.05,1.0986122886681098,6.082333059112373,19.86590909090909,22,2,France,0,1,Lapsed
12673.0,5,3,1230.02,1.3862943611198906,7.115598373006169,16.62189189189189,68,3,Germany,0,3,Regular
12674.0,39,4,1970.6,1.6094379124341005,7.586600674831223,23.742168674698792,52,4,France,0,3,Regular
12675.0,554,2,957.25,1.0986122886681098,6.865108704260664,8.546875,111,2,Italy,0,1,Lapsed
12676.0,25,11,2843.09,2.4849066497880004,7.952998435992042,26.570934579439253,67,9,Sweden,0,3,Regular
12677.0,555,2,395.1,1.0986122886681098,5.981666704627871,18.81428571428572,13,2,France,0,1,Lapsed
12678.0,42,21,34281.18,3.091042453358316,10.44238096462203,91.17335106382978,199,18,France,0,2,Best Customers
12679.0,59,4,1113.02,1.6094379124341005,7.015730373647435,23.187916666666663,43,4,France,0,3,Regular
12680.0,1,4,880.81,1.6094379124341005,6.781976613299544,16.619056603773583,33,4,France,0,3,Regular
12681.0,15,45,29834.76,3.828641396489095,10.303462953068978,20.951376404494383,459,43,France,0,2,Best Customers
12682.0,4,52,22950.22,3.970291913552122,10.041126373117194,23.20548028311426,327,48,France,0,2,Best Customers
12683.0,4,21,11633.7,3.091042453358316,9.361747291132378,23.888501026694048,236,17,France,0,2,Best Customers
12684.0,8,7,2283.63,2.079441541679836,7.733959364615189,21.748857142857144,61,7,France,0,3,Regular
12685.0,28,6,2863.08,1.9459101490553128,7.960002460651312,18.23617834394904,117,6,France,0,3,Regular
12686.0,372,1,89.14,0.6931471805599453,4.501364017262502,12.734285714285717,7,1,France,0,1,Lapsed
12687.0,481,2,2138.91,1.0986122886681098,7.668519051056749,16.97547619047619,126,1,Sweden,0,1,Lapsed
12688.0,114,1,4873.81,0.6931471805599453,8.491836408313453,28.50181286549708,171,1,Israel,0,3,Regular
12689.0,26,2,1247.61,1.0986122886681098,7.1297862115656185,17.327916666666667,57,2,France,0,0,New / Low Engagement
12690.0,206,1,389.01,0.6931471805599453,5.966172379820607,24.313125,16,1,France,0,0,New / Low Engagement
12691.0,28,7,1170.4,2.079441541679836,7.065954893655682,30.010256410256414,24,7,France,0,3,Regular
12692.0,637,1,110.95,0.6931471805599453,4.718052343044764,8.534615384615385,13,1,France,0,1,Lapsed
12693.0,127,7,1703.02,2.079441541679836,7.440745444409583,21.557215189873418,63,7,Germany,0,3,Regular
12694.0,70,3,1843.35,1.3862943611198906,7.519882190878127,22.209036144578317,69,3,France,0,3,Regular
12695.0,7,7,1407.12,2.079441541679836,7.250010760359077,23.84949152542373,46,7,France,0,3,Regular
12696.0,435,2,851.91,1.0986122886681098,6.748654031960281,17.38591836734694,43,2,Finland,0,1,Lapsed
12697.0,29,3,957.59,1.3862943611198906,6.865463454791294,23.355853658536585,37,3,Sweden,0,3,Regular
12698.0,590,1,339.75,0.6931471805599453,5.831149070576642,21.234375,16,1,Germany,0,1,Lapsed
12699.0,418,1,638.11,0.6931471805599453,6.460076583537422,15.563658536585368,41,1,Germany,0,1,Lapsed
12700.0,8,4,4939.99,1.6094379124341005,8.505320994961897,18.432798507462685,193,4,France,0,3,Regular
12701.0,80,6,2446.41,1.9459101490553128,7.802785601512003,16.642244897959184,118,6,Germany,0,3,Regular
12702.0,20,1,219.0,0.6931471805599453,5.393627546352362,18.25,12,1,Germany,0,0,New / Low Engagement
12703.0,71,4,1006.53,1.6094379124341005,6.915257070052459,13.601756756756757,56,4,Germany,0,3,Regular
12704.0,7,8,2340.84,2.19722457733622,7.758692224146705,26.600454545454543,64,7,Finland,0,3,Regular
12705.0,15,14,11762.1,2.70805020110221,9.372722792156983,19.636227045075128,320,12,Germany,0,2,Best Customers
12707.0,292,1,603.42,0.6931471805599453,6.404269320519532,18.285454545454545,33,1,France,0,0,New / Low Engagement
12708.0,30,18,5117.66,2.9444389791664403,8.540647965029224,17.289391891891892,130,18,Germany,0,2,Best Customers
12709.0,15,34,30291.76,3.555348061489413,10.31866401905143,61.819918367346936,189,29,Germany,0,2,Best Customers
12710.0,97,3,1149.02,1.3862943611198906,7.047534612510416,14.922337662337664,75,3,Germany,0,3,Regular
12711.0,612,2,1339.05,1.0986122886681098,7.200462205681664,22.3175,56,2,Germany,0,1,Lapsed
12712.0,29,21,6723.03,3.091042453358316,8.813442956148535,26.2618359375,126,21,Germany,0,2,Best Customers
12713.0,1,1,848.55,0.6931471805599453,6.744706797531768,22.33026315789473,38,1,Germany,0,0,New / Low Engagement
12714.0,9,12,14093.71,2.5649493574615367,9.553554828664682,20.249583333333334,436,12,France,0,2,Best Customers
12715.0,106,1,343.36,0.6931471805599453,5.841687621789754,17.168,20,1,Sweden,0,0,New / Low Engagement
12716.0,4,2,1053.49,1.0986122886681098,6.960812516706486,15.267971014492751,60,2,France,0,0,New / Low Engagement
12717.0,151,3,1308.91,1.3862943611198906,7.17771371154501,18.435352112676057,60,3,Greece,0,3,Regular
12718.0,71,1,238.25,0.6931471805599453,5.477509030333064,12.539473684210526,19,1,France,0,0,New / Low Engagement
12719.0,5,2,644.95,1.0986122886681098,6.47072210140631,16.53717948717949,34,2,France,0,0,New / Low Engagement
12720.0,3,30,7787.28,3.4339872044851463,8.960375318593623,16.257369519832984,262,25,Germany,0,2,Best Customers
12721.0,32,8,4013.08,2.19722457733622,8.297563459401823,16.79112970711297,183,8,France,0,3,Regular
12722.0,85,4,997.63,1.6094379124341005,6.906384339674138,18.82320754716981,50,4,France,0,3,Regular
12723.0,4,5,725.07,1.791759469228055,6.587646428909591,10.508260869565218,53,3,France,0,3,Regular
12724.0,5,7,2317.52,2.079441541679836,7.748684330061293,17.96527131782946,94,7,France,0,3,Regular
12725.0,371,4,2266.76,1.6094379124341005,7.72654783914248,21.3845283018868,92,4,Italy,0,3,Regular
12726.0,28,11,4014.6,2.4849066497880004,8.297942054817371,22.427932960893852,63,11,France,0,2,Best Customers
12727.0,11,10,5679.53,2.3978952727983707,8.644799817221259,27.9779802955665,132,9,France,0,2,Best Customers
12728.0,71,5,1070.17,1.791759469228055,6.97650678801018,17.54377049180328,48,5,France,0,3,Regular
12729.0,114,1,453.01,0.6931471805599453,6.118119224230488,17.423461538461538,26,1,France,0,0,New / Low Engagement
12730.0,522,1,829.25,0.6931471805599453,6.721726860256856,17.643617021276597,47,1,Germany,0,1,Lapsed
12731.0,24,17,25775.71,2.8903717578961645,10.157226650040505,65.58704834605598,137,16,France,0,2,Best Customers
12732.0,180,1,236.26,0.6931471805599453,5.469156586232957,19.688333333333336,12,1,France,0,0,New / Low Engagement
12733.0,234,4,2424.87,1.6094379124341005,7.793945501918165,15.445031847133755,117,4,USA,0,3,Regular
12734.0,353,3,639.65,1.3862943611198906,6.462483285955585,33.66578947368421,17,3,France,0,1,Lapsed
12735.0,315,2,779.5699999999999,1.0986122886681098,6.660024422032584,18.12953488372093,38,2,France,0,1,Lapsed
12736.0,333,1,234.0,0.6931471805599453,5.459585514144159,58.5,4,1,France,0,1,Lapsed
12737.0,499,2,3710.5,1.0986122886681098,8.219191386557602,1855.25,2,1,France,0,1,Lapsed
12738.0,372,1,155.35,0.6931471805599453,5.05209708390385,14.122727272727271,11,1,Germany,0,1,Lapsed
12739.0,78,4,2726.73,1.6094379124341005,7.911225040458104,30.63741573033708,85,4,United Arab Emirates,0,3,Regular
12740.0,64,1,427.6,0.6931471805599453,6.060524083039477,15.837037037037035,27,1,France,0,0,New / Low Engagement
12741.0,529,2,406.07,1.0986122886681098,6.008985160825971,25.379375,16,2,USA,0,1,Lapsed
12742.0,626,1,1201.52,0.6931471805599453,7.092174633858238,17.933134328358207,67,1,United Arab Emirates,0,1,Lapsed
12743.0,134,2,540.13,1.0986122886681098,6.293659545728696,4.123129770992366,114,1,Unspecified,0,0,New / Low Engagement
12744.0,52,11,25317.06,2.4849066497880004,10.139273254049405,74.68159292035399,245,8,Singapore,0,2,Best Customers
12745.0,487,3,925.41,1.3862943611198906,6.8313169012337,40.235217391304346,21,3,United Kingdom,1,1,Lapsed
12746.0,541,1,254.55,0.6931471805599453,5.543418085214289,14.973529411764709,17,1,United Kingdom,1,1,Lapsed
12747.0,2,26,8898.48,3.295836866004329,9.093748127047018,35.73686746987951,85,26,United Kingdom,1,2,Best Customers
12748.0,1,336,53539.64,5.820082930352362,10.888196270682393,8.130545178435838,2286,202,United Kingdom,1,2,Best Customers
12749.0,4,9,6897.36,2.302585092994046,8.839038981175287,20.40639053254438,260,7,United Kingdom,1,2,Best Customers
12750.0,129,1,275.88,0.6931471805599453,5.623584199327089,18.392,15,1,Poland,0,0,New / Low Engagement
12751.0,445,1,268.27,0.6931471805599453,5.595714593686387,4.326935483870967,61,1,Brazil,0,1,Lapsed
12752.0,81,1,4366.78,0.6931471805599453,8.38201014985595,82.3920754716981,53,1,Norway,0,3,Regular
12753.0,23,6,21429.39,1.9459101490553128,9.972565287088774,108.77862944162436,132,6,Japan,0,2,Best Customers
12754.0,236,3,3010.74,1.3862943611198906,8.010273263812737,47.78952380952381,49,3,Japan,0,3,Regular
12755.0,281,11,5236.26,2.4849066497880004,8.563553739791448,83.1152380952381,34,10,Japan,0,2,Best Customers
12756.0,87,1,112.08,0.6931471805599453,4.72809553282539,28.02,4,1,Japan,0,0,New / Low Engagement
12757.0,16,13,7834.650000000001,2.6390573296152584,8.966439112421154,21.52376373626374,237,9,Portugal,0,2,Best Customers
12758.0,117,7,9903.24,2.079441541679836,9.200718227264051,31.639744408945685,187,7,Portugal,0,2,Best Customers
12759.0,52,8,5020.74,2.19722457733622,8.521531766174993,16.62496688741722,206,8,Netherlands,0,3,Regular
12760.0,456,1,347.8,0.6931471805599453,5.8544986920348245,16.561904761904763,21,1,Netherlands,0,1,Lapsed
12761.0,458,2,782.95,1.0986122886681098,6.664345242806459,28.99814814814815,27,2,Netherlands,0,1,Lapsed
12762.0,8,2,1898.52,1.0986122886681098,7.549356501658852,27.51478260869565,62,2,Portugal,0,3,Regular
12763.0,138,2,494.08,1.0986122886681098,6.204719365671822,27.448888888888888,16,2,Japan,0,0,New / Low Engagement
12764.0,317,1,1693.88,0.6931471805599453,7.435367220848186,37.64177777777778,45,1,Lebanon,0,1,Lapsed
12765.0,472,6,1404.58,1.9459101490553128,7.248205307972568,20.65558823529412,49,6,Netherlands,0,1,Lapsed
12766.0,4,9,8918.99,2.302585092994046,9.096050104497191,22.186542288557213,253,9,Portugal,0,2,Best Customers
12767.0,376,1,949.82,0.6931471805599453,6.857324770182772,22.088837209302326,43,1,Korea,0,1,Lapsed
12768.0,451,1,168.69,0.6931471805599453,5.133973242984735,16.869,10,1,Korea,0,1,Lapsed
12769.0,239,1,1143.6,0.6931471805599453,7.042810509975002,35.7375,32,1,Brazil,0,0,New / Low Engagement
12770.0,211,2,3246.45,1.0986122886681098,8.085625351967414,115.94464285714284,19,2,Japan,0,3,Regular
12771.0,486,1,282.3,0.6931471805599453,5.646506406836471,18.82,15,1,Portugal,0,1,Lapsed
12772.0,60,1,892.47,0.6931471805599453,6.795112758210396,16.226727272727274,55,1,Portugal,0,0,New / Low Engagement
12773.0,564,1,124.25,0.6931471805599453,4.830311739964974,20.70833333333333,6,1,Portugal,0,1,Lapsed
12774.0,536,1,98.7,0.6931471805599453,4.602165676967792,16.45,6,1,Netherlands,0,1,Lapsed
12775.0,17,7,1686.12,2.079441541679836,7.430778212203509,20.816296296296297,55,7,Netherlands,0,3,Regular
12776.0,668,1,55.5,0.6931471805599453,4.034240638152395,13.875,4,1,Portugal,0,1,Lapsed
12777.0,458,1,519.45,0.6931471805599453,6.254693821961477,19.97884615384616,26,1,United Kingdom,1,1,Lapsed
12778.0,20,9,1775.68,2.302585092994046,7.482501733154052,15.576140350877193,77,9,Netherlands,0,3,Regular
12779.0,38,14,6474.11,2.70805020110221,8.775720874840426,24.06732342007435,142,14,Poland,0,2,Best Customers
12780.0,599,1,337.4,0.6931471805599453,5.824228627732068,16.869999999999997,20,1,Netherlands,0,1,Lapsed
12781.0,64,2,826.74,1.0986122886681098,6.718699095412067,33.0696,25,2,Czech Republic,0,0,New / Low Engagement
12782.0,5,11,4618.24,2.4849066497880004,8.437985468379317,20.344669603524228,142,11,Portugal,0,2,Best Customers
12783.0,2,6,2225.91,1.9459101490553128,7.708370253328926,26.49892857142857,76,5,Portugal,0,3,Regular
12784.0,9,3,1763.15,1.3862943611198906,7.475424266965155,13.66782945736434,121,3,Portugal,0,3,Regular
12785.0,364,3,1100.4,1.3862943611198906,7.004337376828381,19.65,42,3,Portugal,0,1,Lapsed
12786.0,610,1,728.5000000000001,0.6931471805599453,6.592359367962841,40.47222222222223,18,1,Netherlands,0,1,Lapsed
12787.0,10,4,862.1800000000001,1.6094379124341005,6.760623244074023,19.595,30,4,Netherlands,0,3,Regular
12788.0,463,4,444.9,1.6094379124341005,6.100094711633431,17.111538461538462,20,4,Netherlands,0,1,Lapsed
12789.0,65,3,273.35,1.3862943611198906,5.614404663504985,34.16875,5,3,Netherlands,0,0,New / Low Engagement
12790.0,192,2,591.85,1.0986122886681098,6.38494141590408,15.995945945945946,36,2,Netherlands,0,0,New / Low Engagement
12791.0,374,6,863.51,1.9459101490553128,6.762162872436432,30.839642857142856,17,5,Netherlands,0,3,Regular
12792.0,257,2,827.01,1.0986122886681098,6.719025231607016,17.59595744680851,39,2,Portugal,0,0,New / Low Engagement
12793.0,335,3,885.53,1.3862943611198906,6.787314965889217,20.125681818181818,34,3,Portugal,0,1,Lapsed
12794.0,53,2,860.41,1.0986122886681098,6.758570581561217,19.12022222222222,43,2,Portugal,0,0,New / Low Engagement
12795.0,19,1,430.48,0.6931471805599453,6.067221159507229,30.74857142857143,14,1,Portugal,0,0,New / Low Engagement
12796.0,628,1,381.0,0.6931471805599453,5.945420608606575,54.42857142857143,7,1,Netherlands,0,1,Lapsed
12797.0,366,2,552.08,1.0986122886681098,6.315502656520417,18.40266666666667,27,2,Portugal,0,1,Lapsed
12798.0,10,4,8510.93,1.6094379124341005,9.0492239878634,257.9069696969697,27,4,Japan,0,3,Regular
12799.0,529,1,219.35,0.6931471805599453,5.395217191287996,14.623333333333331,15,1,Japan,0,1,Lapsed
12800.0,470,3,584.25,1.3862943611198906,6.3720391063710204,17.183823529411764,31,2,Portugal,0,1,Lapsed
12801.0,501,1,1071.82,0.6931471805599453,6.978045974597571,21.4364,50,1,Sweden,0,1,Lapsed
12802.0,187,7,2416.42,2.079441541679836,7.7904561347426675,17.510289855072465,108,7,Netherlands,0,3,Regular
12803.0,393,1,1092.81,0.6931471805599453,6.997422293310083,19.86927272727273,55,1,Netherlands,0,1,Lapsed
12804.0,466,2,325.37,1.0986122886681098,5.788031707101101,4.929848484848485,60,2,Netherlands,0,1,Lapsed
12805.0,382,4,1434.95,1.6094379124341005,7.269581930060472,24.74051724137931,44,4,Netherlands,0,3,Regular
12806.0,435,4,2878.96,1.6094379124341005,7.9655316841446515,42.96955223880597,58,4,Netherlands,0,3,Regular
12807.0,383,1,330.35,0.6931471805599453,5.803175218534236,20.646875,16,1,Sweden,0,1,Lapsed
12808.0,37,5,776.7,1.791759469228055,6.656340845700898,16.52553191489362,46,5,Portugal,0,3,Regular
12809.0,178,3,1755.94,1.3862943611198906,7.471328938486188,21.67827160493827,75,3,Portugal,0,3,Regular
12810.0,535,2,534.99,1.0986122886681098,6.284115504180345,16.7184375,32,2,Japan,0,1,Lapsed
12811.0,261,5,1033.9,1.791759469228055,6.942060082674128,18.4625,47,5,Portugal,0,3,Regular
12812.0,45,1,229.64,0.6931471805599453,5.440858053330147,15.309333333333337,15,1,Japan,0,0,New / Low Engagement
12813.0,502,3,1687.8,1.3862943611198906,7.4317734965341105,37.50666666666667,37,3,Netherlands,0,1,Lapsed
12814.0,102,1,125.92,0.6931471805599453,4.843556966714995,62.96,2,1,Poland,0,0,New / Low Engagement
12815.0,148,2,1063.46,1.0986122886681098,6.970222907300612,22.6268085106383,38,2,Poland,0,0,New / Low Engagement
12816.0,96,2,572.2,1.0986122886681098,6.351234695954017,19.731034482758623,27,2,Poland,0,0,New / Low Engagement
12817.0,281,3,690.98,1.3862943611198906,6.539557053465902,27.6392,16,3,Austria,0,0,New / Low Engagement
12818.0,262,1,1542.08,0.6931471805599453,7.341535698070348,110.14857142857144,14,1,Austria,0,0,New / Low Engagement
12819.0,458,1,540.52,0.6931471805599453,6.294380000200352,28.448421052631577,19,1,United Kingdom,1,1,Lapsed
12820.0,3,11,2689.52,2.4849066497880004,7.897489762464381,16.915220125786163,131,11,United Kingdom,1,3,Regular
12821.0,214,2,220.8,1.0986122886681098,5.401776074916267,16.984615384615385,13,2,United Kingdom,1,0,New / Low Engagement
12822.0,71,2,948.88,1.0986122886681098,6.856335660826602,20.62782608695652,41,2,United Kingdom,1,0,New / Low Engagement
12823.0,75,18,6501.5,2.9444389791664403,8.779941997322807,361.19444444444446,1,15,United Kingdom,1,2,Best Customers
12824.0,60,1,397.12,0.6931471805599453,5.986753467377863,15.8848,25,1,United Kingdom,1,0,New / Low Engagement
12825.0,521,2,518.63,1.0986122886681098,6.253117019850299,21.609583333333333,20,2,United Kingdom,1,1,Lapsed
12826.0,3,12,2800.75,2.5649493574615367,7.937999500932137,17.839171974522294,93,12,United Kingdom,1,2,Best Customers
12827.0,6,3,430.15,1.3862943611198906,6.066456057398334,17.206,19,3,United Kingdom,1,0,New / Low Engagement
12828.0,3,6,1018.71,1.9459101490553128,6.927273552128017,18.19125,46,6,United Kingdom,1,3,Regular
12829.0,337,3,385.3,1.3862943611198906,5.956614269672236,20.27894736842105,17,3,United Kingdom,1,1,Lapsed
12830.0,38,6,6814.64,1.9459101490553128,8.826975250212882,179.33263157894737,13,5,United Kingdom,1,3,Regular
12831.0,262,3,451.11,1.3862943611198906,6.113925513056159,20.505,16,2,United Kingdom,1,0,New / Low Engagement
12832.0,32,2,383.03,1.0986122886681098,5.950720674536128,14.186296296296298,27,2,United Kingdom,1,0,New / Low Engagement
12833.0,145,1,417.38,0.6931471805599453,6.036390110460975,17.390833333333333,24,1,United Kingdom,1,0,New / Low Engagement
12834.0,283,1,312.38,0.6931471805599453,5.747416511676263,17.354444444444443,18,1,United Kingdom,1,0,New / Low Engagement
12835.0,428,41,5996.83,3.737669618283368,8.699153016126363,9.750943089430894,138,37,United Kingdom,1,2,Best Customers
12836.0,59,15,6559.7300000000005,2.772588722239781,8.788857156234725,15.960413625304138,280,14,United Kingdom,1,2,Best Customers
12837.0,173,2,662.66,1.0986122886681098,6.497769970142218,7.530227272727273,83,2,United Kingdom,1,0,New / Low Engagement
12838.0,34,10,2975.91,2.3978952727983707,7.998641128781831,8.359297752808988,230,10,United Kingdom,1,3,Regular
12839.0,3,26,9669.12,3.295836866004329,9.176795997884303,17.453285198555957,156,26,United Kingdom,1,2,Best Customers
12840.0,144,7,4041.97,2.079441541679836,8.30473484938074,22.96573863636364,109,7,United Kingdom,1,3,Regular
12841.0,5,40,6958.2,3.713572066704308,8.847819804193332,10.804658385093168,307,39,United Kingdom,1,2,Best Customers
12842.0,70,4,1917.99,1.6094379124341005,7.559554284946702,39.958125,45,4,United Kingdom,1,3,Regular
12843.0,66,30,6583.36,3.4339872044851463,8.792452418869408,30.061004566210045,130,28,United Kingdom,1,2,Best Customers
12844.0,29,4,648.6,1.6094379124341005,6.476356788847468,6.297087378640777,88,4,United Kingdom,1,3,Regular
12845.0,267,4,354.09000000000003,1.6094379124341005,5.872371278471126,13.114444444444446,26,4,United Kingdom,1,0,New / Low Engagement
12846.0,682,1,15.58,0.6931471805599453,2.8081971497071487,15.58,1,1,United Kingdom,1,1,Lapsed
12847.0,22,2,1609.0,1.0986122886681098,7.383989457978509,13.521008403361344,100,2,United Kingdom,1,3,Regular
12848.0,676,1,208.0,0.6931471805599453,5.342334251964811,13.0,16,1,United Kingdom,1,1,Lapsed
12849.0,31,6,3042.4700000000003,1.9459101490553128,8.020753590812948,21.12826388888889,123,6,United Kingdom,1,3,Regular
12850.0,446,1,330.0,0.6931471805599453,5.802118375377063,165.0,2,1,United Kingdom,1,1,Lapsed
12851.0,97,2,280.76,1.0986122886681098,5.641055644747896,3.6462337662337663,71,2,United Kingdom,1,0,New / Low Engagement
12852.0,295,1,311.55,0.6931471805599453,5.744764456377822,18.326470588235296,17,1,United Kingdom,1,1,Lapsed
12853.0,135,11,3907.5,2.4849066497880004,8.270908947660384,26.402027027027028,111,7,United Kingdom,1,2,Best Customers
12854.0,79,7,2970.9700000000003,2.079441541679836,7.996980311574052,11.383026819923373,188,7,United Kingdom,1,3,Regular
12855.0,373,4,612.84,1.6094379124341005,6.41973430786941,9.146865671641793,65,3,United Kingdom,1,1,Lapsed
12856.0,8,6,2170.78,1.9459101490553128,7.683302386789297,6.98,155,6,United Kingdom,1,3,Regular
12857.0,211,6,3688.0,1.9459101490553128,8.213110697596676,30.479338842975206,71,6,United Kingdom,1,3,Regular
12858.0,383,1,147.27,0.6931471805599453,4.999034936029934,3.980270270270271,36,1,United Kingdom,1,1,Lapsed
12859.0,459,1,575.1,0.6931471805599453,6.356281256738337,27.38571428571429,21,1,United Kingdom,1,1,Lapsed
12860.0,693,1,54.22,0.6931471805599453,4.011325206502009,3.38875,16,1,United Kingdom,1,1,Lapsed
12861.0,620,1,68.25,0.6931471805599453,4.237723145067448,17.0625,4,1,United Kingdom,1,1,Lapsed
12862.0,426,2,984.62,1.0986122886681098,6.893270884781163,7.51618320610687,119,2,United Kingdom,1,1,Lapsed
12863.0,52,6,2792.55,1.9459101490553128,7.935068467432419,58.178125,24,6,United Kingdom,1,3,Regular
12864.0,138,2,299.57,1.0986122886681098,5.705680671939281,42.79571428571428,5,2,United Kingdom,1,0,New / Low Engagement
12865.0,26,4,3323.4700000000003,1.6094379124341005,8.109065541888423,17.0434358974359,156,4,Austria,0,3,Regular
12866.0,283,3,1227.35,1.3862943611198906,7.113427084384307,19.48174603174603,58,3,Belgium,0,3,Regular
12867.0,26,13,7829.26,2.6390573296152584,8.965750994052968,7.456438095238095,365,13,United Kingdom,1,2,Best Customers
12868.0,186,8,2043.76,2.19722457733622,7.623035702176544,15.251940298507463,86,8,United Kingdom,1,3,Regular
12869.0,682,1,337.67,0.6931471805599453,5.825026181941565,9.126216216216216,35,1,United Kingdom,1,1,Lapsed
12870.0,375,3,1676.95,1.3862943611198906,7.42532808920537,18.031720430107526,85,3,United Kingdom,1,1,Lapsed
12871.0,84,3,744.02,1.3862943611198906,6.613411063656805,41.33444444444444,13,3,United Kingdom,1,0,New / Low Engagement
12872.0,327,12,3283.96,2.5649493574615367,8.097109754284455,8.33492385786802,217,12,United Kingdom,1,3,Regular
12873.0,282,3,2027.3,1.3862943611198906,7.614953282764742,57.92285714285714,33,3,United Kingdom,1,3,Regular
12874.0,385,2,948.42,1.0986122886681098,6.855851271831715,19.75875,44,2,Belgium,0,1,Lapsed
12875.0,143,5,1356.9900000000002,1.791759469228055,7.213760944321279,169.62375000000003,2,5,United Kingdom,1,3,Regular
12876.0,58,4,4081.79,1.6094379124341005,8.314535857226844,24.010529411764704,117,4,Belgium,0,3,Regular
12877.0,4,20,2942.14,3.044522437723423,7.987232317608318,10.737737226277371,149,20,United Kingdom,1,2,Best Customers
12878.0,236,2,854.99,1.0986122886681098,6.752258693830513,18.19127659574468,38,2,United Kingdom,1,0,New / Low Engagement
12879.0,45,3,573.22,1.3862943611198906,6.353012598149689,57.322,7,3,United Kingdom,1,0,New / Low Engagement
12880.0,382,2,640.13,1.0986122886681098,6.463232244470209,17.781388888888888,32,2,United Kingdom,1,1,Lapsed
12881.0,276,1,298.0,0.6931471805599453,5.700443573390687,42.57142857142857,7,1,United Kingdom,1,0,New / Low Engagement
12882.0,9,2,1463.04,1.0986122886681098,7.288955016552379,112.54153846153848,12,2,United Kingdom,1,3,Regular
12883.0,25,4,703.47,1.6094379124341005,6.55744574703956,16.749285714285715,39,2,United Kingdom,1,3,Regular
12884.0,88,1,309.05,0.6931471805599453,5.736733574795887,44.15,7,1,United Kingdom,1,0,New / Low Engagement
12885.0,63,3,1175.22,1.3862943611198906,7.070061185792191,16.552394366197184,66,2,United Kingdom,1,3,Regular
12886.0,68,2,1378.4,1.0986122886681098,7.229403900997191,16.809756097560978,75,2,United Kingdom,1,3,Regular
12887.0,384,1,222.4,0.6931471805599453,5.4089638866351,17.107692307692307,13,1,United Kingdom,1,1,Lapsed
12888.0,214,2,354.12,1.0986122886681098,5.87245576052578,70.824,4,2,United Kingdom,1,0,New / Low Engagement
12889.0,381,4,385.46,1.6094379124341005,5.957028369786855,15.418400000000002,25,4,United Kingdom,1,1,Lapsed
12890.0,24,2,706.02,1.0986122886681098,6.561058954039599,5.229777777777778,124,2,United Kingdom,1,0,New / Low Engagement
12891.0,186,11,840.5,2.4849066497880004,6.735186013630861,76.4090909090909,2,11,United Kingdom,1,3,Regular
12892.0,397,1,263.38,0.6931471805599453,5.577387462151254,14.632222222222222,18,1,United Kingdom,1,1,Lapsed
12893.0,31,1,176.55,0.6931471805599453,5.179252259389097,5.695161290322581,27,1,United Kingdom,1,0,New / Low Engagement
12894.0,575,1,157.35,0.6931471805599453,5.064807772984649,7.492857142857143,21,1,United Kingdom,1,1,Lapsed
12895.0,42,2,372.8,1.0986122886681098,5.923720895021463,16.945454545454545,22,2,United Kingdom,1,0,New / Low Engagement
12897.0,205,4,514.25,1.6094379124341005,6.244652219770568,36.73214285714285,10,4,United Kingdom,1,0,New / Low Engagement
12898.0,464,2,296.21,1.0986122886681098,5.6944389596530485,10.97074074074074,27,2,United Kingdom,1,1,Lapsed
12899.0,414,1,366.4,0.6931471805599453,5.906451172781026,21.552941176470583,17,1,United Kingdom,1,1,Lapsed
12900.0,422,1,340.33000000000004,0.6931471805599453,5.832849751258659,26.179230769230774,13,1,United Kingdom,1,1,Lapsed
12901.0,9,28,17654.54,3.367295829986474,9.778804894130932,152.19431034482758,30,23,United Kingdom,1,2,Best Customers
12902.0,265,1,138.68,0.6931471805599453,4.939354092091292,13.868,10,1,United Kingdom,1,0,New / Low Engagement
12903.0,429,1,833.5300000000001,0.6931471805599453,6.726868692126177,20.33,41,1,United Kingdom,1,1,Lapsed
12904.0,18,2,496.06,1.0986122886681098,6.208710743156108,6.986760563380281,59,2,United Kingdom,1,0,New / Low Engagement
12905.0,577,2,1018.42,1.0986122886681098,6.926989117097435,18.85962962962963,52,2,United Kingdom,1,1,Lapsed
12906.0,12,5,2919.81,1.791759469228055,7.979616254055095,46.34619047619047,55,2,United Kingdom,1,3,Regular
12907.0,396,2,508.91,1.0986122886681098,6.23423423955737,20.3564,23,2,United Kingdom,1,1,Lapsed
12908.0,176,5,1776.0,1.791759469228055,7.482681828154651,355.2,1,5,United Kingdom,1,3,Regular
12909.0,40,8,3103.19,2.19722457733622,8.040508090769977,19.640443037974684,120,7,United Kingdom,1,3,Regular
12910.0,23,13,5796.52,2.6390573296152584,8.665185518886565,42.31036496350365,75,10,United Kingdom,1,2,Best Customers
12911.0,552,1,1651.72,0.6931471805599453,7.410177694483373,6.998813559322034,220,1,United Kingdom,1,1,Lapsed
12912.0,3,5,1662.3,1.791759469228055,7.416558859796489,69.2625,17,5,United Kingdom,1,3,Regular
12913.0,5,13,6283.24,2.6390573296152584,8.745800190880452,68.29608695652173,52,13,United Kingdom,1,2,Best Customers
12914.0,401,1,223.98,0.6931471805599453,5.41601150936468,24.886666666666667,9,1,United Kingdom,1,1,Lapsed
12915.0,149,4,975.1,1.6094379124341005,6.88356504018092,16.25166666666667,46,4,United Kingdom,1,3,Regular
12916.0,139,7,4479.73,2.079441541679836,8.407541258563274,26.044941860465112,82,7,United Kingdom,1,3,Regular
12917.0,128,6,4359.2,1.9459101490553128,8.380273206850646,87.184,45,5,United Kingdom,1,3,Regular
12918.0,626,1,10953.5,0.6931471805599453,9.301505609728274,10953.5,1,1,United Kingdom,1,1,Lapsed
12919.0,8,6,1335.19,1.9459101490553128,7.197577559553778,26.7038,34,6,United Kingdom,1,3,Regular
12920.0,17,4,486.64,1.6094379124341005,6.189577428696945,8.248135593220338,59,3,United Kingdom,1,0,New / Low Engagement
12921.0,9,74,35233.24,4.31748811353631,10.469773616066316,23.504496330887257,322,50,United Kingdom,1,2,Best Customers
12922.0,161,1,405.38,0.6931471805599453,6.007288682454868,14.477857142857143,28,1,United Kingdom,1,0,New / Low Engagement
12923.0,64,3,770.42,1.3862943611198906,6.648232972324212,12.840333333333332,54,3,United Kingdom,1,0,New / Low Engagement
12924.0,88,12,2469.4,2.5649493574615367,7.8121353598304575,33.37027027027027,56,11,United Kingdom,1,3,Regular
12925.0,5,3,729.33,1.3862943611198906,6.593496486790971,14.5866,46,3,United Kingdom,1,0,New / Low Engagement
12926.0,411,4,1523.97,1.6094379124341005,7.329730016716866,5.816679389312977,202,4,United Kingdom,1,1,Lapsed
12927.0,395,1,197.31,0.6931471805599453,5.289831462897738,17.937272727272727,11,1,United Kingdom,1,1,Lapsed
12928.0,35,12,4304.89,2.5649493574615367,8.367739131847895,24.04966480446928,94,11,United Kingdom,1,2,Best Customers
12929.0,312,1,117.85,0.6931471805599453,4.777862193806203,14.73125,8,1,United Kingdom,1,1,Lapsed
12930.0,78,2,415.8,1.0986122886681098,6.032606490439157,16.632,20,2,United Kingdom,1,0,New / Low Engagement
12931.0,22,57,92347.34,4.060443010546419,11.433323010371083,423.6116513761468,37,43,United Kingdom,1,2,Best Customers
12932.0,539,8,1698.56,2.19722457733622,7.438124673014305,17.87957894736842,69,7,United Kingdom,1,1,Lapsed
12933.0,24,8,1636.63,2.19722457733622,7.401005353671219,5.663079584775087,227,7,United Kingdom,1,3,Regular
12934.0,737,1,181.65,0.6931471805599453,5.207571753241291,90.825,2,1,United Kingdom,1,1,Lapsed
12935.0,2,15,4243.86,2.772588722239781,8.353464118225153,16.70811023622047,113,13,United Kingdom,1,2,Best Customers
12936.0,17,4,1063.9,1.6094379124341005,6.970636177021338,17.15967741935484,56,3,United Kingdom,1,3,Regular
12937.0,15,9,3097.61,2.302585092994046,8.03870890282091,14.274700460829491,128,9,United Kingdom,1,3,Regular
12938.0,26,1,114.14,0.6931471805599453,4.746148779247664,12.682222222222222,9,1,United Kingdom,1,0,New / Low Engagement
12939.0,64,20,25264.8,3.044522437723423,10.13720698158251,293.7767441860465,24,16,United Kingdom,1,2,Best Customers
12940.0,55,2,899.69,1.0986122886681098,6.803161136252212,9.371770833333334,87,2,United Kingdom,1,0,New / Low Engagement
12941.0,724,1,377.49,0.6931471805599453,5.936189652449227,13.981111111111112,27,1,United Kingdom,1,1,Lapsed
12942.0,131,3,675.6,1.3862943611198906,6.517080256346608,9.651428571428571,68,3,United Kingdom,1,0,New / Low Engagement
12943.0,558,2,496.5,1.0986122886681098,6.209595556598647,19.86,22,2,United Kingdom,1,1,Lapsed
12944.0,36,2,604.51,1.0986122886681098,6.406071078133402,20.15033333333333,29,2,United Kingdom,1,0,New / Low Engagement
12945.0,288,2,900.11,1.0986122886681098,6.803627336726857,17.64921568627451,47,2,United Kingdom,1,0,New / Low Engagement
12946.0,437,1,324.45,0.6931471805599453,5.785208840018396,16.2225,20,1,United Kingdom,1,1,Lapsed
12947.0,144,6,1603.99,1.9459101490553128,7.380872805015112,16.535979381443298,83,6,United Kingdom,1,3,Regular
12948.0,16,9,2317.43,2.302585092994046,7.748645511441289,18.53944,89,9,United Kingdom,1,3,Regular
12949.0,31,22,15526.7,3.1354942159291497,9.650380804724035,21.715664335664336,347,16,United Kingdom,1,2,Best Customers
12950.0,2,3,1843.0,1.3862943611198906,7.519692404116539,80.1304347826087,13,3,United Kingdom,1,3,Regular
12951.0,9,15,3213.7200000000003,2.772588722239781,8.075495541121626,16.56556701030928,110,15,United Kingdom,1,2,Best Customers
12952.0,6,4,1387.79,1.6094379124341005,7.236188143419333,17.566962025316457,64,3,United Kingdom,1,3,Regular
12953.0,10,2,828.8100000000001,1.0986122886681098,6.721196758922804,17.266875000000002,45,2,United Kingdom,1,0,New / Low Engagement
12954.0,639,1,162.45,0.6931471805599453,5.09650713317022,16.244999999999997,10,1,United Kingdom,1,1,Lapsed
12955.0,1,11,4757.16,2.4849066497880004,8.46761631787212,26.428666666666665,81,11,United Kingdom,1,2,Best Customers
12956.0,306,4,521.89,1.6094379124341005,6.259371116895707,12.42595238095238,42,4,United Kingdom,1,0,New / Low Engagement
12957.0,10,13,8706.97,2.6390573296152584,9.071993977240556,17.769326530612243,402,11,United Kingdom,1,2,Best Customers
12958.0,400,2,467.34,1.0986122886681098,6.149194527873866,9.537551020408165,45,2,United Kingdom,1,1,Lapsed
12959.0,484,1,150.95,0.6931471805599453,5.023551519362802,18.86875,8,1,United Kingdom,1,1,Lapsed
12960.0,414,4,1322.0700000000002,1.6094379124341005,7.187710072768178,18.886714285714287,49,4,United Kingdom,1,1,Lapsed
12961.0,379,1,211.99,0.6931471805599453,5.361245216250509,5.29975,37,1,United Kingdom,1,1,Lapsed
12962.0,7,2,266.39,1.0986122886681098,5.588708266810736,16.649375,15,2,United Kingdom,1,0,New / Low Engagement
12963.0,8,12,3235.79,2.5649493574615367,8.082337376937627,18.59649425287356,129,11,United Kingdom,1,2,Best Customers
12964.0,437,1,132.24,0.6931471805599453,4.892152013325479,5.086153846153847,26,1,United Kingdom,1,1,Lapsed
12965.0,89,1,769.8100000000001,0.6931471805599453,6.647441909990047,7.1278703703703705,108,1,United Kingdom,1,0,New / Low Engagement
12966.0,10,1,160.18,0.6931471805599453,5.0825217528963655,16.018,10,1,United Kingdom,1,0,New / Low Engagement
12967.0,358,3,2938.52,1.3862943611198906,7.986001581697374,45.208,47,3,United Kingdom,1,3,Regular
12968.0,112,1,135.95,0.6931471805599453,4.919615895709087,27.19,5,1,United Kingdom,1,0,New / Low Engagement
12969.0,603,1,122.45,0.6931471805599453,4.8158362157911885,24.49,5,1,United Kingdom,1,1,Lapsed
12970.0,7,10,1453.6,2.3978952727983707,7.28248622772044,4.213333333333333,280,5,United Kingdom,1,3,Regular
12971.0,4,116,15704.6,4.762173934797756,9.661772615636483,38.58624078624079,102,99,United Kingdom,1,2,Best Customers
12972.0,414,4,1161.2,1.6094379124341005,7.058070039641005,15.08051948051948,69,4,United Kingdom,1,1,Lapsed
12973.0,414,1,385.55,0.6931471805599453,5.957261225766484,64.25833333333334,6,1,United Kingdom,1,1,Lapsed
12974.0,198,2,408.95,1.0986122886681098,6.016035201042187,12.7796875,27,2,United Kingdom,1,0,New / Low Engagement
12975.0,437,6,2100.09,1.9459101490553128,7.650211536671941,18.750803571428573,92,5,United Kingdom,1,3,Regular
12976.0,212,8,3156.38,2.19722457733622,8.057497848751854,20.495974025974025,106,7,United Kingdom,1,3,Regular
12977.0,156,4,513.88,1.6094379124341005,6.243933863804019,8.86,54,3,United Kingdom,1,0,New / Low Engagement
12978.0,385,5,2502.82,1.791759469228055,7.825572844652115,15.35472392638037,126,5,United Kingdom,1,3,Regular
12979.0,729,1,517.7,0.6931471805599453,6.251325681357355,9.24464285714286,56,1,United Arab Emirates,0,1,Lapsed
12980.0,158,21,16245.78,3.091042453358316,9.695650014276662,312.4188461538462,7,21,United Kingdom,1,2,Best Customers
12981.0,30,2,372.22,1.0986122886681098,5.922168058105325,18.611,12,2,United Kingdom,1,0,New / Low Engagement
12982.0,243,8,2744.81,2.19722457733622,7.917831392382723,15.420280898876404,139,8,United Kingdom,1,3,Regular
12983.0,598,1,490.08,0.6931471805599453,6.196607047312639,16.336,30,1,United Kingdom,1,1,Lapsed
12984.0,19,1,97.5,0.6931471805599453,4.590056548178043,24.375,4,1,United Kingdom,1,0,New / Low Engagement
12985.0,1,2,1239.38,1.0986122886681098,7.123173063265281,16.30763157894737,73,2,United Kingdom,1,0,New / Low Engagement
12986.0,429,10,2729.84,2.3978952727983707,7.912364533159128,26.763137254901963,61,7,United Kingdom,1,3,Regular
12987.0,74,5,1312.21,1.791759469228055,7.180229800584737,19.881969696969698,61,5,United Kingdom,1,3,Regular
12988.0,292,1,505.82,0.6931471805599453,6.228155910967461,6.094216867469879,75,1,United Kingdom,1,0,New / Low Engagement
12989.0,3,33,13551.75,3.5263605246161616,9.51434475774539,139.70876288659792,50,28,United Kingdom,1,2,Best Customers
12990.0,31,7,955.5,2.079441541679836,6.863280788880307,35.388888888888886,9,7,United Kingdom,1,3,Regular
12991.0,23,3,764.82,1.3862943611198906,6.640947155181664,16.996000000000002,45,3,United Kingdom,1,0,New / Low Engagement
12992.0,725,1,93.35,0.6931471805599453,4.547011271814559,15.558333333333332,6,1,United Kingdom,1,1,Lapsed
12993.0,23,8,1259.63,2.19722457733622,7.139366874987175,16.574078947368424,57,7,United Kingdom,1,3,Regular
12994.0,4,3,974.42,1.3862943611198906,6.882868147474188,15.974098360655738,52,3,United Kingdom,1,3,Regular
12995.0,85,1,211.32,0.6931471805599453,5.358094570583897,70.44,3,1,United Kingdom,1,0,New / Low Engagement
12996.0,376,1,355.5,0.6931471805599453,5.876334239854351,16.15909090909091,22,1,United Kingdom,1,1,Lapsed
12997.0,22,8,2110.91,2.19722457733622,7.655348030281802,19.72813084112149,65,8,United Kingdom,1,3,Regular
12998.0,493,3,920.08,1.3862943611198906,6.825546894589419,15.86344827586207,58,3,United Kingdom,1,1,Lapsed
12999.0,196,3,455.88,1.3862943611198906,6.124420774356607,16.28142857142857,25,3,United Kingdom,1,0,New / Low Engagement
13000.0,107,4,1032.5,1.6094379124341005,6.940706379121823,16.653225806451612,57,4,United Kingdom,1,3,Regular
13001.0,4,33,24042.65,3.5263605246161616,10.087626207406956,23.687339901477834,300,33,United Kingdom,1,2,Best Customers
13002.0,318,3,414.13,1.3862943611198906,6.0285917241892655,18.00565217391304,19,3,United Kingdom,1,1,Lapsed
13003.0,106,3,149.05,1.3862943611198906,5.010968571886377,24.84166666666667,4,3,United Kingdom,1,0,New / Low Engagement
13004.0,12,36,11650.85,3.610917912644224,9.363220244669996,14.295521472392638,417,35,United Kingdom,1,2,Best Customers
13005.0,174,4,999.68,1.6094379124341005,6.908435047886894,17.85142857142857,41,4,United Kingdom,1,3,Regular
13006.0,56,1,81.57,0.6931471805599453,4.413646418429337,20.3925,4,1,United Kingdom,1,0,New / Low Engagement
13007.0,580,1,175.25,0.6931471805599453,5.171903441692378,15.931818181818182,11,1,United Kingdom,1,1,Lapsed
13008.0,323,3,612.13,1.3862943611198906,6.418576985230311,17.489428571428572,31,3,United Kingdom,1,1,Lapsed
13009.0,673,1,234.0,0.6931471805599453,5.459585514144159,58.5,4,1,United Kingdom,1,1,Lapsed
13010.0,374,2,330.12,1.0986122886681098,5.802480847440477,27.51,10,2,United Kingdom,1,1,Lapsed
13011.0,372,1,50.55,0.6931471805599453,3.942552210462969,16.85,3,1,United Kingdom,1,1,Lapsed
13012.0,9,11,2957.83,2.4849066497880004,7.992549198907951,19.33222222222222,95,11,United Kingdom,1,2,Best Customers
13013.0,1,29,11097.43,3.4011973816621555,9.3145589358552,22.787330595482548,289,27,United Kingdom,1,2,Best Customers
13014.0,11,11,5381.08,2.4849066497880004,8.590830195539068,24.02267857142857,140,11,United Kingdom,1,2,Best Customers
13015.0,53,11,6579.78,2.4849066497880004,8.791908558327364,18.907413793103448,260,9,United Kingdom,1,2,Best Customers
13016.0,73,3,789.89,1.3862943611198906,6.673158893621945,16.806170212765956,39,2,United Kingdom,1,0,New / Low Engagement
13017.0,7,1,204.0,0.6931471805599453,5.3230099791384085,204.0,1,1,United Kingdom,1,0,New / Low Engagement
13018.0,16,35,9763.16,3.58351893845611,9.18647381810534,16.190978441127694,401,24,United Kingdom,1,2,Best Customers
13019.0,379,6,1229.95,1.9459101490553128,7.115541507975305,22.362727272727277,46,6,United Kingdom,1,3,Regular
13020.0,563,2,618.96,1.0986122886681098,6.42965495982885,15.870769230769232,38,2,United Kingdom,1,1,Lapsed
13021.0,4,17,4887.24,2.8903717578961645,8.494587599482408,19.016498054474702,166,16,United Kingdom,1,2,Best Customers
13022.0,430,1,65.3,0.6931471805599453,4.194189897191817,13.06,5,1,Belgium,0,1,Lapsed
13023.0,64,3,1449.03,1.3862943611198906,7.279339524855764,19.06618421052632,69,3,United Kingdom,1,3,Regular
13024.0,471,2,555.87,1.0986122886681098,6.32233181950912,17.931290322580644,26,2,United Kingdom,1,1,Lapsed
13025.0,732,1,323.39,0.6931471805599453,5.781946495625555,24.876153846153844,13,1,United Kingdom,1,1,Lapsed
13026.0,1,9,1733.08,2.302585092994046,7.458232292377749,21.13512195121951,52,9,United Kingdom,1,3,Regular
13027.0,114,19,17239.2,2.995732273553991,9.754999145078468,202.8141176470588,7,19,United Kingdom,1,2,Best Customers
13028.0,23,2,661.3199999999999,1.0986122886681098,6.49574882283055,14.695999999999998,40,2,United Kingdom,1,0,New / Low Engagement
13029.0,31,5,1927.3,1.791759469228055,7.564394064725559,113.37058823529412,13,5,United Kingdom,1,3,Regular
13030.0,11,2,752.44,1.0986122886681098,6.6246493864952445,8.178695652173914,76,2,United Kingdom,1,0,New / Low Engagement
13031.0,407,5,3292.84,1.791759469228055,8.099809336394545,8.090515970515971,275,5,United Kingdom,1,3,Regular
13032.0,52,9,2815.96,2.302585092994046,7.943413568272541,13.60367149758454,147,6,United Kingdom,1,3,Regular
13033.0,357,2,220.55,1.0986122886681098,5.400648297645499,16.965384615384615,12,2,United Kingdom,1,1,Lapsed
13034.0,55,3,756.82,1.3862943611198906,6.630445890424145,17.200454545454548,42,3,United Kingdom,1,0,New / Low Engagement
13035.0,74,3,1364.2,1.3862943611198906,7.219056217032552,32.48095238095238,27,3,United Kingdom,1,3,Regular
13036.0,685,1,307.1,0.6931471805599453,5.730424405602622,51.18333333333334,6,1,United Kingdom,1,1,Lapsed
13037.0,138,12,3914.95,2.5649493574615367,8.272813235438143,16.87478448275862,181,11,United Kingdom,1,2,Best Customers
13038.0,80,3,908.46,1.3862943611198906,6.812851016782114,32.445,24,3,United Kingdom,1,3,Regular
13039.0,584,4,1010.73,1.6094379124341005,6.919417015831408,18.37690909090909,37,4,United Kingdom,1,1,Lapsed
13040.0,9,2,676.99,1.0986122886681098,6.519132538569087,15.743953488372092,38,2,United Kingdom,1,0,New / Low Engagement
13041.0,451,4,799.13,1.6094379124341005,6.684774214466232,22.832285714285717,23,4,United Kingdom,1,1,Lapsed
13042.0,598,3,1488.59,1.3862943611198906,7.306256193288668,8.09016304347826,164,3,United Kingdom,1,1,Lapsed
13043.0,273,1,516.42,0.6931471805599453,6.248854923817375,39.72461538461538,13,1,United Kingdom,1,0,New / Low Engagement
13044.0,291,11,4848.05,2.4849066497880004,8.486538088456603,11.653966346153847,356,11,United Kingdom,1,2,Best Customers
13045.0,99,3,808.9200000000001,1.3862943611198906,6.696935477356759,17.976000000000003,41,3,United Kingdom,1,0,New / Low Engagement
13046.0,31,3,949.25,1.3862943611198906,6.856725107869358,16.950892857142858,50,3,United Kingdom,1,3,Regular
13047.0,32,24,8428.53,3.218875824868201,9.039496296179472,22.297698412698413,190,19,United Kingdom,1,2,Best Customers
13048.0,14,9,4049.13,2.302585092994046,8.306504258350863,15.279735849056603,125,9,United Kingdom,1,3,Regular
13049.0,64,4,1408.24,1.6094379124341005,7.250805830963473,54.16307692307692,19,4,United Kingdom,1,3,Regular
13050.0,15,35,11986.52,3.58351893845611,9.39162138759489,12.181422764227642,513,35,United Kingdom,1,2,Best Customers
13051.0,579,2,155.8,1.0986122886681098,5.054971107916307,38.95,4,2,United Kingdom,1,1,Lapsed
13052.0,212,7,3119.33,2.079441541679836,8.045694044441127,12.577943548387095,161,6,United Kingdom,1,3,Regular
13053.0,622,1,127.65,0.6931471805599453,4.857095538727753,7.508823529411765,17,1,United Kingdom,1,1,Lapsed
13055.0,78,4,2321.11,1.6094379124341005,7.7502315340901236,15.072142857142858,145,3,United Kingdom,1,3,Regular
13056.0,551,1,209.48,0.6931471805599453,5.349390636732037,11.025263157894736,18,1,United Kingdom,1,1,Lapsed
13057.0,530,3,709.59,1.3862943611198906,6.566095610873215,17.73975,34,3,United Kingdom,1,1,Lapsed
13058.0,25,3,271.40000000000003,1.3862943611198906,5.607271574275358,33.925000000000004,5,3,United Kingdom,1,0,New / Low Engagement
13059.0,250,10,2291.77,2.3978952727983707,7.737515972550064,11.57459595959596,155,9,United Kingdom,1,3,Regular
13060.0,254,1,307.53000000000003,0.6931471805599453,5.731819083350057,20.502,15,1,United Kingdom,1,0,New / Low Engagement
13061.0,72,1,248.61,0.6931471805599453,5.519899699795292,24.861,10,1,United Kingdom,1,0,New / Low Engagement
13062.0,191,1,346.98,0.6931471805599453,5.85214500685857,31.543636363636367,11,1,United Kingdom,1,0,New / Low Engagement
13063.0,481,1,188.4,0.6931471805599453,5.243861180751978,15.7,12,1,United Kingdom,1,1,Lapsed
13064.0,13,6,1666.84,1.9459101490553128,7.419284655056371,17.92301075268817,58,6,United Kingdom,1,3,Regular
13065.0,373,5,1055.05,1.791759469228055,6.962290811630151,17.016935483870967,49,5,United Kingdom,1,3,Regular
13066.0,24,2,470.8,1.0986122886681098,6.156555166973575,9.808333333333334,48,2,United Kingdom,1,0,New / Low Engagement
13067.0,82,3,508.51,1.3862943611198906,6.233449479555548,15.8909375,24,3,United Kingdom,1,0,New / Low Engagement
13068.0,10,2,344.0,1.0986122886681098,5.84354441703136,172.0,1,2,United Kingdom,1,0,New / Low Engagement
13069.0,1,38,9284.45,3.6635616461296463,9.136203937878962,8.944556840077071,573,32,United Kingdom,1,2,Best Customers
13070.0,192,4,751.7,1.6094379124341005,6.623666742040486,22.77878787878788,12,4,United Kingdom,1,3,Regular
13071.0,612,1,129.22,0.6931471805599453,4.869225327808716,10.768333333333333,12,1,United Kingdom,1,1,Lapsed
13072.0,267,1,177.15,0.6931471805599453,5.182625892051845,25.307142857142857,7,1,United Kingdom,1,0,New / Low Engagement
13073.0,411,2,418.08,1.0986122886681098,6.038061832484764,15.484444444444444,25,2,United Kingdom,1,1,Lapsed
13074.0,511,4,1378.74,1.6094379124341005,7.229650354603547,47.54275862068965,26,4,United Kingdom,1,1,Lapsed
13075.0,130,1,919.61,0.6931471805599453,6.825036493805135,41.80045454545455,22,1,United Kingdom,1,0,New / Low Engagement
13076.0,458,1,135.4,0.6931471805599453,4.915591745409362,15.044444444444444,9,1,United Kingdom,1,1,Lapsed
13077.0,1,11,2740.65,2.4849066497880004,7.91631520791963,8.305,208,10,United Kingdom,1,3,Regular
13078.0,3,57,29018.06,4.060443010546419,10.275708134459396,36.685284450063214,153,55,United Kingdom,1,2,Best Customers
13079.0,4,6,419.18,1.9459101490553128,6.040683190895481,24.657647058823528,11,6,United Kingdom,1,3,Regular
13080.0,179,4,280.73,1.6094379124341005,5.640949165484632,14.775263157894738,17,4,United Kingdom,1,0,New / Low Engagement
13081.0,12,28,56838.37,3.367295829986474,10.94798449840577,24.929109649122807,738,25,United Kingdom,1,2,Best Customers
13082.0,126,21,7335.75,3.091042453358316,8.900651244261311,56.86627906976744,99,16,United Kingdom,1,2,Best Customers
13083.0,4,3,395.43,1.3862943611198906,5.982499480722332,17.974090909090908,19,3,United Kingdom,1,0,New / Low Engagement
13084.0,492,1,122.4,0.6931471805599453,4.815431111471288,61.2,2,1,United Kingdom,1,1,Lapsed
13085.0,158,8,2433.28,2.19722457733622,7.797406303907397,28.96761904761905,50,5,United Kingdom,1,3,Regular
13086.0,383,1,439.33,0.6931471805599453,6.087524445802853,9.34744680851064,47,1,United Kingdom,1,1,Lapsed
13087.0,726,1,313.64,0.6931471805599453,5.751429128123554,20.909333333333333,15,1,United Kingdom,1,1,Lapsed
13088.0,417,1,236.11,0.6931471805599453,5.468524168478886,11.8055,19,1,United Kingdom,1,1,Lapsed
13089.0,3,203,113416.91,5.318119993844216,11.638834594313067,34.21324585218703,857,132,United Kingdom,1,2,Best Customers
13090.0,9,24,13091.74,3.218875824868201,9.479813157091224,47.78007299270073,163,22,United Kingdom,1,2,Best Customers
13091.0,28,3,2321.82,1.3862943611198906,7.7505372437587425,51.596,41,2,United Kingdom,1,3,Regular
13092.0,71,12,2140.28,2.5649493574615367,7.669159060048065,20.38361904761905,52,12,United Kingdom,1,3,Regular
13093.0,276,55,54144.25,4.02535169073515,10.899425529283327,52.212391513982645,199,43,United Kingdom,1,2,Best Customers
13094.0,21,13,2209.44,2.6390573296152584,7.700946869717639,76.18758620689655,5,13,United Kingdom,1,2,Best Customers
13095.0,71,1,74.39999999999999,0.6931471805599453,4.32280727501391,12.4,6,1,United Kingdom,1,0,New / Low Engagement
13096.0,394,1,419.7000000000001,0.6931471805599453,6.041919990596475,419.7000000000001,1,1,United Kingdom,1,1,Lapsed
13097.0,33,28,13324.1,3.367295829986474,9.497404753696316,13.27101593625498,390,23,United Kingdom,1,2,Best Customers
13098.0,1,28,28882.44,3.367295829986474,10.271023699486712,50.49377622377622,156,26,United Kingdom,1,2,Best Customers
13099.0,99,1,207.36,0.6931471805599453,5.339267352876991,207.36,1,1,United Kingdom,1,0,New / Low Engagement
13101.0,234,4,695.4,1.6094379124341005,6.545924207894034,13.635294117647058,48,4,United Kingdom,1,3,Regular
13102.0,1,37,11380.1,3.6375861597263857,9.339709363817402,23.65925155925156,212,33,United Kingdom,1,2,Best Customers
13103.0,40,3,709.64,1.3862943611198906,6.566165972461445,21.504242424242424,27,3,United Kingdom,1,0,New / Low Engagement
13104.0,3,9,1709.1,2.302585092994046,7.444307127319008,56.97,15,9,United Kingdom,1,3,Regular
13105.0,436,1,72.0,0.6931471805599453,4.290459441148391,72.0,1,1,United Kingdom,1,1,Lapsed
13106.0,133,2,603.46,1.0986122886681098,6.40433549747674,37.71625,15,2,United Kingdom,1,0,New / Low Engagement
13107.0,44,9,5253.07,2.302585092994046,8.56675829333907,29.511629213483143,142,9,United Kingdom,1,2,Best Customers
13108.0,373,2,748.46,1.0986122886681098,6.619352947205873,21.38457142857143,27,2,United Kingdom,1,1,Lapsed
13109.0,60,3,1134.03,1.3862943611198906,7.034414361284253,16.20042857142857,57,3,United Kingdom,1,3,Regular
13110.0,31,12,2957.4700000000003,2.5649493574615367,7.992427521791549,11.735992063492064,167,11,United Kingdom,1,2,Best Customers
13111.0,719,1,321.88000000000005,0.6931471805599453,5.777280737165245,26.823333333333338,12,1,United Kingdom,1,1,Lapsed
13112.0,541,1,20.6,0.6931471805599453,3.0726933146901194,10.3,2,1,United Kingdom,1,1,Lapsed
13113.0,1,37,18230.07,3.6375861597263857,9.810882560409938,48.355623342175065,166,36,United Kingdom,1,2,Best Customers
13114.0,731,1,234.38,0.6931471805599453,5.461201229449516,14.64875,16,1,United Kingdom,1,1,Lapsed
13115.0,12,10,5494.7,2.3978952727983707,8.611721247259522,17.49904458598726,178,10,United Kingdom,1,2,Best Customers
13116.0,138,1,501.14,0.6931471805599453,6.218878965272838,16.704666666666665,30,1,United Kingdom,1,0,New / Low Engagement
13117.0,22,18,2255.66,2.9444389791664403,7.721641123024098,13.923827160493826,122,18,United Kingdom,1,2,Best Customers
13118.0,20,9,2415.41,2.302585092994046,7.790038246643707,16.320337837837837,111,8,United Kingdom,1,3,Regular
13119.0,669,1,134.9,0.6931471805599453,4.911919321157098,12.263636363636364,11,1,United Kingdom,1,1,Lapsed
13120.0,239,1,30.6,0.6931471805599453,3.4531571205928664,30.6,1,1,United Kingdom,1,0,New / Low Engagement
13121.0,269,1,283.73,0.6931471805599453,5.6515413628105104,5.674600000000001,50,1,United Kingdom,1,0,New / Low Engagement
13122.0,94,2,922.39,1.0986122886681098,6.828051680471256,16.77072727272727,54,2,United Kingdom,1,0,New / Low Engagement
13123.0,473,2,506.75,1.0986122886681098,6.229989200460494,11.261111111111113,36,2,United Kingdom,1,1,Lapsed
13124.0,90,4,4641.66,1.6094379124341005,8.443042756822537,16.401625441696112,216,4,United Kingdom,1,3,Regular
13125.0,524,1,148.62,0.6931471805599453,5.008098746444259,7.431,20,1,United Kingdom,1,1,Lapsed
13126.0,5,13,3774.81,2.6390573296152584,8.236370208202798,15.860546218487396,183,12,United Kingdom,1,2,Best Customers
13127.0,78,1,259.17,0.6931471805599453,5.561335263505108,17.278000000000002,15,1,United Kingdom,1,0,New / Low Engagement
13128.0,631,1,263.5,0.6931471805599453,5.577841251298354,263.5,1,1,United Kingdom,1,1,Lapsed
13129.0,452,2,233.25,1.0986122886681098,5.456388921118531,21.204545454545453,10,2,United Kingdom,1,1,Lapsed
13130.0,94,1,64.0,0.6931471805599453,4.174387269895637,32.0,2,1,United Kingdom,1,0,New / Low Engagement
13131.0,23,7,3313.77,2.079441541679836,8.106143518614155,22.24006711409396,107,6,United Kingdom,1,3,Regular
13132.0,262,1,77.3,0.6931471805599453,4.360547602996758,25.766666666666666,3,1,United Kingdom,1,0,New / Low Engagement
13133.0,274,3,200.45,1.3862943611198906,5.305541211637356,16.704166666666666,12,3,United Kingdom,1,0,New / Low Engagement
13134.0,86,6,2475.23,1.9459101490553128,7.814492521251219,20.45644628099173,110,6,United Kingdom,1,3,Regular
13135.0,197,2,3371.45,1.0986122886681098,8.12339476217512,187.30277777777775,18,2,United Kingdom,1,3,Regular
13136.0,56,13,6274.56,2.6390573296152584,8.74441800304595,19.919238095238097,204,9,United Kingdom,1,2,Best Customers
13137.0,11,16,7586.94,2.833213344056216,8.934315423801714,5.442568149210904,628,16,United Kingdom,1,2,Best Customers
13138.0,22,7,1274.01,2.079441541679836,7.150709300699024,14.98835294117647,41,7,United Kingdom,1,3,Regular
13139.0,16,8,8202.98,2.19722457733622,9.012374681354098,30.95464150943396,214,7,United Kingdom,1,2,Best Customers
13140.0,108,5,1054.92,1.791759469228055,6.9621677038207,10.046857142857144,89,5,United Kingdom,1,3,Regular
13141.0,85,17,7656.08,2.8903717578961645,8.943385989014663,18.056792452830187,285,15,United Kingdom,1,2,Best Customers
13142.0,19,1,307.09000000000003,0.6931471805599453,5.7303919480814,13.351739130434783,23,1,United Kingdom,1,0,New / Low Engagement
13143.0,585,1,405.1,0.6931471805599453,6.006599434692252,17.61304347826087,23,1,United Kingdom,1,1,Lapsed
13144.0,333,2,135.35,1.0986122886681098,4.9152251092915975,22.558333333333334,6,2,United Kingdom,1,1,Lapsed
13145.0,40,7,1128.52,2.079441541679836,7.029548042701269,125.39111111111112,5,7,United Kingdom,1,3,Regular
13146.0,26,1,228.91,0.6931471805599453,5.437687927995845,13.465294117647058,16,1,United Kingdom,1,0,New / Low Engagement
13147.0,10,4,712.8,1.6094379124341005,6.57060281105606,178.2,1,4,United Kingdom,1,3,Regular
13148.0,29,26,8497.82,3.295836866004329,9.047682609312115,11.13737876802097,451,18,United Kingdom,1,2,Best Customers
13149.0,14,4,1676.06,1.6094379124341005,7.424797539358498,19.48906976744186,76,4,United Kingdom,1,3,Regular
13150.0,484,3,449.97,1.3862943611198906,6.111400818443195,56.24625,7,2,United Kingdom,1,1,Lapsed
13151.0,296,3,2465.21,1.3862943611198906,7.810437838249392,15.60259493670886,131,3,United Kingdom,1,3,Regular
13152.0,417,7,2146.38,2.079441541679836,7.672003773368138,15.899111111111113,114,7,United Kingdom,1,3,Regular
13153.0,6,1,486.22,0.6931471805599453,6.188715766456242,32.41466666666667,15,1,United Kingdom,1,0,New / Low Engagement
13154.0,399,3,1624.84,1.3862943611198906,7.3937798842820515,17.471397849462363,78,3,United Kingdom,1,1,Lapsed
13155.0,33,6,1370.48,1.9459101490553128,7.223645727697507,12.236428571428572,79,6,United Kingdom,1,3,Regular
13156.0,385,3,1586.54,1.3862943611198906,7.369940927299805,15.255192307692308,94,3,United Kingdom,1,1,Lapsed
13157.0,49,9,5687.36,2.302585092994046,8.646177260619517,22.65880478087649,173,8,United Kingdom,1,2,Best Customers
13158.0,95,5,1508.18,1.791759469228055,7.319321735948278,15.0818,70,5,United Kingdom,1,3,Regular
13159.0,9,4,1429.35,1.6094379124341005,7.26567444855103,11.91125,114,4,United Kingdom,1,3,Regular
13160.0,22,1,91.8,0.6931471805599453,4.530446639792155,22.95,4,1,United Kingdom,1,0,New / Low Engagement
13161.0,313,2,472.13,1.0986122886681098,6.159370192167576,14.306969696969697,30,2,United Kingdom,1,1,Lapsed
13162.0,122,16,9275.49,2.833213344056216,9.135238521473577,38.972647058823526,186,16,United Kingdom,1,2,Best Customers
13163.0,610,1,17.65,0.6931471805599453,2.9258461460898246,8.825,2,1,United Kingdom,1,1,Lapsed
13164.0,569,2,372.2,1.0986122886681098,5.922114468973189,37.22,7,2,United Kingdom,1,1,Lapsed
13165.0,46,3,1451.16,1.3862943611198906,7.280807382151422,29.61551020408163,47,3,United Kingdom,1,3,Regular
13166.0,283,2,875.93,1.0986122886681098,6.776427171626729,12.881323529411764,55,2,United Kingdom,1,0,New / Low Engagement
13167.0,19,5,1125.15,1.791759469228055,7.026560014747387,13.890740740740744,64,5,United Kingdom,1,3,Regular
13168.0,36,5,1840.73,1.791759469228055,7.5184606262668225,10.640057803468208,127,5,United Kingdom,1,3,Regular
13169.0,64,3,840.08,1.3862943611198906,6.734686780300234,46.67111111111112,16,3,United Kingdom,1,0,New / Low Engagement
13170.0,27,1,108.81,0.6931471805599453,4.698751599609622,3.627,29,1,United Kingdom,1,0,New / Low Engagement
13171.0,22,3,468.41,1.3862943611198906,6.151476586982076,10.182826086956522,37,3,United Kingdom,1,0,New / Low Engagement
13172.0,400,1,69.6,0.6931471805599453,4.257030144499196,69.6,1,1,United Kingdom,1,1,Lapsed
13173.0,4,11,2399.82,2.4849066497880004,7.78356562464794,11.110277777777778,160,10,United Kingdom,1,3,Regular
13174.0,16,12,7995.36,2.5649493574615367,8.986741717118063,8.523837953091684,602,11,United Kingdom,1,2,Best Customers
13175.0,582,2,831.45,1.0986122886681098,6.724373159990861,18.075,40,2,United Kingdom,1,1,Lapsed
13176.0,46,1,481.49,0.6931471805599453,6.178960195175666,7.186417910447761,66,1,United Kingdom,1,0,New / Low Engagement
13177.0,65,2,512.2,1.0986122886681098,6.240665632741481,17.073333333333334,23,2,United Kingdom,1,0,New / Low Engagement
13178.0,26,21,14059.19,3.091042453358316,9.551102678786863,20.46461426491994,194,21,United Kingdom,1,2,Best Customers
13179.0,619,1,572.3100000000001,0.6931471805599453,6.3514265826367975,16.832647058823532,34,1,United Kingdom,1,1,Lapsed
13180.0,607,1,86.10000000000001,0.6931471805599453,4.467056883858457,21.525,4,1,United Kingdom,1,1,Lapsed
13181.0,381,1,359.69,0.6931471805599453,5.888018863654928,18.931052631578947,19,1,United Kingdom,1,1,Lapsed
13182.0,45,1,121.18,0.6931471805599453,4.805495367221621,11.016363636363636,11,1,United Kingdom,1,0,New / Low Engagement
13183.0,8,15,7036.18,2.772588722239781,8.858962800721406,45.10371794871795,64,15,United Kingdom,1,2,Best Customers
13184.0,15,10,1668.95,2.3978952727983707,7.420548964842826,9.323743016759776,138,9,United Kingdom,1,3,Regular
13185.0,268,1,71.4,0.6931471805599453,4.282206299391671,71.4,1,1,United Kingdom,1,0,New / Low Engagement
13186.0,40,3,1575.89,1.3862943611198906,7.363209831835215,19.947974683544302,69,3,United Kingdom,1,3,Regular
13187.0,337,4,341.36,1.6094379124341005,5.835862815013409,6.095714285714286,51,2,United Kingdom,1,1,Lapsed
13188.0,11,1,114.6,0.6931471805599453,4.750135956238277,57.3,2,1,United Kingdom,1,0,New / Low Engagement
13189.0,19,2,260.68,1.0986122886681098,5.567122383230129,8.988965517241379,29,2,United Kingdom,1,0,New / Low Engagement
13190.0,544,3,570.66,1.3862943611198906,6.348544409056351,33.56823529411764,16,3,United Kingdom,1,1,Lapsed
13191.0,658,1,164.69,0.6931471805599453,5.1101185725812055,2.79135593220339,58,1,United Kingdom,1,1,Lapsed
13192.0,95,6,2558.58,1.9459101490553128,7.847598461513884,15.793703703703704,135,5,United Kingdom,1,3,Regular
13193.0,61,1,112.08,0.6931471805599453,4.72809553282539,4.4832,22,1,United Kingdom,1,0,New / Low Engagement
13194.0,136,2,472.78,1.0986122886681098,6.160743078929981,47.278,10,2,United Kingdom,1,0,New / Low Engagement
13195.0,414,1,136.73,0.6931471805599453,4.92529524692924,2.972391304347826,43,1,United Kingdom,1,1,Lapsed
13196.0,11,7,3068.84,2.079441541679836,8.029380721959248,16.323617021276597,141,6,United Kingdom,1,3,Regular
13197.0,610,1,373.0100000000001,0.6931471805599453,5.924282535024993,19.632105263157897,19,1,United Kingdom,1,1,Lapsed
13198.0,10,8,4974.2300000000005,2.19722457733622,8.512226879679845,15.841496815286623,265,8,United Kingdom,1,3,Regular
13199.0,4,67,15964.21,4.219507705176107,9.678167258836252,78.64142857142858,61,57,United Kingdom,1,2,Best Customers
13200.0,19,4,870.09,1.6094379124341005,6.769745301020691,18.915,42,4,United Kingdom,1,3,Regular
13201.0,502,4,1233.06,1.6094379124341005,7.118064825649593,14.337906976744186,65,4,United Kingdom,1,1,Lapsed
13202.0,394,7,1580.3,2.079441541679836,7.366002572529271,22.90289855072464,55,7,United Kingdom,1,3,Regular
13203.0,10,10,2648.25,2.3978952727983707,7.882031860054945,15.670118343195266,158,10,United Kingdom,1,3,Regular
13204.0,731,1,966.66,0.6931471805599453,6.874880785908055,16.958947368421054,57,1,United Kingdom,1,1,Lapsed
13205.0,443,1,2803.2,0.6931471805599453,7.938873572287031,2803.2,1,1,United Kingdom,1,1,Lapsed
13206.0,400,13,8308.19,2.6390573296152584,9.025117410174513,14.678780918727917,393,12,United Kingdom,1,2,Best Customers
13207.0,15,4,535.86,1.6094379124341005,6.285737352883712,41.22,10,4,United Kingdom,1,0,New / Low Engagement
13208.0,59,9,1976.3,2.302585092994046,7.589487556726784,7.842460317460318,198,9,United Kingdom,1,3,Regular
13209.0,30,13,8509.51,2.6390573296152584,9.049057149266432,23.25002732240437,284,11,United Kingdom,1,2,Best Customers
13210.0,94,1,353.48,0.6931471805599453,5.8706519268912345,16.067272727272726,22,1,United Kingdom,1,0,New / Low Engagement
13211.0,10,10,2618.77,2.3978952727983707,7.8708418066421615,13.028706467661692,98,9,United Kingdom,1,3,Regular
13212.0,20,3,786.83,1.3862943611198906,6.669282330542903,5.580354609929079,128,2,United Kingdom,1,0,New / Low Engagement
13213.0,57,11,3851.52,2.4849066497880004,8.25648275861493,18.88,181,10,United Kingdom,1,2,Best Customers
13214.0,418,7,3264.23,2.079441541679836,8.091085483333597,14.254279475982532,207,7,United Kingdom,1,3,Regular
13215.0,402,1,81.6,0.6931471805599453,4.414009680526933,81.6,1,1,United Kingdom,1,1,Lapsed
13216.0,268,1,333.74,0.6931471805599453,5.813354111085492,66.748,5,1,United Kingdom,1,0,New / Low Engagement
13217.0,122,4,666.48,1.6094379124341005,6.503509427278702,133.296,3,4,United Kingdom,1,3,Regular
13218.0,127,1,62.64,0.6931471805599453,4.153242203469586,12.528,5,1,United Kingdom,1,0,New / Low Engagement
13219.0,618,1,76.23,0.6931471805599453,4.346787982581173,6.930000000000001,11,1,United Kingdom,1,1,Lapsed
13220.0,78,5,1336.09,1.791759469228055,7.198250889720467,25.20924528301887,46,5,United Kingdom,1,3,Regular
13221.0,240,2,847.41,1.0986122886681098,6.743364009514037,12.839545454545457,62,2,United Kingdom,1,0,New / Low Engagement
13222.0,577,1,88.5,0.6931471805599453,4.4942386252808095,88.5,1,1,United Kingdom,1,1,Lapsed
13223.0,200,6,969.12,1.9459101490553128,6.877419775186018,74.5476923076923,8,6,United Kingdom,1,3,Regular
13224.0,60,2,2155.95,1.0986122886681098,7.676450465777419,19.9625,101,2,United Kingdom,1,3,Regular
13225.0,3,16,16260.07,2.833213344056216,9.69652918659476,130.08056,60,15,United Kingdom,1,2,Best Customers
13226.0,273,2,312.46,1.0986122886681098,5.747671760225922,11.159285714285714,28,2,United Kingdom,1,0,New / Low Engagement
13227.0,202,1,257.7,0.6931471805599453,5.555669089191984,28.633333333333333,9,1,United Kingdom,1,0,New / Low Engagement
13228.0,81,1,358.0,0.6931471805599453,5.883322388488279,179.0,2,1,United Kingdom,1,0,New / Low Engagement
13229.0,226,1,160.95,0.6931471805599453,5.087287645617338,16.095,10,1,United Kingdom,1,0,New / Low Engagement
13230.0,4,30,6120.01,3.4339872044851463,8.719482394569717,4.892094324540368,653,29,United Kingdom,1,2,Best Customers
13232.0,13,7,1328.35,2.079441541679836,7.192445379947863,6.575990099009901,147,7,United Kingdom,1,3,Regular
13233.0,74,4,1176.46,1.6094379124341005,7.071114855037561,15.479736842105265,74,4,United Kingdom,1,3,Regular
13234.0,673,2,346.5,1.0986122886681098,5.850764665004847,5.680327868852459,56,2,United Kingdom,1,1,Lapsed
13235.0,212,1,1031.07,0.6931471805599453,6.939321773198559,17.77706896551724,53,1,United Kingdom,1,0,New / Low Engagement
13236.0,25,2,744.85,1.0986122886681098,6.614524507599939,20.69027777777778,34,2,United Kingdom,1,0,New / Low Engagement
13237.0,388,1,643.0,0.6931471805599453,6.467698726104354,26.791666666666668,24,1,United Kingdom,1,1,Lapsed
13238.0,17,6,1006.63,1.9459101490553128,6.915356317754957,21.41765957446809,24,6,United Kingdom,1,3,Regular
13239.0,262,5,1594.69,1.791759469228055,7.375061523554606,17.14720430107527,86,5,United Kingdom,1,3,Regular
13240.0,96,8,1475.79,2.19722457733622,7.297626092328045,7.342238805970149,160,7,United Kingdom,1,3,Regular
13241.0,412,1,112.53,0.6931471805599453,4.732067119176442,2.81325,40,1,United Kingdom,1,1,Lapsed
13242.0,112,7,699.4,2.079441541679836,6.551651600411697,19.982857142857146,19,6,United Kingdom,1,3,Regular
13243.0,203,5,1220.38,1.791759469228055,7.107736646002929,5.953073170731708,165,3,United Kingdom,1,3,Regular
13244.0,93,1,121.74,0.6931471805599453,4.810068296960951,4.508888888888889,27,1,United Kingdom,1,0,New / Low Engagement
13245.0,51,2,989.22,1.0986122886681098,6.897927140663157,21.982666666666667,43,2,United Kingdom,1,0,New / Low Engagement
13246.0,18,11,3351.75,2.4849066497880004,8.11753618359105,9.034366576819409,229,11,United Kingdom,1,2,Best Customers
13247.0,18,4,501.12,1.6094379124341005,6.218839134950008,20.0448,18,4,United Kingdom,1,0,New / Low Engagement
13248.0,125,2,465.68,1.0986122886681098,6.145643797955656,17.91076923076923,25,2,United Kingdom,1,0,New / Low Engagement
13249.0,92,9,1608.9299999999998,2.302585092994046,7.383945978772432,45.969428571428566,21,9,United Kingdom,1,3,Regular
13250.0,461,2,253.09,1.0986122886681098,5.537688534966898,13.320526315789474,17,2,United Kingdom,1,1,Lapsed
13251.0,402,1,252.68,0.6931471805599453,5.536073630230092,10.1072,25,1,United Kingdom,1,1,Lapsed
13252.0,394,2,399.3,1.0986122886681098,5.992214265998528,21.01578947368421,19,2,United Kingdom,1,1,Lapsed
13253.0,157,4,2951.11,1.6094379124341005,7.990275447898748,39.34813333333334,73,4,United Kingdom,1,3,Regular
13254.0,376,1,51.41,0.6931471805599453,3.959097412814075,12.8525,4,1,United Kingdom,1,1,Lapsed
13255.0,9,3,678.76,1.3862943611198906,6.521739794695286,26.106153846153845,26,3,United Kingdom,1,0,New / Low Engagement
13257.0,436,1,149.75,0.6931471805599453,5.015622835607295,21.392857142857142,7,1,United Kingdom,1,1,Lapsed
13258.0,12,5,1009.43,1.791759469228055,6.918131261806908,22.94159090909091,29,5,United Kingdom,1,3,Regular
13259.0,62,9,1402.54,2.302585092994046,7.246752895573941,4.480958466453674,234,7,United Kingdom,1,3,Regular
13260.0,61,1,557.62,0.6931471805599453,6.325469456665338,69.7025,8,1,United Kingdom,1,0,New / Low Engagement
13261.0,269,2,944.1,1.0986122886681098,6.8512907420010105,104.9,8,2,United Kingdom,1,0,New / Low Engagement
13262.0,263,3,573.45,1.3862943611198906,6.353413061299374,11.469,48,3,United Kingdom,1,0,New / Low Engagement
13263.0,1,39,8676.2,3.688879454113936,9.068454174968906,4.554435695538058,507,37,United Kingdom,1,2,Best Customers
13264.0,443,1,722.5600000000001,0.6931471805599453,6.584183472833434,19.014736842105265,38,1,United Kingdom,1,1,Lapsed
13265.0,53,5,2092.66,1.791759469228055,7.646669009574865,23.25177777777777,66,5,United Kingdom,1,3,Regular
13266.0,11,19,6135.04,2.995732273553991,8.721934861930668,19.98384364820847,154,19,United Kingdom,1,2,Best Customers
13267.0,3,36,9429.81,3.610917912644224,9.151737268015,22.943576642335763,152,27,United Kingdom,1,2,Best Customers
13268.0,18,11,3174.75,2.4849066497880004,8.06329910390357,7.331986143187067,257,10,United Kingdom,1,2,Best Customers
13269.0,1,28,8537.32,3.367295829986474,9.052319546118964,17.566502057613167,238,21,United Kingdom,1,2,Best Customers
13270.0,366,1,590.0,0.6931471805599453,6.3818160174060985,590.0,1,1,United Kingdom,1,1,Lapsed
13271.0,37,1,211.49,0.6931471805599453,5.358894928433641,2.430919540229885,79,1,United Kingdom,1,0,New / Low Engagement
13272.0,31,2,276.56,1.0986122886681098,5.626037126031348,18.43733333333333,15,2,United Kingdom,1,0,New / Low Engagement
13273.0,113,1,138.98,0.6931471805599453,4.941499555261394,8.68625,16,1,United Kingdom,1,0,New / Low Engagement
13274.0,409,1,360.85,0.6931471805599453,5.891229761312137,18.992105263157896,19,1,United Kingdom,1,1,Lapsed
13275.0,384,2,238.86,1.0986122886681098,5.480055419803575,4.97625,48,2,United Kingdom,1,1,Lapsed
13276.0,64,5,1891.91,1.791759469228055,7.545870606497474,7.915941422594143,209,5,United Kingdom,1,3,Regular
13277.0,16,7,523.3,2.079441541679836,6.262064039578487,22.752173913043475,10,7,United Kingdom,1,3,Regular
13278.0,41,4,1435.85,1.6094379124341005,7.27020849649701,13.294907407407406,80,4,United Kingdom,1,3,Regular
13279.0,78,1,137.75,0.6931471805599453,4.932673752626544,15.305555555555555,9,1,United Kingdom,1,0,New / Low Engagement
13280.0,122,7,2293.33,2.079441541679836,7.738196140874339,11.186975609756097,159,6,United Kingdom,1,3,Regular
13281.0,439,1,350.85,0.6931471805599453,5.863204948412558,15.947727272727274,22,1,United Kingdom,1,1,Lapsed
13282.0,18,4,1313.19,1.6094379124341005,7.1809757852429135,25.74882352941177,42,4,United Kingdom,1,3,Regular
13283.0,60,4,373.36,1.6094379124341005,5.925217901289056,18.668,19,4,United Kingdom,1,0,New / Low Engagement
13284.0,331,1,201.19,0.6931471805599453,5.309207849379209,15.476153846153846,13,1,United Kingdom,1,1,Lapsed
13285.0,23,6,3364.59,1.9459101490553128,8.121358561033485,14.565324675324677,182,6,United Kingdom,1,3,Regular
13286.0,600,1,734.91,0.6931471805599453,6.601107828643053,14.998163265306122,46,1,United Kingdom,1,1,Lapsed
13287.0,603,3,781.59,1.3862943611198906,6.662608931774919,14.746981132075472,46,3,United Kingdom,1,1,Lapsed
13288.0,443,5,927.61,1.791759469228055,6.833688844427256,92.761,7,5,United Kingdom,1,1,Lapsed
13289.0,724,1,307.95,0.6931471805599453,5.733179451506989,19.246875,16,1,United Kingdom,1,1,Lapsed
13290.0,438,1,208.63,0.6931471805599453,5.345344071975791,208.63,1,1,United Kingdom,1,1,Lapsed
13291.0,156,11,3270.79,2.4849066497880004,8.093092514733858,10.285503144654088,155,11,United Kingdom,1,3,Regular
13292.0,39,5,994.51,1.791759469228055,6.903255168657213,16.856101694915253,55,5,United Kingdom,1,3,Regular
13293.0,392,6,1192.94,1.9459101490553128,7.085014041433629,16.56861111111111,51,6,United Kingdom,1,3,Regular
13294.0,190,3,1689.53,1.3862943611198906,7.432797368219404,16.564019607843136,93,3,United Kingdom,1,3,Regular
13295.0,360,4,1101.97,1.6094379124341005,7.005761820334205,16.44731343283582,56,4,United Kingdom,1,3,Regular
13296.0,137,6,792.51,1.9459101490553128,6.676466142281509,14.953018867924529,50,6,United Kingdom,1,3,Regular
13297.0,8,7,4368.62,2.079441541679836,8.382431327786959,35.51723577235772,108,6,United Kingdom,1,3,Regular
13298.0,1,1,360.0,0.6931471805599453,5.8888779583328805,180.0,2,1,United Kingdom,1,0,New / Low Engagement
13299.0,268,3,1218.7,1.3862943611198906,7.106360205849192,19.656451612903226,56,3,United Kingdom,1,3,Regular
13300.0,169,3,1285.51,1.3862943611198906,7.159688404719184,23.37290909090909,44,3,United Kingdom,1,3,Regular
13301.0,104,4,618.09,1.6094379124341005,6.428250657915328,7.630740740740741,75,4,United Kingdom,1,3,Regular
13302.0,155,2,159.2,1.0986122886681098,5.076423034634259,53.06666666666666,3,2,United Kingdom,1,0,New / Low Engagement
13303.0,400,1,61.72,0.6931471805599453,4.138680376042152,15.43,4,1,United Kingdom,1,1,Lapsed
13304.0,351,4,1217.99,1.6094379124341005,7.105777926002176,15.61525641025641,59,4,United Kingdom,1,3,Regular
13305.0,4,16,3616.41,2.833213344056216,8.193513579136026,18.08205,153,16,United Kingdom,1,2,Best Customers
13306.0,430,1,53.65,0.6931471805599453,4.000949214622548,13.4125,4,1,United Kingdom,1,1,Lapsed
13307.0,120,3,273.34,1.3862943611198906,5.614368213050261,18.222666666666665,15,3,United Kingdom,1,0,New / Low Engagement
13308.0,23,4,1670.37,1.6094379124341005,7.421398928381481,23.52633802816901,65,4,United Kingdom,1,3,Regular
13309.0,7,6,1706.37,1.9459101490553128,7.442709453846698,13.125923076923078,95,6,United Kingdom,1,3,Regular
13310.0,28,5,1541.2,1.791759469228055,7.34096524739886,16.223157894736843,80,5,United Kingdom,1,3,Regular
13311.0,4,2,598.57,1.0986122886681098,6.396212731621162,23.02192307692308,25,2,United Kingdom,1,0,New / Low Engagement
13312.0,451,1,124.75,0.6931471805599453,4.8342958089798485,24.95,5,1,United Kingdom,1,1,Lapsed
13313.0,22,12,3445.32,2.5649493574615367,8.145062274064983,18.42417112299465,105,11,United Kingdom,1,2,Best Customers
13314.0,2,3,775.94,1.3862943611198906,6.655363127308804,12.51516129032258,55,3,United Kingdom,1,0,New / Low Engagement
13315.0,689,1,310.26000000000005,0.6931471805599453,5.7406285757768645,14.102727272727275,22,1,United Kingdom,1,1,Lapsed
13316.0,37,10,12940.82,2.3978952727983707,9.46821920731465,74.80242774566474,115,10,United Kingdom,1,2,Best Customers
13317.0,66,19,6486.091,2.995732273553991,8.777569481170776,18.854915697674414,222,15,United Kingdom,1,2,Best Customers
13318.0,1,3,640.76,1.3862943611198906,6.464214402021743,32.038,14,3,United Kingdom,1,0,New / Low Engagement
13319.0,5,58,21323.22,4.07753744390572,9.967598794903124,23.10208017334778,345,40,United Kingdom,1,2,Best Customers
13320.0,78,6,2211.6,1.9459101490553128,7.70192357360081,14.842953020134228,98,5,United Kingdom,1,3,Regular
13321.0,72,2,567.36,1.0986122886681098,6.342755020769874,51.57818181818182,10,2,United Kingdom,1,0,New / Low Engagement
13322.0,17,1,199.48,0.6931471805599453,5.300714491147758,7.9792,25,1,United Kingdom,1,0,New / Low Engagement
13323.0,3,5,787.85,1.791759469228055,6.670576188703463,37.516666666666666,6,5,United Kingdom,1,3,Regular
13324.0,36,18,10513.47,2.9444389791664403,9.260507682681968,79.6475,36,12,United Kingdom,1,2,Best Customers
13325.0,82,1,675.3,0.6931471805599453,6.516636764580894,56.275,12,1,United Kingdom,1,0,New / Low Engagement
13326.0,432,1,281.76,0.6931471805599453,5.644598481302753,21.673846153846156,13,1,United Kingdom,1,1,Lapsed
13327.0,39,20,9134.48,3.044522437723423,9.119921012587652,28.45632398753894,175,19,United Kingdom,1,2,Best Customers
13328.0,316,1,1308.48,0.6931471805599453,7.17738539082617,76.96941176470588,17,1,United Kingdom,1,1,Lapsed
13329.0,32,8,4808.77,2.19722457733622,8.478404544908718,40.75228813559322,68,6,United Kingdom,1,3,Regular
13330.0,93,6,2796.1,1.9459101490553128,7.936338445154914,23.8982905982906,80,6,United Kingdom,1,3,Regular
13331.0,402,1,262.4,0.6931471805599453,5.573673789309181,21.866666666666664,12,1,United Kingdom,1,1,Lapsed
13332.0,14,1,350.90000000000003,0.6931471805599453,5.86334704432754,16.709523809523812,21,1,United Kingdom,1,0,New / Low Engagement
13333.0,411,3,1015.74,1.3862943611198906,6.924356709479563,18.468,54,3,United Kingdom,1,1,Lapsed
13334.0,82,5,6201.8,1.791759469228055,8.732756081989994,13.08396624472574,307,5,United Kingdom,1,3,Regular
13336.0,77,1,795.12,0.6931471805599453,6.679749928251019,15.590588235294115,51,1,United Kingdom,1,0,New / Low Engagement
13337.0,546,1,1575.26,0.6931471805599453,7.362810231430298,18.106436781609197,87,1,United Kingdom,1,1,Lapsed
13338.0,158,4,2445.62,1.6094379124341005,7.802462759189066,19.10640625,113,4,United Kingdom,1,3,Regular
13339.0,201,1,860.12,0.6931471805599453,6.758233867538541,15.928148148148148,54,1,United Kingdom,1,0,New / Low Engagement
13340.0,45,12,22100.56,2.5649493574615367,10.003403473249906,102.7933023255814,190,9,United Kingdom,1,2,Best Customers
13341.0,261,1,775.85,0.6931471805599453,6.65524728153801,18.472619047619048,42,1,United Kingdom,1,0,New / Low Engagement
13343.0,178,1,353.43,0.6931471805599453,5.870510865261174,18.60157894736842,19,1,United Kingdom,1,0,New / Low Engagement
13344.0,68,3,2511.69,1.3862943611198906,7.829109171398687,21.6525,115,2,United Kingdom,1,3,Regular
13345.0,288,1,389.5,0.6931471805599453,5.967427969279741,19.475,20,1,United Kingdom,1,0,New / Low Engagement
13346.0,463,6,299.4,1.9459101490553128,5.705114919889979,49.9,4,5,United Kingdom,1,1,Lapsed
13347.0,70,1,341.36,0.6931471805599453,5.835862815013409,42.67,8,1,United Kingdom,1,0,New / Low Engagement
13348.0,64,1,233.76,0.6931471805599453,5.458563715690134,16.697142857142858,14,1,United Kingdom,1,0,New / Low Engagement
13349.0,11,1,247.32,0.6931471805599453,5.514718236994854,15.4575,16,1,United Kingdom,1,0,New / Low Engagement
13350.0,16,2,979.12,1.0986122886681098,6.887675013147945,24.478,36,2,United Kingdom,1,0,New / Low Engagement
13351.0,66,1,373.94,0.6931471805599453,5.926766013169045,23.37125,16,1,United Kingdom,1,0,New / Low Engagement
13352.0,60,1,397.98,0.6931471805599453,5.988911290320265,16.5825,24,1,United Kingdom,1,0,New / Low Engagement
13354.0,71,1,743.53,0.6931471805599453,6.612753146812557,14.579019607843136,51,1,United Kingdom,1,0,New / Low Engagement
13355.0,122,1,674.7,0.6931471805599453,6.515749190558129,21.084375,32,1,United Kingdom,1,0,New / Low Engagement
13356.0,80,1,768.24,0.6931471805599453,6.645403014442647,18.29142857142857,42,1,United Kingdom,1,0,New / Low Engagement
13357.0,257,5,3805.51,1.791759469228055,8.244468037828065,9.658654822335023,284,4,United Kingdom,1,3,Regular
13358.0,269,1,439.03,0.6931471805599453,6.086842906406214,15.13896551724138,29,1,United Kingdom,1,0,New / Low Engagement
13359.0,64,2,1043.31,1.0986122886681098,6.951111659232052,18.630535714285717,52,2,United Kingdom,1,0,New / Low Engagement
13360.0,432,4,1553.65,1.6094379124341005,7.349005718893091,23.54015151515152,58,4,United Kingdom,1,1,Lapsed
13361.0,472,2,1450.5,1.0986122886681098,7.280352783464685,42.66176470588236,29,2,United Kingdom,1,1,Lapsed
13362.0,9,7,5394.07,2.079441541679836,8.593240852584891,18.100906040268452,186,7,United Kingdom,1,3,Regular
13363.0,18,3,1723.86,1.3862943611198906,7.452901166751566,16.90058823529412,78,3,United Kingdom,1,3,Regular
13364.0,71,1,134.96,0.6931471805599453,4.912360724827916,13.496,10,1,United Kingdom,1,0,New / Low Engagement
13365.0,34,2,2225.37,1.0986122886681098,7.708127735453272,17.385703125,122,2,United Kingdom,1,3,Regular
13366.0,50,1,56.16,0.6931471805599453,4.045854353061666,56.16,1,1,United Kingdom,1,0,New / Low Engagement
13367.0,432,1,510.2,0.6931471805599453,6.236760903063325,25.51,20,1,United Kingdom,1,1,Lapsed
13368.0,257,4,1121.5,1.6094379124341005,7.02331361961641,21.567307692307693,45,4,United Kingdom,1,3,Regular
13369.0,366,1,308.28000000000003,0.6931471805599453,5.734247015460021,22.020000000000003,14,1,United Kingdom,1,1,Lapsed
13370.0,372,1,754.87,0.6931471805599453,6.62786940372116,19.355641025641027,39,1,United Kingdom,1,1,Lapsed
13371.0,505,2,2297.66,1.0986122886681098,7.740081623439195,24.9745652173913,75,2,United Kingdom,1,1,Lapsed
13372.0,90,1,378.64,0.6931471805599453,5.939223435262291,16.46260869565217,23,1,United Kingdom,1,0,New / Low Engagement
13373.0,61,6,7587.19,1.9459101490553128,8.934348370277531,21.193268156424583,292,6,United Kingdom,1,3,Regular
13374.0,415,2,422.8,1.0986122886681098,6.049261645834199,24.87058823529412,17,2,United Kingdom,1,1,Lapsed
13375.0,89,2,1792.23,1.0986122886681098,7.491773742009734,25.242676056338027,62,2,United Kingdom,1,3,Regular
13376.0,99,3,1019.76,1.3862943611198906,6.928302726869797,19.240754716981133,45,3,United Kingdom,1,3,Regular
13377.0,397,2,1552.88,1.0986122886681098,7.348510307868749,19.90871794871795,71,2,United Kingdom,1,1,Lapsed
13379.0,26,3,572.56,1.3862943611198906,6.351862551846838,5.902680412371134,85,3,United Kingdom,1,0,New / Low Engagement
13380.0,433,1,62.4,0.6931471805599453,4.14946386144318,20.8,3,1,United Kingdom,1,1,Lapsed
13381.0,32,12,8224.37,2.5649493574615367,9.014978559424218,23.10216292134832,154,12,United Kingdom,1,2,Best Customers
13382.0,281,5,1387.58,1.791759469228055,7.236036921219625,16.134651162790696,74,5,United Kingdom,1,3,Regular
13383.0,544,1,305.28000000000003,0.6931471805599453,5.724499716244923,305.28000000000003,1,1,United Kingdom,1,1,Lapsed
13384.0,31,11,6680.83,2.4849066497880004,8.807147181108476,25.30617424242424,192,10,United Kingdom,1,2,Best Customers
13385.0,330,1,534.57,0.6931471805599453,6.283331600299074,15.273428571428571,35,1,United Kingdom,1,1,Lapsed
13386.0,414,2,835.46,1.0986122886681098,6.729178700993051,26.950322580645164,24,2,United Kingdom,1,1,Lapsed
13387.0,417,1,186.94,0.6931471805599453,5.236122762954919,2.632957746478873,71,1,United Kingdom,1,1,Lapsed
13388.0,131,3,1185.65,1.3862943611198906,7.078889490135516,17.183333333333334,68,2,United Kingdom,1,3,Regular
13389.0,11,3,797.96,1.3862943611198906,6.683310881934879,15.646274509803922,50,3,United Kingdom,1,0,New / Low Engagement
13390.0,75,1,544.08,0.6931471805599453,6.30093257288162,41.8523076923077,13,1,United Kingdom,1,0,New / Low Engagement
13391.0,204,1,59.8,0.6931471805599453,4.107589788972121,59.8,1,1,United Kingdom,1,0,New / Low Engagement
13392.0,677,1,91.14,0.6931471805599453,4.523309159507771,11.3925,8,1,United Kingdom,1,1,Lapsed
13393.0,584,4,1131.45,1.6094379124341005,7.032138706272169,16.397826086956524,53,4,United Kingdom,1,1,Lapsed
13394.0,2,19,6621.7,2.995732273553991,8.798258420765713,16.18997555012225,254,19,United Kingdom,1,2,Best Customers
13395.0,185,3,1180.23,1.3862943611198906,7.074311547447687,14.57074074074074,77,3,United Kingdom,1,3,Regular
13396.0,29,2,1360.99,1.0986122886681098,7.216702144538598,31.65093023255814,42,2,United Kingdom,1,0,New / Low Engagement
13397.0,73,10,3191.87,2.3978952727983707,8.068675477823932,35.863707865168536,68,10,United Kingdom,1,3,Regular
13398.0,192,2,670.34,1.0986122886681098,6.509275715047685,17.18820512820513,37,2,United Kingdom,1,0,New / Low Engagement
13399.0,464,3,275.4,1.3862943611198906,5.621849091893515,18.36,10,3,United Kingdom,1,1,Lapsed
13400.0,583,1,310.83,0.6931471805599453,5.742458167518031,13.514347826086956,23,1,United Kingdom,1,1,Lapsed
13402.0,127,4,1226.85,1.6094379124341005,7.113019951409055,15.52974683544304,55,4,United Kingdom,1,3,Regular
13403.0,18,3,229.5,1.3862943611198906,5.440250862436703,25.5,9,3,United Kingdom,1,0,New / Low Engagement
13404.0,1,2,252.49,1.0986122886681098,5.5353243745214,22.953636363636363,11,2,United Kingdom,1,0,New / Low Engagement
13405.0,74,6,1213.811,1.9459101490553128,7.1023437881190725,28.228162790697677,33,6,United Kingdom,1,3,Regular
13406.0,427,2,568.92,1.0986122886681098,6.3454960001012966,63.21333333333333,7,2,United Kingdom,1,1,Lapsed
13407.0,579,3,2244.7,1.3862943611198906,7.716772555584495,26.408235294117645,85,3,United Kingdom,1,1,Lapsed
13408.0,2,106,50174.782,4.672828834461906,10.82328775899401,60.74428813559322,321,76,United Kingdom,1,2,Best Customers
13410.0,24,9,2201.96,2.302585092994046,7.697557189578945,44.0392,25,9,United Kingdom,1,3,Regular
13411.0,107,1,213.55,0.6931471805599453,5.368542811437534,11.863888888888887,17,1,United Kingdom,1,0,New / Low Engagement
13412.0,620,1,487.35,0.6931471805599453,6.191032361893486,14.333823529411765,33,1,United Kingdom,1,1,Lapsed
13413.0,640,6,429.44,1.9459101490553128,6.064807941332192,9.986976744186046,38,4,United Kingdom,1,1,Lapsed
13414.0,134,6,2494.14,1.9459101490553128,7.822100118835836,45.348,48,6,United Kingdom,1,3,Regular
13415.0,473,4,784.17,1.6094379124341005,6.66590025484612,7.764059405940594,85,3,United Kingdom,1,1,Lapsed
13416.0,44,3,940.8,1.3862943611198906,6.847792937809454,36.18461538461538,16,3,United Kingdom,1,3,Regular
13417.0,5,6,1669.49,1.9459101490553128,7.420872275547227,21.681688311688312,57,5,United Kingdom,1,3,Regular
13418.0,12,31,11559.66,3.4657359027997265,9.355363234022208,21.5263687150838,328,25,United Kingdom,1,2,Best Customers
13419.0,64,1,221.06,0.6931471805599453,5.40294761562612,13.81625,16,1,United Kingdom,1,0,New / Low Engagement
13420.0,150,2,159.85,1.0986122886681098,5.080472253685035,19.98125,8,2,United Kingdom,1,0,New / Low Engagement
13421.0,40,8,4058.75,2.19722457733622,8.308876674345196,15.316037735849056,174,6,United Kingdom,1,3,Regular
13422.0,64,1,2626.3,0.6931471805599453,7.873711981871112,20.67952755905512,127,1,United Kingdom,1,0,New / Low Engagement
13423.0,429,1,217.03,0.6931471805599453,5.3846326679999565,18.085833333333333,12,1,United Kingdom,1,1,Lapsed
13424.0,450,1,572.77,0.6931471805599453,6.352228619155015,14.31925,40,1,United Kingdom,1,1,Lapsed
13425.0,108,5,3390.4300000000003,1.791759469228055,8.129006940338249,19.154971751412432,124,5,United Kingdom,1,3,Regular
13426.0,1,22,8167.38,3.1354942159291497,9.00802588177899,23.81160349854228,162,21,United Kingdom,1,2,Best Customers
13427.0,19,6,1006.53,1.9459101490553128,6.915257070052459,19.356346153846157,35,6,United Kingdom,1,3,Regular
13428.0,10,3,478.54,1.3862943611198906,6.1728273110736245,3.46768115942029,122,2,United Kingdom,1,0,New / Low Engagement
13429.0,11,4,1006.8,1.6094379124341005,6.915525016246498,15.02686567164179,55,4,United Kingdom,1,3,Regular
13430.0,19,2,679.45,1.0986122886681098,6.522754344006327,13.866326530612248,48,2,United Kingdom,1,0,New / Low Engagement
13431.0,67,8,3316.24,2.19722457733622,8.106888390866821,25.707286821705427,113,7,United Kingdom,1,3,Regular
13432.0,571,2,439.1,1.0986122886681098,6.0870019738170456,3.955855855855856,98,2,United Kingdom,1,1,Lapsed
13433.0,501,4,658.32,1.6094379124341005,6.491209000863155,27.430000000000003,22,4,United Kingdom,1,1,Lapsed
13434.0,74,5,1666.86,1.791759469228055,7.419296646542416,47.62457142857144,17,5,United Kingdom,1,3,Regular
13435.0,5,9,4447.33,2.302585092994046,8.400284023825911,29.84785234899329,96,9,United Kingdom,1,2,Best Customers
13436.0,2,1,196.89,0.6931471805599453,5.287711320760812,16.4075,12,1,United Kingdom,1,0,New / Low Engagement
13437.0,14,7,3408.06,2.079441541679836,8.134191872452362,20.40754491017964,143,7,United Kingdom,1,3,Regular
13438.0,547,1,46.5,0.6931471805599453,3.8607297110405954,46.5,1,1,United Kingdom,1,1,Lapsed
13439.0,255,3,986.61,1.3862943611198906,6.895287882976667,5.907844311377246,132,3,United Kingdom,1,3,Regular
13440.0,423,7,1295.25,2.079441541679836,7.167230759543737,21.953389830508478,49,3,United Kingdom,1,3,Regular
13441.0,92,2,720.9,1.0986122886681098,6.581886625145115,18.971052631578942,33,2,United Kingdom,1,0,New / Low Engagement
13442.0,667,3,419.87,1.3862943611198906,6.042323997398791,11.04921052631579,33,3,United Kingdom,1,1,Lapsed
13443.0,449,6,1273.16,1.9459101490553128,7.150042416943526,6.3658,176,6,United Kingdom,1,1,Lapsed
13444.0,374,2,619.08,1.0986122886681098,6.429848501973256,10.861052631578948,51,2,United Kingdom,1,1,Lapsed
13445.0,626,1,241.9,0.6931471805599453,5.492649836008127,34.55714285714286,7,1,United Kingdom,1,1,Lapsed
13446.0,430,11,3881.89,2.4849066497880004,8.264335000718507,20.21817708333333,113,11,United Kingdom,1,3,Regular
13447.0,23,3,1129.14,1.3862943611198906,7.030096797837492,19.13796610169492,55,3,United Kingdom,1,3,Regular
13448.0,17,13,8745.93,2.6390573296152584,9.076458060644034,16.408874296435272,321,11,United Kingdom,1,2,Best Customers
13449.0,24,1,291.88,0.6931471805599453,5.679762968811981,15.362105263157895,19,1,United Kingdom,1,0,New / Low Engagement
13450.0,27,13,4120.04,2.6390573296152584,8.323860837673656,28.02748299319728,57,13,United Kingdom,1,2,Best Customers
13451.0,26,11,7090.06,2.4849066497880004,8.86659011469818,6.937436399217222,561,11,United Kingdom,1,2,Best Customers
13452.0,259,3,729.8,1.3862943611198906,6.594139824503851,243.26666666666665,2,3,United Kingdom,1,0,New / Low Engagement
13453.0,166,3,781.69,1.3862943611198906,6.662736704441964,19.542250000000003,33,3,United Kingdom,1,0,New / Low Engagement
13454.0,641,1,219.87,0.6931471805599453,5.397574293145378,9.559565217391304,23,1,United Kingdom,1,1,Lapsed
13455.0,25,6,2212.99,1.9459101490553128,7.702551596546548,19.412192982456144,79,6,United Kingdom,1,3,Regular
13456.0,18,6,1766.72,1.9459101490553128,7.477445859614847,28.0431746031746,43,6,United Kingdom,1,3,Regular
13457.0,689,2,148.22,1.0986122886681098,5.005421727043368,16.468888888888888,9,2,United Kingdom,1,1,Lapsed
13458.0,7,16,11959.27,2.833213344056216,9.389345602500642,24.65828865979381,290,16,United Kingdom,1,2,Best Customers
13459.0,625,2,1160.41,1.0986122886681098,7.057390063198797,15.896027397260276,57,2,United Kingdom,1,1,Lapsed
13460.0,29,2,183.44,1.0986122886681098,5.217324207338505,10.790588235294118,16,2,United Kingdom,1,0,New / Low Engagement
13461.0,39,6,4160.0,1.9459101490553128,8.333510708982942,67.09677419354838,30,6,United Kingdom,1,3,Regular
13462.0,253,5,1153.85,1.791759469228055,7.051725744392169,16.251408450704226,64,5,United Kingdom,1,3,Regular
13464.0,58,6,3097.64,1.9459101490553128,8.038718584534573,20.514172185430464,128,5,United Kingdom,1,3,Regular
13465.0,446,2,931.12,1.0986122886681098,6.8374615617621375,27.385882352941177,34,2,United Kingdom,1,1,Lapsed
13466.0,184,5,1013.35,1.791759469228055,6.9220032922473385,18.424545454545456,49,4,United Kingdom,1,3,Regular
13467.0,11,2,1071.91,1.0986122886681098,6.978129862132399,10.937857142857144,89,2,United Kingdom,1,0,New / Low Engagement
13468.0,2,72,12793.28,4.290459441148391,9.45675347502932,18.4607215007215,290,70,United Kingdom,1,2,Best Customers
13469.0,653,1,82.4,0.6931471805599453,4.423648309364701,13.733333333333334,6,1,United Kingdom,1,1,Lapsed
13470.0,99,2,165.0,1.0986122886681098,5.111987788356544,16.5,7,2,United Kingdom,1,0,New / Low Engagement
13471.0,1,4,2501.84,1.6094379124341005,7.825181366096544,9.84976377952756,214,4,United Kingdom,1,3,Regular
13472.0,464,2,592.24,1.0986122886681098,6.385599038873762,21.15142857142857,24,2,United Kingdom,1,1,Lapsed
13473.0,61,8,2657.76,2.19722457733622,7.885615127673335,37.968,65,7,United Kingdom,1,3,Regular
13474.0,236,3,646.59,1.3862943611198906,6.473257780053621,5.131666666666667,116,3,United Kingdom,1,0,New / Low Engagement
13475.0,191,4,1431.78,1.6094379124341005,7.267371891966778,16.648604651162792,64,4,United Kingdom,1,3,Regular
13476.0,179,5,2061.4700000000003,1.791759469228055,7.631659572648505,19.447830188679248,86,5,United Kingdom,1,3,Regular
13477.0,38,11,2819.17,2.4849066497880004,7.944552445803114,17.956496815286624,112,10,United Kingdom,1,3,Regular
13478.0,469,5,2215.78,1.791759469228055,7.703810971494357,17.72624,114,4,United Kingdom,1,1,Lapsed
13479.0,201,4,851.37,1.6094379124341005,6.748020704860861,16.063584905660377,45,4,United Kingdom,1,3,Regular
13480.0,417,2,627.82,1.0986122886681098,6.443845047224953,15.31268292682927,40,2,United Kingdom,1,1,Lapsed
13481.0,46,11,3830.84,2.4849066497880004,8.251100384565598,17.101964285714285,162,9,United Kingdom,1,2,Best Customers
13482.0,232,2,336.09,1.0986122886681098,5.82034995701211,16.804499999999997,20,2,United Kingdom,1,0,New / Low Engagement
13483.0,66,1,140.34,0.6931471805599453,4.951168335262708,14.034,10,1,United Kingdom,1,0,New / Low Engagement
13484.0,241,3,790.72,1.3862943611198906,6.674207793952535,20.2748717948718,38,3,United Kingdom,1,0,New / Low Engagement
13485.0,233,11,3019.2200000000003,2.4849066497880004,8.01308495539777,19.108987341772156,131,9,United Kingdom,1,3,Regular
13486.0,78,3,1122.41,1.3862943611198906,7.024123981607583,16.2668115942029,69,3,United Kingdom,1,3,Regular
13487.0,58,5,846.87,1.791759469228055,6.742727322153176,17.283061224489796,31,5,United Kingdom,1,3,Regular
13488.0,17,23,14205.96,3.1780538303479458,9.561487264354634,20.921885125184097,370,19,United Kingdom,1,2,Best Customers
13489.0,105,4,449.52,1.6094379124341005,6.110402471179496,32.10857142857143,11,4,United Kingdom,1,0,New / Low Engagement
13490.0,654,1,154.25,0.6931471805599453,5.045036720813588,19.28125,8,1,United Kingdom,1,1,Lapsed
13491.0,52,27,4467.66,3.332204510175204,8.404843866379368,17.117471264367815,144,27,United Kingdom,1,2,Best Customers
13492.0,136,3,1269.84,1.3862943611198906,7.147433378135437,25.3968,38,3,Switzerland,0,3,Regular
13493.0,275,2,618.63,1.0986122886681098,6.429122525704993,77.32875,6,2,Switzerland,0,0,New / Low Engagement
13494.0,312,1,316.26000000000005,0.6931471805599453,5.759721626980309,17.570000000000004,18,1,United Kingdom,1,1,Lapsed
13495.0,8,10,4863.31,2.3978952727983707,8.489680155167738,36.566240601503765,59,10,United Kingdom,1,2,Best Customers
13496.0,11,2,653.33,1.0986122886681098,6.483611811351871,18.66657142857143,28,2,United Kingdom,1,0,New / Low Engagement
13497.0,283,6,1166.8300000000002,1.9459101490553128,7.062902604849837,20.117758620689656,52,6,United Kingdom,1,3,Regular
13498.0,730,1,327.38,0.6931471805599453,5.794171474383882,19.25764705882353,17,1,United Kingdom,1,1,Lapsed
13499.0,18,5,1159.11,1.791759469228055,7.056270107190766,27.597857142857144,31,5,United Kingdom,1,3,Regular
13500.0,23,4,1466.3,1.6094379124341005,7.291179256213421,17.250588235294117,77,4,United Kingdom,1,3,Regular
13501.0,288,3,2885.11,1.3862943611198906,7.967664853645572,25.30798245614035,90,3,Switzerland,0,3,Regular
13502.0,17,5,780.5,1.791759469228055,6.661215149861532,23.651515151515152,28,5,United Kingdom,1,3,Regular
13503.0,71,6,1859.24,1.9459101490553128,7.528460790641366,9.837248677248676,158,5,United Kingdom,1,3,Regular
13504.0,64,1,295.93,0.6931471805599453,5.693496420787701,13.451363636363636,22,1,United Kingdom,1,0,New / Low Engagement
13505.0,73,4,4393.63,1.6094379124341005,8.388138619999735,20.435488372093022,182,4,Switzerland,0,3,Regular
13506.0,316,5,1338.08,1.791759469228055,7.19973808998561,16.519506172839506,55,5,United Kingdom,1,3,Regular
13507.0,3,4,2479.16,1.6094379124341005,7.816078353206984,15.303456790123455,146,4,United Kingdom,1,3,Regular
13508.0,244,2,287.05,1.0986122886681098,5.663134076178392,10.251785714285717,27,2,United Kingdom,1,0,New / Low Engagement
13509.0,9,8,1114.72,2.19722457733622,7.017255215404227,22.74938775510204,27,8,United Kingdom,1,3,Regular
13510.0,1,11,4558.29,2.4849066497880004,8.42492218863127,15.772629757785468,176,10,United Kingdom,1,2,Best Customers
13511.0,677,1,282.76,0.6931471805599453,5.648128810465367,56.552,5,1,United Kingdom,1,1,Lapsed
13512.0,261,4,713.39,1.6094379124341005,6.571429031703961,18.292051282051283,31,4,United Kingdom,1,3,Regular
13513.0,127,3,824.59,1.3862943611198906,6.716098282250842,20.61475,32,3,United Kingdom,1,0,New / Low Engagement
13514.0,74,4,815.9000000000001,1.6094379124341005,6.705516688347823,38.85238095238096,15,4,United Kingdom,1,3,Regular
13515.0,73,6,1265.82,1.9459101490553128,7.144265102351668,16.655526315789473,64,6,United Kingdom,1,3,Regular
13516.0,21,4,1685.26,1.6094379124341005,7.430268337823136,27.6272131147541,55,4,United Kingdom,1,3,Regular
13517.0,60,3,2128.42,1.3862943611198906,7.663604921153483,15.09517730496454,125,3,United Kingdom,1,3,Regular
13518.0,86,1,627.16,0.6931471805599453,6.442794911088096,17.42111111111111,36,1,United Kingdom,1,0,New / Low Engagement
13519.0,78,2,343.21,1.0986122886681098,5.841251936231648,18.063684210526315,19,2,United Kingdom,1,0,New / Low Engagement
13520.0,59,11,6606.0,2.4849066497880004,8.795884972029885,33.19597989949749,81,11,Switzerland,0,2,Best Customers
13521.0,1,3,1071.73,1.3862943611198906,6.977962080025035,2.5639473684210525,313,3,United Kingdom,1,3,Regular
13522.0,30,1,125.8,0.6931471805599453,4.842611042003125,25.160000000000004,5,1,United Kingdom,1,0,New / Low Engagement
13523.0,33,6,4534.57,1.9459101490553128,8.419706043735921,22.56004975124378,177,5,United Kingdom,1,3,Regular
13524.0,41,5,680.1800000000001,1.791759469228055,6.523826588404497,25.19185185185185,17,5,United Kingdom,1,3,Regular
13525.0,15,2,628.78,1.0986122886681098,6.445370552049637,104.79666666666668,5,2,United Kingdom,1,0,New / Low Engagement
13526.0,738,2,1182.0,1.0986122886681098,7.075808863978387,26.863636363636363,29,1,United Kingdom,1,1,Lapsed
13527.0,34,12,4541.29,2.5649493574615367,8.421186569152152,10.251218961625282,266,11,United Kingdom,1,2,Best Customers
13529.0,79,2,307.76,1.0986122886681098,5.732564276081653,20.517333333333333,15,2,United Kingdom,1,0,New / Low Engagement
13530.0,634,1,402.98,0.6931471805599453,6.001365371785244,22.387777777777774,18,1,United Kingdom,1,1,Lapsed
13531.0,205,6,1433.07,1.9459101490553128,7.268271834473058,19.1076,44,5,United Kingdom,1,3,Regular
13532.0,34,1,210.31,0.6931471805599453,5.353326249578836,3.1865151515151515,66,1,United Kingdom,1,0,New / Low Engagement
13533.0,183,3,269.09,1.3862943611198906,5.598755236788495,3.5878666666666663,61,2,United Kingdom,1,0,New / Low Engagement
13534.0,2,35,7720.900000000001,3.58351893845611,8.95181572672738,19.696173469387755,163,26,United Kingdom,1,2,Best Customers
13535.0,403,1,89.5,0.6931471805599453,4.505349850705881,89.5,1,1,United Kingdom,1,1,Lapsed
13536.0,1,7,3444.39,2.079441541679836,8.144792384587438,19.35050561797753,91,7,United Kingdom,1,3,Regular
13537.0,426,2,717.85,1.0986122886681098,6.577652712868601,17.09166666666667,38,2,United Kingdom,1,1,Lapsed
13538.0,43,12,3103.13,2.5649493574615367,8.040488761869405,21.853028169014085,105,12,United Kingdom,1,2,Best Customers
13539.0,86,7,1569.36,2.079441541679836,7.35906017142033,18.248372093023253,69,7,United Kingdom,1,3,Regular
13540.0,467,3,632.39,1.3862943611198906,6.451086346168101,19.7621875,26,2,United Kingdom,1,1,Lapsed
13541.0,427,2,785.25,1.0986122886681098,6.667274808014651,78.525,10,2,United Kingdom,1,1,Lapsed
13542.0,377,17,3959.49,2.8903717578961645,8.284123033967425,11.962205438066466,98,17,United Kingdom,1,2,Best Customers
13543.0,634,2,1439.61,1.0986122886681098,7.272821913983301,30.63,37,2,United Kingdom,1,1,Lapsed
13544.0,40,6,790.2,1.9459101490553128,6.673550780308503,3.320168067226891,219,5,United Kingdom,1,3,Regular
13545.0,391,2,364.93,1.0986122886681098,5.9024420582788455,6.757962962962963,54,2,United Kingdom,1,1,Lapsed
13546.0,12,5,1086.24,1.791759469228055,6.99139765391878,7.146315789473684,95,5,United Kingdom,1,3,Regular
13547.0,408,1,167.08,0.6931471805599453,5.124440056536745,3.797272727272728,44,1,United Kingdom,1,1,Lapsed
13548.0,96,3,901.44,1.3862943611198906,6.805102206002551,4.899130434782609,169,3,United Kingdom,1,3,Regular
13549.0,26,8,1005.8,2.19722457733622,6.914532263261161,17.047457627118646,44,8,United Kingdom,1,3,Regular
13550.0,383,1,342.55,0.6931471805599453,5.839332661477085,8.155952380952382,40,1,United Kingdom,1,1,Lapsed
13551.0,319,2,244.2,1.0986122886681098,5.5020742040620565,48.84,5,2,United Kingdom,1,1,Lapsed
13552.0,66,22,6948.92,3.1354942159291497,8.846485427701221,33.56966183574879,162,14,United Kingdom,1,2,Best Customers
13553.0,675,1,499.6,0.6931471805599453,6.215807378997674,5.613483146067416,85,1,United Kingdom,1,1,Lapsed
13554.0,380,7,1629.35,2.079441541679836,7.396549994677305,8.313010204081632,156,6,United Kingdom,1,3,Regular
13555.0,74,13,8891.84,2.6390573296152584,9.09300173755894,22.39758186397985,264,9,United Kingdom,1,2,Best Customers
13556.0,429,2,200.82,1.0986122886681098,5.307376211036383,22.313333333333333,8,2,United Kingdom,1,1,Lapsed
13557.0,28,13,3032.26,2.6390573296152584,8.017393227720415,16.84588888888889,126,12,United Kingdom,1,2,Best Customers
13558.0,6,4,594.52,1.6094379124341005,6.389434973453886,3.517869822485207,123,4,United Kingdom,1,3,Regular
13559.0,513,2,990.0,1.0986122886681098,6.898714534329988,495.0,1,2,United Kingdom,1,1,Lapsed
13560.0,7,1,171.42000000000002,0.6931471805599453,5.149933360781779,5.3568750000000005,32,1,United Kingdom,1,0,New / Low Engagement
13561.0,216,11,1803.4,2.4849066497880004,7.49798340553424,7.875109170305677,131,10,United Kingdom,1,3,Regular
13562.0,82,8,4838.18,2.19722457733622,8.484500563869632,24.684591836734697,88,7,United Kingdom,1,3,Regular
13563.0,84,2,777.53,1.0986122886681098,6.657407526177046,15.867959183673468,49,2,United Kingdom,1,0,New / Low Engagement
13564.0,144,37,16498.97,3.6375861597263857,9.7111138417052,13.749141666666668,484,26,United Kingdom,1,2,Best Customers
13565.0,19,3,414.8,1.3862943611198906,6.030204375423913,6.913333333333333,45,3,United Kingdom,1,0,New / Low Engagement
13566.0,41,5,1688.6,1.791759469228055,7.4322470935119425,4.613661202185792,263,5,United Kingdom,1,3,Regular
13567.0,428,4,1079.29,1.6094379124341005,6.984984802592138,5.369601990049751,180,3,United Kingdom,1,1,Lapsed
13568.0,173,1,187.05,0.6931471805599453,5.2367078849163455,4.3500000000000005,41,1,United Kingdom,1,0,New / Low Engagement
13569.0,17,4,726.54,1.6094379124341005,6.589668980352017,4.058882681564246,140,4,United Kingdom,1,3,Regular
13570.0,243,1,239.49,0.6931471805599453,5.482678508639762,8.870000000000001,27,1,United Kingdom,1,0,New / Low Engagement
13571.0,13,26,4537.26,3.295836866004329,8.420298957660648,6.74184249628529,263,26,United Kingdom,1,2,Best Customers
13572.0,206,1,1384.25,0.6931471805599453,7.233635907747459,41.946969696969695,32,1,United Kingdom,1,0,New / Low Engagement
13573.0,50,6,904.52,1.9459101490553128,6.8085093643241645,10.396781609195402,73,5,United Kingdom,1,3,Regular
13574.0,411,1,404.45,0.6931471805599453,6.004997561390566,4.444505494505495,84,1,United Kingdom,1,1,Lapsed
13575.0,23,5,732.07,1.791759469228055,6.597241195280628,15.914565217391305,41,5,United Kingdom,1,3,Regular
13576.0,10,28,11202.59,3.367295829986474,9.323989541636877,41.80070895522388,145,28,United Kingdom,1,2,Best Customers
13577.0,25,11,3489.28,2.4849066497880004,8.157737241204641,20.76952380952381,102,11,United Kingdom,1,2,Best Customers
13578.0,409,1,147.66,0.6931471805599453,5.001661819297148,16.406666666666666,9,1,United Kingdom,1,1,Lapsed
13579.0,15,5,1374.34,1.791759469228055,7.226456252261083,16.967160493827162,72,5,United Kingdom,1,3,Regular
13580.0,406,1,107.75,0.6931471805599453,4.689051669968793,21.55,5,1,United Kingdom,1,1,Lapsed
13581.0,309,2,280.53000000000003,1.0986122886681098,5.640239013837417,8.500909090909092,32,2,United Kingdom,1,1,Lapsed
13582.0,390,2,241.68,1.0986122886681098,5.491743703074097,21.97090909090909,10,2,United Kingdom,1,1,Lapsed
13583.0,156,2,1445.031,1.0986122886681098,7.276577840939809,15.05240625,93,2,United Kingdom,1,3,Regular
13584.0,307,3,385.7,1.3862943611198906,5.957649198613251,4.82125,74,3,United Kingdom,1,1,Lapsed
13585.0,531,3,684.54,1.3862943611198906,6.530206848868181,17.552307692307693,29,3,United Kingdom,1,1,Lapsed
13586.0,541,1,127.28,0.6931471805599453,4.854215374824954,6.364,20,1,United Kingdom,1,1,Lapsed
13587.0,64,4,1673.5,1.6094379124341005,7.423269892234259,55.78333333333333,27,3,United Kingdom,1,3,Regular
13588.0,16,9,2478.95,2.302585092994046,7.815993677665464,14.246839080459768,131,9,United Kingdom,1,3,Regular
13589.0,15,6,1120.74,1.9459101490553128,7.022636330174057,21.552692307692308,48,6,United Kingdom,1,3,Regular
13590.0,11,18,6336.04,2.9444389791664403,8.754167061438675,15.606009852216747,255,17,United Kingdom,1,2,Best Customers
13591.0,65,7,2093.94,2.079441541679836,7.647280192327978,20.732079207920798,89,7,United Kingdom,1,3,Regular
13592.0,36,4,247.96,1.6094379124341005,5.5172922409900265,15.4975,15,4,United Kingdom,1,0,New / Low Engagement
13593.0,108,14,5493.29,2.70805020110221,8.611464650118354,13.463946078431372,212,13,United Kingdom,1,2,Best Customers
13594.0,53,2,533.32,1.0986122886681098,6.28099491041738,16.161212121212124,31,2,United Kingdom,1,0,New / Low Engagement
13595.0,517,3,784.48,1.3862943611198906,6.66629499588203,5.485874125874126,114,3,United Kingdom,1,1,Lapsed
13596.0,6,2,664.11,1.0986122886681098,6.499952440510379,4.548698630136986,133,2,United Kingdom,1,0,New / Low Engagement
13597.0,400,2,396.71,1.0986122886681098,5.985723096478868,23.335882352941177,17,2,United Kingdom,1,1,Lapsed
13598.0,47,5,761.96,1.791759469228055,6.637205605270657,8.28217391304348,78,4,United Kingdom,1,3,Regular
13599.0,1,33,9811.04,3.5263605246161616,9.191365482010918,25.028163265306123,235,23,United Kingdom,1,2,Best Customers
13600.0,312,2,518.42,1.0986122886681098,6.252712804455737,12.644390243902436,35,2,United Kingdom,1,1,Lapsed
13601.0,45,4,1159.99,1.6094379124341005,7.05702836839637,6.270216216216216,160,4,United Kingdom,1,3,Regular
13602.0,65,4,1025.17,1.6094379124341005,6.933588704013108,17.67534482758621,49,4,United Kingdom,1,3,Regular
13603.0,26,1,164.34,0.6931471805599453,5.108003959824529,6.086666666666667,27,1,United Kingdom,1,0,New / Low Engagement
13604.0,659,1,717.62,0.6931471805599453,6.577332706187471,34.172380952380955,21,1,United Kingdom,1,1,Lapsed
13605.0,387,2,522.67,1.0986122886681098,6.260861714939627,9.861698113207549,50,2,United Kingdom,1,1,Lapsed
13606.0,29,3,276.75,1.3862943611198906,5.62672142851974,6.91875,40,3,United Kingdom,1,0,New / Low Engagement
13607.0,40,2,1075.81,1.0986122886681098,6.981758245622973,8.89099173553719,110,2,United Kingdom,1,0,New / Low Engagement
13608.0,541,1,232.05,0.6931471805599453,5.45125302281875,6.825,31,1,United Kingdom,1,1,Lapsed
13609.0,593,1,167.35,0.6931471805599453,5.126045145607083,23.90714285714285,7,1,United Kingdom,1,1,Lapsed
13610.0,12,14,2103.71,2.70805020110221,7.651932969404804,5.272456140350878,309,14,United Kingdom,1,2,Best Customers
13611.0,89,10,3297.9300000000003,2.3978952727983707,8.101353452452388,14.592610619469028,170,10,United Kingdom,1,3,Regular
13612.0,633,1,818.29,0.6931471805599453,6.708438111531965,16.3658,50,1,United Kingdom,1,1,Lapsed
13613.0,453,5,1039.85,1.791759469228055,6.947792966013668,17.62457627118644,50,3,United Kingdom,1,1,Lapsed
13614.0,24,6,2332.74,1.9459101490553128,7.7552274098976355,8.836136363636363,227,6,United Kingdom,1,3,Regular
13615.0,319,8,6272.53,2.19722457733622,8.744094473607927,17.091362397820163,259,8,United Kingdom,1,3,Regular
13616.0,568,2,283.85,1.0986122886681098,5.6519627259264045,8.110000000000001,31,2,United Kingdom,1,1,Lapsed
13617.0,40,8,1278.75,2.19722457733622,7.154420025337693,11.950934579439252,48,8,United Kingdom,1,3,Regular
13618.0,174,1,177.34,0.6931471805599453,5.183691840706733,13.64153846153846,13,1,United Kingdom,1,0,New / Low Engagement
13619.0,545,2,224.94,1.0986122886681098,5.420269477298783,4.998666666666667,39,2,United Kingdom,1,1,Lapsed
13620.0,528,1,112.34,0.6931471805599453,4.730392150741473,22.468,5,1,United Kingdom,1,1,Lapsed
13621.0,117,1,213.85,0.6931471805599453,5.3699401102210045,11.255263157894737,19,1,United Kingdom,1,0,New / Low Engagement
13622.0,696,1,658.95,0.6931471805599453,6.492164074574964,20.5921875,32,1,United Kingdom,1,1,Lapsed
13623.0,31,10,2533.06,2.3978952727983707,7.837578038580244,8.919225352112676,211,10,United Kingdom,1,3,Regular
13624.0,388,1,462.08,0.6931471805599453,6.137899825337528,21.003636363636364,22,1,United Kingdom,1,1,Lapsed
13625.0,597,1,301.26,0.6931471805599453,5.711287574141974,14.345714285714283,21,1,United Kingdom,1,1,Lapsed
13626.0,253,2,707.04,1.0986122886681098,6.562500589272956,16.069090909090907,44,2,United Kingdom,1,0,New / Low Engagement
13627.0,59,7,2245.9,2.079441541679836,7.717306767412185,17.410077519379847,118,7,United Kingdom,1,3,Regular
13628.0,676,1,310.14,0.6931471805599453,5.740242971658976,19.38375,16,1,United Kingdom,1,1,Lapsed
13629.0,23,19,13370.86,2.995732273553991,9.500907777847132,153.6880459770115,28,19,United Kingdom,1,2,Best Customers
13630.0,5,7,2031.78,2.079441541679836,7.617159593311352,28.61661971830986,51,7,United Kingdom,1,3,Regular
13631.0,100,11,3070.42,2.4849066497880004,8.029895274358873,279.1290909090909,6,7,United Kingdom,1,3,Regular
13632.0,25,8,3645.81,2.19722457733622,8.201608091837075,16.571863636363638,166,8,United Kingdom,1,3,Regular
13634.0,33,16,5033.77,2.833213344056216,8.524123123870957,11.286479820627804,269,15,United Kingdom,1,2,Best Customers
13635.0,68,4,2999.16,1.6094379124341005,8.006420899561409,18.51333333333333,135,4,United Kingdom,1,3,Regular
13636.0,37,5,949.12,1.791759469228055,6.856588292406893,15.065396825396826,57,5,United Kingdom,1,3,Regular
13637.0,52,3,804.3,1.3862943611198906,6.6912148788015,8.124242424242423,79,3,United Kingdom,1,0,New / Low Engagement
13638.0,16,1,122.64,0.6931471805599453,4.817374117263916,15.33,8,1,United Kingdom,1,0,New / Low Engagement
13639.0,74,2,1346.27,1.0986122886681098,7.20583560175816,22.81813559322034,49,2,United Kingdom,1,0,New / Low Engagement
13640.0,611,1,405.0,0.6931471805599453,6.0063531596017325,101.25,4,1,United Kingdom,1,1,Lapsed
13641.0,641,5,1016.47,1.791759469228055,6.925074432852604,23.10159090909091,41,4,United Kingdom,1,1,Lapsed
13642.0,216,4,472.2,1.6094379124341005,6.159518132104232,4.497142857142857,93,2,United Kingdom,1,0,New / Low Engagement
13643.0,31,10,2156.77,2.3978952727983707,7.676830559971189,21.144803921568627,71,10,United Kingdom,1,3,Regular
13644.0,16,4,2624.26,1.6094379124341005,7.87293521773988,17.974383561643837,144,4,United Kingdom,1,3,Regular
13645.0,120,1,252.1,0.6931471805599453,5.533784667551078,50.42,5,1,United Kingdom,1,0,New / Low Engagement
13646.0,400,2,326.25,1.0986122886681098,5.7907244047900095,5.625,58,1,United Kingdom,1,1,Lapsed
13647.0,10,8,3041.68,2.19722457733622,8.020493984985148,21.882589928057552,98,7,United Kingdom,1,3,Regular
13648.0,400,8,1764.02,2.19722457733622,7.475917300747956,16.641698113207546,95,7,United Kingdom,1,3,Regular
13649.0,257,6,1453.68,1.9459101490553128,7.282541224145686,13.46,97,6,United Kingdom,1,3,Regular
13650.0,17,10,3288.0,2.3978952727983707,8.098338846189057,19.11627906976744,127,9,United Kingdom,1,3,Regular
13651.0,35,3,226.85,1.3862943611198906,5.428687517709892,16.20357142857143,14,3,United Kingdom,1,0,New / Low Engagement
13652.0,46,5,2262.05,1.791759469228055,7.724468739954193,16.04290780141844,116,5,United Kingdom,1,3,Regular
13653.0,488,1,152.2,0.6931471805599453,5.0317442573064906,16.91111111111111,9,1,United Kingdom,1,1,Lapsed
13654.0,43,11,6308.0,2.4849066497880004,8.74973246437081,19.173252279635257,262,10,United Kingdom,1,2,Best Customers
13655.0,114,6,2280.51,1.9459101490553128,7.732592783439157,19.163949579831936,103,6,United Kingdom,1,3,Regular
13656.0,165,4,1078.85,1.6094379124341005,6.984577421583421,12.400574712643676,81,4,United Kingdom,1,3,Regular
13657.0,11,2,382.14,1.0986122886681098,5.948400457636955,23.88375,16,2,United Kingdom,1,0,New / Low Engagement
13658.0,10,9,6025.5,2.302585092994046,8.703921690028398,25.424050632911392,164,7,United Kingdom,1,2,Best Customers
13659.0,206,12,4884.68,2.5649493574615367,8.4940637564269,17.827299270072995,224,11,United Kingdom,1,2,Best Customers
13660.0,400,1,306.64,0.6931471805599453,5.728930268188853,7.665999999999999,39,1,United Kingdom,1,1,Lapsed
13661.0,603,1,325.24,0.6931471805599453,5.787633306826145,19.131764705882357,17,1,United Kingdom,1,1,Lapsed
13662.0,86,11,2233.61,2.4849066497880004,7.711821995177063,16.423602941176473,126,7,United Kingdom,1,3,Regular
13663.0,179,5,2047.51,1.791759469228055,7.6248679785957085,20.681919191919192,87,5,United Kingdom,1,3,Regular
13665.0,386,3,1711.66,1.3862943611198906,7.4458029964289425,16.147735849056605,97,3,United Kingdom,1,1,Lapsed
13666.0,60,5,127.9,1.791759469228055,4.859036909945142,6.731578947368422,19,4,United Kingdom,1,0,New / Low Engagement
13667.0,149,1,299.05,0.6931471805599453,5.703949127435522,3.603012048192771,82,1,United Kingdom,1,0,New / Low Engagement
13668.0,3,35,12948.48,3.58351893845611,9.468810911881318,17.127619047619046,411,35,United Kingdom,1,2,Best Customers
13669.0,51,3,413.55,1.3862943611198906,6.027193594562228,29.539285714285715,13,3,United Kingdom,1,0,New / Low Engagement
13670.0,75,1,349.7,0.6931471805599453,5.859931157146132,13.988,25,1,United Kingdom,1,0,New / Low Engagement
13671.0,395,1,172.6,0.6931471805599453,5.15675380222625,2.696875,61,1,United Kingdom,1,1,Lapsed
13672.0,301,3,419.92,1.3862943611198906,6.042442791872611,23.32888888888889,13,3,United Kingdom,1,0,New / Low Engagement
13673.0,19,2,387.44,1.0986122886681098,5.962138717726154,6.457333333333334,47,2,United Kingdom,1,0,New / Low Engagement
13674.0,433,1,240.68,0.6931471805599453,5.487614537078416,17.19142857142857,14,1,United Kingdom,1,1,Lapsed
13675.0,151,2,486.8200000000001,1.0986122886681098,6.189946485351331,19.472800000000003,25,2,United Kingdom,1,0,New / Low Engagement
13676.0,539,2,243.9,1.0986122886681098,5.500849963958122,18.76153846153846,13,2,United Kingdom,1,1,Lapsed
13677.0,405,2,551.24,1.0986122886681098,6.31398273439522,5.200377358490566,98,2,United Kingdom,1,1,Lapsed
13678.0,152,1,232.6,0.6931471805599453,5.453610250954072,14.5375,16,1,United Kingdom,1,0,New / Low Engagement
13679.0,494,3,281.26,1.3862943611198906,5.642828631985861,5.6252,44,3,United Kingdom,1,1,Lapsed
13680.0,1,12,11419.67,2.5649493574615367,9.343180150490792,17.67750773993808,354,12,United Kingdom,1,2,Best Customers
13681.0,18,4,827.83,1.6094379124341005,6.720015067761323,14.523333333333332,37,4,United Kingdom,1,3,Regular
13682.0,187,1,59.5,0.6931471805599453,4.102643365036796,19.83333333333333,3,1,United Kingdom,1,0,New / Low Engagement
13683.0,458,1,258.6,0.6931471805599453,5.559141984829935,25.860000000000003,10,1,United Kingdom,1,1,Lapsed
13684.0,286,4,594.88,1.6094379124341005,6.390039304511392,5.508148148148148,81,4,United Kingdom,1,0,New / Low Engagement
13685.0,3,7,3119.44,2.079441541679836,8.045729296501372,79.98564102564103,29,6,United Kingdom,1,3,Regular
13686.0,183,3,409.04,1.3862943611198906,6.016254715915201,12.030588235294118,27,3,United Kingdom,1,0,New / Low Engagement
13687.0,438,1,11880.84,0.6931471805599453,9.382766463078516,264.01866666666666,45,1,United Kingdom,1,3,Regular
13688.0,635,1,375.5,0.6931471805599453,5.930918047239948,75.1,5,1,United Kingdom,1,1,Lapsed
13689.0,63,2,1259.5,1.0986122886681098,7.139263746627974,139.94444444444446,6,2,United Kingdom,1,0,New / Low Engagement
13690.0,59,1,172.25,0.6931471805599453,5.1547356380700124,19.13888888888889,9,1,United Kingdom,1,0,New / Low Engagement
13691.0,396,1,212.78,0.6931471805599453,5.3649474488458,3.9403703703703705,54,1,United Kingdom,1,1,Lapsed
13692.0,25,5,3114.4,1.791759469228055,8.044112833892505,32.44166666666667,83,5,United Kingdom,1,3,Regular
13693.0,374,9,2011.82,2.302585092994046,7.607292002863751,18.979433962264157,78,9,United Kingdom,1,3,Regular
13694.0,4,143,195640.69,4.969813299576001,12.184040152931257,128.7957142857143,896,83,United Kingdom,1,2,Best Customers
13695.0,31,16,2770.73,2.833213344056216,7.92722695296845,28.86177083333333,47,15,United Kingdom,1,2,Best Customers
13696.0,422,3,2020.4,1.3862943611198906,7.611545619640562,84.18333333333334,24,3,United Kingdom,1,1,Lapsed
13697.0,39,1,151.3,0.6931471805599453,5.025852259901116,12.608333333333334,12,1,United Kingdom,1,0,New / Low Engagement
13698.0,597,2,451.73,1.0986122886681098,6.115295921298569,11.887631578947367,31,2,United Kingdom,1,1,Lapsed
13699.0,155,2,764.15,1.0986122886681098,6.640071893037045,20.6527027027027,33,2,United Kingdom,1,0,New / Low Engagement
13700.0,26,13,2596.9700000000003,2.6390573296152584,7.862485649819763,10.820708333333334,163,11,United Kingdom,1,2,Best Customers
13701.0,447,1,161.0,0.6931471805599453,5.087596335232384,17.88888888888889,9,1,United Kingdom,1,1,Lapsed
13702.0,446,1,135.18,0.6931471805599453,4.9139775400548205,27.036,5,1,United Kingdom,1,1,Lapsed
13703.0,318,2,425.56,1.0986122886681098,6.055753036990344,11.501621621621622,36,2,United Kingdom,1,1,Lapsed
13704.0,5,9,2308.06,2.302585092994046,7.744595794291895,17.224328358208954,111,9,United Kingdom,1,3,Regular
13705.0,8,7,1717.19,2.079441541679836,7.449026690142787,23.205270270270272,55,7,United Kingdom,1,3,Regular
13706.0,303,2,631.1700000000001,1.0986122886681098,6.449158345318021,16.609736842105264,38,2,United Kingdom,1,1,Lapsed
13707.0,267,5,3365.86,1.791759469228055,8.12173583825502,21.715225806451613,142,4,United Kingdom,1,3,Regular
13708.0,271,1,285.33,0.6931471805599453,5.657144991804844,5.823061224489796,49,1,United Kingdom,1,0,New / Low Engagement
13709.0,4,18,7571.35,2.9444389791664403,8.932258734187538,18.602825552825557,296,12,United Kingdom,1,2,Best Customers
13710.0,32,3,509.52,1.3862943611198906,6.23542981411449,33.968,13,3,United Kingdom,1,0,New / Low Engagement
13711.0,219,9,1792.26,2.302585092994046,7.491790471458303,19.48108695652174,80,8,United Kingdom,1,3,Regular
13712.0,247,2,766.42,1.0986122886681098,6.643034239500869,23.224848484848483,32,2,United Kingdom,1,0,New / Low Engagement
13713.0,408,3,740.76,1.3862943611198906,6.609025740711332,9.2595,70,3,United Kingdom,1,1,Lapsed
13714.0,465,1,161.35,0.6931471805599453,5.089754498548855,5.378333333333333,30,1,United Kingdom,1,1,Lapsed
13715.0,281,17,8153.04,2.8903717578961645,9.006268788934985,15.92390625,277,16,United Kingdom,1,2,Best Customers
13716.0,269,1,138.28,0.6931471805599453,4.936486295459933,6.584761904761905,21,1,United Kingdom,1,0,New / Low Engagement
13717.0,32,8,1763.3,2.19722457733622,7.47550929013402,14.22016129032258,110,8,United Kingdom,1,3,Regular
13718.0,246,2,306.55,1.0986122886681098,5.728637675654378,25.54583333333333,9,2,United Kingdom,1,0,New / Low Engagement
13719.0,15,11,2783.08,2.4849066497880004,7.931672756673634,11.222096774193547,194,11,United Kingdom,1,3,Regular
13720.0,117,4,799.9,1.6094379124341005,6.685736095329637,18.60232558139535,42,4,United Kingdom,1,3,Regular
13721.0,36,2,741.54,1.0986122886681098,6.61007674127968,17.655714285714286,41,2,United Kingdom,1,0,New / Low Engagement
13722.0,132,10,5635.41,2.3978952727983707,8.637002617001478,29.816984126984128,137,6,United Kingdom,1,2,Best Customers
13723.0,217,6,1194.08,1.9459101490553128,7.085968407731548,20.58758620689655,51,5,United Kingdom,1,3,Regular
13724.0,637,1,213.01,0.6931471805599453,5.366022742902049,5.071666666666666,39,1,United Kingdom,1,1,Lapsed
13725.0,50,8,1980.56,2.19722457733622,7.5916396922628975,19.043846153846157,95,8,United Kingdom,1,3,Regular
13726.0,39,2,1079.66,1.0986122886681098,6.985327244577022,25.70619047619048,39,2,United Kingdom,1,0,New / Low Engagement
13727.0,29,8,1074.15,2.19722457733622,6.980215465711398,12.941566265060242,74,6,United Kingdom,1,3,Regular
13728.0,37,16,2855.17,2.833213344056216,7.957236845497527,17.409573170731708,75,16,United Kingdom,1,2,Best Customers
13729.0,436,3,724.73,1.3862943611198906,6.587178044826087,18.582820512820515,36,3,United Kingdom,1,1,Lapsed
13730.0,136,2,752.6,1.0986122886681098,6.624861723262153,17.50232558139535,38,2,United Kingdom,1,0,New / Low Engagement
13731.0,219,2,610.59,1.0986122886681098,6.416062123365316,16.068157894736842,36,2,United Kingdom,1,0,New / Low Engagement
13732.0,28,1,491.86,0.6931471805599453,6.200225158054739,14.904848484848486,33,1,United Kingdom,1,0,New / Low Engagement
13733.0,411,2,487.03,1.0986122886681098,6.190376879373448,16.794137931034484,28,2,United Kingdom,1,1,Lapsed
13734.0,509,4,6695.6900000000005,1.6094379124341005,8.809368653455358,247.98851851851853,24,3,United Kingdom,1,3,Regular
13735.0,25,13,9762.77,2.6390573296152584,9.1864338753157,15.089289026275116,362,12,United Kingdom,1,2,Best Customers
13736.0,5,7,2752.47,2.079441541679836,7.920617213418922,4.968357400722021,325,6,United Kingdom,1,3,Regular
13737.0,200,1,339.6,0.6931471805599453,5.830708768228588,11.32,29,1,United Kingdom,1,0,New / Low Engagement
13738.0,396,1,434.78,0.6931471805599453,6.077137528846132,4.885168539325843,88,1,United Kingdom,1,1,Lapsed
13739.0,18,2,292.2,1.0986122886681098,5.680854970012496,48.7,6,2,United Kingdom,1,0,New / Low Engagement
13740.0,241,5,1582.77,1.791759469228055,7.367563359811335,16.837978723404255,83,5,United Kingdom,1,3,Regular
13741.0,72,3,668.4300000000001,1.3862943611198906,6.50642660402637,19.65970588235294,34,3,United Kingdom,1,0,New / Low Engagement
13742.0,17,12,3107.87,2.5649493574615367,8.04201459509639,9.92929712460064,200,11,United Kingdom,1,2,Best Customers
13743.0,3,7,1341.6,2.079441541679836,7.202363311504652,32.72195121951219,8,7,United Kingdom,1,3,Regular
13744.0,95,2,1080.52,1.0986122886681098,6.9861227380561495,17.15111111111111,54,2,United Kingdom,1,0,New / Low Engagement
13745.0,162,2,777.36,1.0986122886681098,6.657189142089955,13.881428571428572,46,2,United Kingdom,1,0,New / Low Engagement
13746.0,414,1,176.69,0.6931471805599453,5.180040458956984,19.63222222222222,9,1,United Kingdom,1,1,Lapsed
13747.0,374,2,169.8,1.0986122886681098,5.14049328135447,33.96,4,2,United Kingdom,1,1,Lapsed
13748.0,96,9,2064.35,2.302585092994046,7.633054982558491,35.592241379310344,40,8,United Kingdom,1,3,Regular
13750.0,54,11,3602.18,2.4849066497880004,8.189572067868243,48.029066666666665,51,11,United Kingdom,1,2,Best Customers
13751.0,288,1,296.25,0.6931471805599453,5.694573535570891,32.916666666666664,9,1,United Kingdom,1,0,New / Low Engagement
13752.0,124,7,1579.8300000000002,2.079441541679836,7.365705304546322,16.806702127659577,75,7,United Kingdom,1,3,Regular
13753.0,288,4,2094.57,1.6094379124341005,7.647580871722489,26.182125000000003,64,4,United Kingdom,1,3,Regular
13754.0,152,3,447.05,1.3862943611198906,6.104904833330228,21.28809523809524,16,3,United Kingdom,1,0,New / Low Engagement
13755.0,4,9,2108.06,2.302585092994046,7.653997629576229,6.567165109034268,232,8,United Kingdom,1,3,Regular
13756.0,2,23,8655.95,3.1780538303479458,9.06611774552623,25.236005830903792,142,21,United Kingdom,1,2,Best Customers
13757.0,675,1,195.55,0.6931471805599453,5.280916851867869,24.44375,8,1,United Kingdom,1,1,Lapsed
13758.0,12,15,8698.13,2.772588722239781,9.07097829964234,30.51975438596491,213,15,United Kingdom,1,2,Best Customers
13759.0,33,2,659.4100000000001,1.0986122886681098,6.492860854269306,26.376400000000004,24,2,United Kingdom,1,0,New / Low Engagement
13760.0,54,5,1363.64,1.791759469228055,7.218645936570799,11.459159663865544,95,5,United Kingdom,1,3,Regular
13761.0,50,6,1952.17,1.9459101490553128,7.577208972659349,16.001393442622952,118,5,United Kingdom,1,3,Regular
13762.0,219,5,2472.48,1.791759469228055,7.813381344926563,70.64228571428572,23,5,United Kingdom,1,3,Regular
13763.0,63,3,5217.44,1.3862943611198906,8.559953785637239,104.3488,50,3,United Kingdom,1,3,Regular
13764.0,71,6,2919.62,1.9459101490553128,7.979551201490889,7.890864864864865,295,5,United Kingdom,1,3,Regular
13765.0,653,1,352.821,0.6931471805599453,5.86879113553233,20.75417647058824,17,1,United Kingdom,1,1,Lapsed
13766.0,495,1,190.35,0.6931471805599453,5.254104211871711,11.197058823529412,16,1,United Kingdom,1,1,Lapsed
13767.0,2,73,33903.57,4.30406509320417,10.431305092542312,44.37640052356021,117,59,United Kingdom,1,2,Best Customers
13768.0,727,2,875.97,1.0986122886681098,6.776472784261436,26.544545454545457,30,2,United Kingdom,1,1,Lapsed
13769.0,2,20,5478.12,3.044522437723423,8.608699783105473,19.92043636363636,121,18,United Kingdom,1,2,Best Customers
13770.0,422,4,785.37,1.6094379124341005,6.66742741958036,16.361875,48,4,United Kingdom,1,1,Lapsed
13771.0,64,9,5728.82,2.302585092994046,8.653439395602803,26.522314814814813,182,7,United Kingdom,1,2,Best Customers
13772.0,34,8,3100.02,2.19722457733622,8.03948636861206,5.467407407407407,394,7,United Kingdom,1,3,Regular
13773.0,397,2,301.54,1.0986122886681098,5.7122135001340535,15.870526315789474,19,2,United Kingdom,1,1,Lapsed
13774.0,82,1,345.0,0.6931471805599453,5.846438775057725,15.681818181818182,22,1,United Kingdom,1,0,New / Low Engagement
13775.0,591,1,1049.66,0.6931471805599453,6.957173817111864,16.661269841269842,63,1,United Kingdom,1,1,Lapsed
13776.0,428,2,623.98,1.0986122886681098,6.43771964922439,311.99,1,1,United Kingdom,1,1,Lapsed
13777.0,1,61,49638.26,4.127134385045092,10.812537331874632,139.4333146067416,44,46,United Kingdom,1,2,Best Customers
13778.0,103,4,1124.49,1.6094379124341005,7.025973775367289,25.55659090909091,33,4,United Kingdom,1,3,Regular
13779.0,516,1,161.13,0.6931471805599453,5.088398482561978,5.967777777777777,27,1,United Kingdom,1,1,Lapsed
13780.0,7,3,732.07,1.3862943611198906,6.597241195280628,7.470102040816327,90,3,United Kingdom,1,0,New / Low Engagement
13781.0,251,3,778.83,1.3862943611198906,6.659075947211416,13.663684210526316,56,3,United Kingdom,1,0,New / Low Engagement
13782.0,13,13,1786.08,2.6390573296152584,7.488338281924589,7.50453781512605,187,13,United Kingdom,1,3,Regular
13783.0,488,4,1542.09,1.6094379124341005,7.341542178594752,154.209,4,4,United Kingdom,1,1,Lapsed
13784.0,10,14,2910.23,2.70805020110221,7.976330951273708,67.67976744186046,13,14,United Kingdom,1,2,Best Customers
13785.0,429,4,542.49,1.6094379124341005,6.298011307127966,18.083,26,3,United Kingdom,1,1,Lapsed
13786.0,367,6,3127.99,1.9459101490553128,8.048465547754539,26.96543103448276,80,6,United Kingdom,1,3,Regular
13787.0,76,6,1222.5,1.9459101490553128,7.109470882882726,14.215116279069768,71,6,United Kingdom,1,3,Regular
13788.0,505,1,3.75,0.6931471805599453,1.55814461804655,3.75,1,1,United Kingdom,1,1,Lapsed
13789.0,388,1,239.46,0.6931471805599453,5.482553755546763,13.303333333333336,18,1,United Kingdom,1,1,Lapsed
13790.0,4,1,348.79999999999995,0.6931471805599453,5.857361562584502,7.75111111111111,45,1,United Kingdom,1,0,New / Low Engagement
13791.0,128,2,1516.0,1.0986122886681098,7.324489979348532,137.8181818181818,7,2,United Kingdom,1,3,Regular
13792.0,66,3,383.95,1.3862943611198906,5.953113455724059,16.693478260869565,23,3,United Kingdom,1,0,New / Low Engagement
13793.0,647,1,96.0,0.6931471805599453,4.574710978503383,13.714285714285714,7,1,United Kingdom,1,1,Lapsed
13794.0,547,1,126.03,0.6931471805599453,4.844423279035369,14.003333333333334,9,1,United Kingdom,1,1,Lapsed
13795.0,388,4,836.3,1.6094379124341005,6.7301824292103865,28.83793103448276,23,4,United Kingdom,1,1,Lapsed
13796.0,499,1,289.7,0.6931471805599453,5.672291807564831,13.168181818181818,22,1,United Kingdom,1,1,Lapsed
13797.0,437,3,1179.45,1.3862943611198906,7.073651000694222,15.121153846153849,71,3,United Kingdom,1,1,Lapsed
13798.0,1,110,75428.87,4.709530201312334,11.230958629393983,104.61701803051317,168,99,United Kingdom,1,2,Best Customers
13799.0,117,9,2803.57,2.302585092994046,7.939005508522796,26.448773584905663,64,9,United Kingdom,1,3,Regular
13800.0,310,3,1679.56,1.3862943611198906,7.426882350187425,23.00767123287671,73,3,United Kingdom,1,3,Regular
13801.0,67,1,324.8,0.6931471805599453,5.786283696167945,14.121739130434785,23,1,United Kingdom,1,0,New / Low Engagement
13802.0,139,19,26259.11,2.995732273553991,10.17580633672844,58.61408482142857,212,18,United Kingdom,1,2,Best Customers
13803.0,255,3,1338.91,1.3862943611198906,7.200357726510238,17.16551282051282,73,3,United Kingdom,1,3,Regular
13804.0,31,9,3161.12,2.302585092994046,8.058997967713445,18.928862275449102,149,8,United Kingdom,1,3,Regular
13805.0,52,2,924.6,1.0986122886681098,6.830442175879467,71.12307692307692,10,2,United Kingdom,1,0,New / Low Engagement
13806.0,64,1,256.38,0.6931471805599453,5.550553592065519,25.638,10,1,United Kingdom,1,0,New / Low Engagement
13807.0,367,3,422.2,1.3862943611198906,6.04784488054409,16.887999999999998,24,3,United Kingdom,1,1,Lapsed
13808.0,6,5,1747.66,1.791759469228055,7.466605059322925,22.99552631578948,70,5,United Kingdom,1,3,Regular
13809.0,305,3,679.6999999999999,1.3862943611198906,6.523121680453905,27.188,23,3,Cyprus,0,0,New / Low Engagement
13810.0,29,3,1499.01,1.3862943611198906,7.313227053734746,42.828857142857146,32,2,Germany,0,3,Regular
13811.0,184,3,814.5,1.3862943611198906,6.703801422061068,62.65384615384615,7,3,Germany,0,0,New / Low Engagement
13812.0,42,3,539.0,1.3862943611198906,6.29156913955832,14.97222222222222,33,3,Germany,0,0,New / Low Engagement
13813.0,40,8,2765.4700000000003,2.19722457733622,7.925327418252619,19.33895104895105,84,8,Germany,0,3,Regular
13814.0,92,3,2257.32,1.3862943611198906,7.722376453003322,28.573670886075952,56,3,Germany,0,3,Regular
13815.0,22,8,7475.74,2.19722457733622,8.919552147090508,20.999269662921343,203,8,Germany,0,2,Best Customers
13816.0,24,2,571.6700000000001,1.0986122886681098,6.3503096345809205,20.41678571428572,25,2,Germany,0,0,New / Low Engagement
13817.0,29,2,382.98,1.0986122886681098,5.950590467898009,15.9575,20,2,Germany,0,0,New / Low Engagement
13818.0,430,1,61.28,0.6931471805599453,4.131640346965797,12.256,5,1,United Kingdom,1,1,Lapsed
13819.0,302,6,2642.35,1.9459101490553128,7.879802331111146,26.16188118811881,47,6,United Kingdom,1,3,Regular
13820.0,418,3,652.75,1.3862943611198906,6.482725015379133,7.334269662921348,68,3,United Kingdom,1,1,Lapsed
13821.0,145,6,1379.08,1.9459101490553128,7.229896747485489,6.760196078431372,158,6,United Kingdom,1,3,Regular
13822.0,6,2,632.0,1.0986122886681098,6.450470422144176,6.583333333333333,90,2,United Kingdom,1,0,New / Low Engagement
13823.0,19,7,3403.4500000000003,2.079441541679836,8.132838678370764,20.880061349693253,108,7,United Kingdom,1,3,Regular
13824.0,33,12,3314.76,2.5649493574615367,8.106442137278835,33.147600000000004,59,12,United Kingdom,1,2,Best Customers
13825.0,622,2,255.59,1.0986122886681098,5.5474794802608,6.38975,38,2,United Kingdom,1,1,Lapsed
13826.0,176,1,189.5,0.6931471805599453,5.249652194566756,18.95,10,1,United Kingdom,1,0,New / Low Engagement
13827.0,58,3,409.8,1.3862943611198906,6.018106478054404,4.4543478260869565,83,3,United Kingdom,1,0,New / Low Engagement
13828.0,22,1,209.49,0.6931471805599453,5.349438146055751,13.966,15,1,United Kingdom,1,0,New / Low Engagement
13829.0,421,1,102.0,0.6931471805599453,4.634728988229636,102.0,1,1,United Kingdom,1,1,Lapsed
13830.0,582,1,156.85000000000002,0.6931471805599453,5.061645215004001,14.259090909090911,11,1,United Kingdom,1,1,Lapsed
13831.0,16,18,6585.54,2.9444389791664403,8.792783451679604,36.184285714285714,121,18,United Kingdom,1,2,Best Customers
13832.0,19,2,609.89,1.0986122886681098,6.4149169102305335,11.088909090909093,54,2,United Kingdom,1,0,New / Low Engagement
13833.0,159,2,700.41,1.0986122886681098,6.553092594804331,15.91840909090909,43,2,United Kingdom,1,0,New / Low Engagement
13834.0,577,2,324.19,1.0986122886681098,5.7844096268933525,20.261875,15,2,United Kingdom,1,1,Lapsed
13835.0,25,7,1095.27,2.079441541679836,6.999668787533656,15.426338028169011,60,7,United Kingdom,1,3,Regular
13836.0,399,2,620.37,1.0986122886681098,6.4319267177117725,20.011935483870968,29,2,United Kingdom,1,1,Lapsed
13837.0,212,2,266.59000000000003,1.0986122886681098,5.589455958348054,14.810555555555558,17,2,United Kingdom,1,0,New / Low Engagement
13838.0,6,10,1690.07,2.3978952727983707,7.433116743665696,4.193722084367246,328,6,United Kingdom,1,3,Regular
13839.0,486,1,139.95000000000002,0.6931471805599453,4.948405217560122,19.992857142857144,7,1,United Kingdom,1,1,Lapsed
13840.0,416,1,651.4,0.6931471805599453,6.4806578707468585,16.285,40,1,United Kingdom,1,1,Lapsed
13841.0,253,1,85.0,0.6931471805599453,4.454347296253507,85.0,1,1,United Kingdom,1,0,New / Low Engagement
13842.0,59,18,5319.34,2.9444389791664403,8.579292490067983,15.878626865671642,214,16,United Kingdom,1,2,Best Customers
13843.0,381,1,319.75,0.6931471805599453,5.770662003495746,17.76388888888889,18,1,United Kingdom,1,1,Lapsed
13844.0,11,1,361.62,0.6931471805599453,5.893355453997663,18.081,20,1,United Kingdom,1,0,New / Low Engagement
13845.0,65,1,312.98,0.6931471805599453,5.749329289612172,34.77555555555556,9,1,United Kingdom,1,0,New / Low Engagement
13846.0,25,4,1307.79,1.6094379124341005,7.176858325232496,16.145555555555553,81,4,United Kingdom,1,3,Regular
13847.0,720,1,310.72,0.6931471805599453,5.74210534897536,16.353684210526318,19,1,United Kingdom,1,1,Lapsed
13848.0,92,8,3015.0,2.19722457733622,8.011686729127847,301.5,3,8,United Kingdom,1,3,Regular
13849.0,52,5,3469.3,1.791759469228055,8.15199632453527,15.769545454545456,189,5,United Kingdom,1,3,Regular
13850.0,129,1,1595.48,0.6931471805599453,7.375556484672672,17.155698924731183,93,1,United Kingdom,1,0,New / Low Engagement
13851.0,96,8,4606.46,2.19722457733622,8.435432008008735,32.903285714285715,111,7,United Kingdom,1,3,Regular
13852.0,611,1,187.35,0.6931471805599453,5.23830193413805,17.031818181818185,11,1,United Kingdom,1,1,Lapsed
13853.0,57,1,1090.14,0.6931471805599453,6.994978300240205,47.39739130434782,23,1,United Kingdom,1,0,New / Low Engagement
13854.0,9,39,11944.56,3.688879454113936,9.388114940201396,67.10426966292134,61,38,United Kingdom,1,2,Best Customers
13855.0,501,4,1310.34,1.6094379124341005,7.178804794152059,17.949863013698632,64,4,United Kingdom,1,1,Lapsed
13856.0,169,11,1142.03,2.4849066497880004,7.041437910169532,21.148703703703703,33,11,United Kingdom,1,3,Regular
13857.0,393,6,1001.01,1.9459101490553128,6.90976326163493,7.820390625,99,5,United Kingdom,1,3,Regular
13858.0,57,1,216.17,0.6931471805599453,5.38068045697316,19.651818181818182,11,1,United Kingdom,1,0,New / Low Engagement
13859.0,326,2,515.86,1.0986122886681098,6.247772044800624,14.329444444444444,34,2,United Kingdom,1,1,Lapsed
13860.0,1,5,1245.9,1.791759469228055,7.1284157500025405,16.39342105263158,58,4,United Kingdom,1,3,Regular
13861.0,429,2,273.26,1.0986122886681098,5.614076561571708,13.012380952380951,21,2,United Kingdom,1,1,Lapsed
13862.0,18,9,2556.09,2.302585092994046,7.846625172168836,15.9755625,113,9,United Kingdom,1,3,Regular
13863.0,248,4,1239.55,1.6094379124341005,7.123310108647671,17.707857142857144,59,4,United Kingdom,1,3,Regular
13864.0,387,1,662.4000000000001,0.6931471805599453,6.497378126512952,662.4000000000001,1,1,United Kingdom,1,1,Lapsed
13865.0,58,4,501.56,1.6094379124341005,6.219715035790337,16.718666666666667,26,4,United Kingdom,1,0,New / Low Engagement
13866.0,74,1,145.67,0.6931471805599453,4.988185165258664,20.81,7,1,United Kingdom,1,0,New / Low Engagement
13867.0,31,3,1005.09,1.3862943611198906,6.913826809878765,16.7515,51,3,United Kingdom,1,3,Regular
13868.0,7,2,3192.54,1.0986122886681098,8.068885298365506,96.74363636363636,32,2,United Kingdom,1,3,Regular
13869.0,123,10,7996.87,2.3978952727983707,8.98693053521115,9.54280429594272,502,10,United Kingdom,1,2,Best Customers
13870.0,2,15,5712.08,2.772588722239781,8.650513561777128,23.70157676348548,159,12,United Kingdom,1,2,Best Customers
13871.0,23,17,7885.85,2.8903717578961645,8.972952094578869,19.616542288557216,183,16,United Kingdom,1,2,Best Customers
13872.0,527,3,919.57,1.3862943611198906,6.8249930434091866,16.13280701754386,51,3,United Kingdom,1,1,Lapsed
13873.0,120,8,1038.92,2.19722457733622,6.946899066099764,17.315333333333335,55,8,United Kingdom,1,3,Regular
13874.0,358,7,2049.15,2.079441541679836,7.625668240187314,29.697826086956525,46,7,United Kingdom,1,3,Regular
13875.0,54,14,4814.37,2.70805020110221,8.479568164478277,17.831,159,13,United Kingdom,1,2,Best Customers
13876.0,64,1,122.7,0.6931471805599453,4.8178592793984425,17.52857142857143,7,1,United Kingdom,1,0,New / Low Engagement
13877.0,86,3,449.68,1.3862943611198906,6.110757553295965,19.55130434782609,23,3,United Kingdom,1,0,New / Low Engagement
13878.0,55,4,2416.9,1.6094379124341005,7.790654673826565,23.695098039215686,93,4,United Kingdom,1,3,Regular
13879.0,646,1,395.5,0.6931471805599453,5.982676041074902,15.82,25,1,United Kingdom,1,1,Lapsed
13880.0,21,17,4293.86,2.8903717578961645,8.365174237845183,19.254977578475334,148,14,United Kingdom,1,2,Best Customers
13881.0,4,43,45179.1,3.784189633918261,10.718412003388291,98.8601750547046,182,32,United Kingdom,1,2,Best Customers
13882.0,3,5,1191.13,1.791759469228055,7.083496902081326,18.325076923076924,54,5,United Kingdom,1,3,Regular
13883.0,11,15,6560.02,2.772588722239781,8.788901357656037,20.75955696202532,200,12,United Kingdom,1,2,Best Customers
13884.0,7,10,1825.03,2.3978952727983707,7.509899490373732,10.027637362637362,108,8,United Kingdom,1,3,Regular
13885.0,189,2,506.8,1.0986122886681098,6.230087669270578,18.1,28,2,United Kingdom,1,0,New / Low Engagement
13886.0,71,1,243.56,0.6931471805599453,5.499460677582579,15.2225,16,1,United Kingdom,1,0,New / Low Engagement
13887.0,204,1,349.55,0.6931471805599453,5.859503349652977,18.397368421052636,19,1,United Kingdom,1,0,New / Low Engagement
13888.0,120,7,2001.59,2.079441541679836,7.602196621752796,11.705204678362572,124,5,United Kingdom,1,3,Regular
13889.0,93,6,1991.23,1.9459101490553128,7.597009893326727,23.990722891566264,57,6,United Kingdom,1,3,Regular
13890.0,1,14,2927.38,2.70805020110221,7.982204648081087,16.921271676300577,100,13,United Kingdom,1,2,Best Customers
13891.0,378,3,859.21,1.3862943611198906,6.757176545485505,8.678888888888888,97,3,United Kingdom,1,1,Lapsed
13892.0,27,6,1267.65,1.9459101490553128,7.145708621949827,35.212500000000006,33,6,United Kingdom,1,3,Regular
13893.0,298,1,821.1,0.6931471805599453,6.711862042158088,39.1,21,1,United Kingdom,1,0,New / Low Engagement
13894.0,24,3,564.62,1.3862943611198906,6.337922474636114,20.911851851851853,25,2,United Kingdom,1,0,New / Low Engagement
13895.0,28,6,4008.52,1.9459101490553128,8.296426812387779,21.551182795698924,154,6,United Kingdom,1,3,Regular
13896.0,626,1,388.55,0.6931471805599453,5.964992226776867,18.502380952380957,21,1,United Kingdom,1,1,Lapsed
13897.0,50,3,1160.72,1.3862943611198906,7.05765694451998,19.67322033898305,58,3,United Kingdom,1,3,Regular
13898.0,326,2,686.4,1.0986122886681098,6.532916364415733,14.921739130434782,43,2,United Kingdom,1,1,Lapsed
13899.0,16,2,388.52,1.0986122886681098,5.9649152118744455,20.448421052631577,19,2,United Kingdom,1,0,New / Low Engagement
13900.0,183,6,1610.59,1.9459101490553128,7.38497654828429,16.953578947368424,80,6,United Kingdom,1,3,Regular
13901.0,72,15,5676.34,2.772588722239781,8.644238092164732,18.310774193548387,280,12,United Kingdom,1,2,Best Customers
13902.0,632,5,34095.26,1.791759469228055,10.436942979837246,541.1946031746032,58,5,Denmark,0,3,Regular
13903.0,400,1,165.45000000000002,0.6931471805599453,5.114694964021034,16.545,10,1,United Kingdom,1,1,Lapsed
13904.0,37,2,332.64,1.0986122886681098,5.810062567373411,12.793846153846154,24,2,United Kingdom,1,0,New / Low Engagement
13905.0,733,1,312.65,0.6931471805599453,5.748277714542752,26.054166666666664,12,1,United Kingdom,1,1,Lapsed
13906.0,409,1,42.0,0.6931471805599453,3.7612001156935615,42.0,1,1,United Kingdom,1,1,Lapsed
13907.0,692,1,136.8,0.6931471805599453,4.925803358579558,34.2,4,1,United Kingdom,1,1,Lapsed
13908.0,80,4,2369.55,1.6094379124341005,7.770877274716226,19.42254098360656,104,4,United Kingdom,1,3,Regular
13909.0,423,2,282.85,1.0986122886681098,5.648445929616735,7.44342105263158,35,2,United Kingdom,1,1,Lapsed
13911.0,57,20,4234.99,3.044522437723423,8.351372346000852,17.7940756302521,178,19,United Kingdom,1,2,Best Customers
13912.0,424,1,124.95,0.6931471805599453,4.835885002798619,17.85,7,1,United Kingdom,1,1,Lapsed
13913.0,507,1,42.22,0.6931471805599453,3.76630335107874,14.073333333333332,3,1,United Kingdom,1,1,Lapsed
13914.0,12,2,626.45,1.0986122886681098,6.441663986556317,18.98333333333333,28,2,United Kingdom,1,0,New / Low Engagement
13915.0,394,1,70.80000000000001,0.6931471805599453,4.273884476054179,35.400000000000006,2,1,United Kingdom,1,1,Lapsed
13916.0,464,4,1275.81,1.6094379124341005,7.152120058745075,17.240675675675675,72,4,United Kingdom,1,1,Lapsed
13917.0,50,2,272.04,1.0986122886681098,5.609618304598452,15.113333333333337,16,2,United Kingdom,1,0,New / Low Engagement
13918.0,50,2,1212.84,1.0986122886681098,7.101544167216986,40.428,30,2,United Kingdom,1,0,New / Low Engagement
13919.0,59,4,1360.68,1.6094379124341005,7.216474510499718,17.67116883116883,65,4,Denmark,0,3,Regular
13920.0,432,4,1774.68,1.6094379124341005,7.481938727137536,20.635813953488373,81,4,United Kingdom,1,1,Lapsed
13921.0,402,4,730.7,1.6094379124341005,6.595370593889984,16.606818181818184,36,4,United Kingdom,1,1,Lapsed
13922.0,352,3,865.2,1.3862943611198906,6.764115828780526,28.84,30,3,United Kingdom,1,1,Lapsed
13923.0,54,1,351.13,0.6931471805599453,5.864000425598742,17.5565,20,1,United Kingdom,1,0,New / Low Engagement
13924.0,2,6,1838.85,1.9459101490553128,7.517439325540823,15.716666666666669,90,6,United Kingdom,1,3,Regular
13925.0,93,4,678.25,1.6094379124341005,6.520989248306457,16.54268292682927,28,3,United Kingdom,1,3,Regular
13926.0,23,1,223.85,0.6931471805599453,5.415433513216716,20.35,11,1,United Kingdom,1,0,New / Low Engagement
13927.0,75,2,708.26,1.0986122886681098,6.56422217299034,17.274634146341462,37,2,United Kingdom,1,0,New / Low Engagement
13928.0,11,4,464.57,1.6094379124341005,6.143262461351643,17.206296296296298,23,4,United Kingdom,1,0,New / Low Engagement
13929.0,169,11,3494.1,2.4849066497880004,8.159117266561877,61.3,38,9,United Kingdom,1,3,Regular
13930.0,58,2,337.34,1.0986122886681098,5.824051307047146,19.843529411764703,15,2,United Kingdom,1,0,New / Low Engagement
13931.0,96,11,5257.38,2.4849066497880004,8.567578273503825,19.399926199261994,205,8,United Kingdom,1,2,Best Customers
13932.0,295,1,307.4,0.6931471805599453,5.731397641689174,19.2125,16,1,United Kingdom,1,1,Lapsed
13933.0,109,2,608.79,1.0986122886681098,6.413114635600407,26.46913043478261,23,2,United Kingdom,1,0,New / Low Engagement
13934.0,264,1,922.1,0.6931471805599453,6.8277375709961055,29.74516129032258,31,1,United Kingdom,1,0,New / Low Engagement
13935.0,597,3,6116.92,1.3862943611198906,8.718977448456672,76.4615,67,3,United Kingdom,1,1,Lapsed
13936.0,180,3,939.66,1.3862943611198906,6.846581756547318,15.926440677966102,56,3,United Kingdom,1,3,Regular
13937.0,169,2,880.13,1.0986122886681098,6.781205174641707,16.298703703703705,54,2,United Kingdom,1,0,New / Low Engagement
13938.0,35,1,71.66,0.6931471805599453,4.285791026793056,10.237142857142857,7,1,United Kingdom,1,0,New / Low Engagement
13939.0,23,7,1560.96,2.079441541679836,7.353696721877114,14.190545454545456,91,7,United Kingdom,1,3,Regular
13940.0,17,4,839.14,1.6094379124341005,6.73356854461668,17.12530612244898,39,4,United Kingdom,1,3,Regular
13941.0,22,15,10027.18,2.772588722239781,9.213154408857816,106.67212765957449,42,14,United Kingdom,1,2,Best Customers
13942.0,535,1,320.0,0.6931471805599453,5.771441123130016,320.0,1,1,United Kingdom,1,1,Lapsed
13943.0,578,1,246.54,0.6931471805599453,5.511572185111876,16.436,15,1,United Kingdom,1,1,Lapsed
13944.0,653,1,200.43,0.6931471805599453,5.3054419264903325,5.726571428571429,35,1,United Kingdom,1,1,Lapsed
13945.0,395,2,854.1500000000001,1.0986122886681098,6.7512768921457,16.748039215686276,49,2,United Kingdom,1,1,Lapsed
13946.0,79,6,1876.23,1.9459101490553128,7.537552565041232,33.504107142857144,49,6,United Kingdom,1,3,Regular
13947.0,65,1,90.6,0.6931471805599453,4.517431271680085,18.12,5,1,United Kingdom,1,0,New / Low Engagement
13948.0,361,4,548.76,1.6094379124341005,6.309481819355836,22.865,23,4,United Kingdom,1,1,Lapsed
13949.0,3,6,2427.32,1.9459101490553128,7.794954939211736,15.170750000000002,124,6,United Kingdom,1,3,Regular
13950.0,11,4,745.0600000000001,1.6094379124341005,6.61480602592395,21.28742857142857,33,4,United Kingdom,1,3,Regular
13951.0,176,3,674.45,1.3862943611198906,6.5153791354156905,17.293589743589745,38,3,United Kingdom,1,0,New / Low Engagement
13952.0,218,14,12823.521,2.70805020110221,9.459114320413606,31.35335207823961,238,11,United Kingdom,1,2,Best Customers
13953.0,7,12,6640.68,2.5649493574615367,8.801120222516522,265.6272,8,12,United Kingdom,1,2,Best Customers
13954.0,2,2,439.92,1.0986122886681098,6.088863453095115,17.5968,24,2,United Kingdom,1,0,New / Low Engagement
13955.0,154,3,544.0699999999999,1.3862943611198906,6.300914226782459,6.400823529411764,82,3,United Kingdom,1,0,New / Low Engagement
13956.0,5,5,1019.27,1.791759469228055,6.927822577132249,6.933809523809524,123,5,United Kingdom,1,3,Regular
13957.0,418,3,458.25,1.3862943611198906,6.129594724095235,16.97222222222222,21,3,United Kingdom,1,1,Lapsed
13958.0,380,8,4709.2300000000005,2.19722457733622,8.457492018089969,20.74550660792952,172,5,United Kingdom,1,3,Regular
13959.0,79,6,1064.77,1.9459101490553128,6.971452821596379,6.781974522292994,120,6,United Kingdom,1,3,Regular
13960.0,21,2,230.22,1.0986122886681098,5.443369638247176,19.185,11,2,United Kingdom,1,0,New / Low Engagement
13961.0,392,1,538.4,0.6931471805599453,6.2904574107056295,28.336842105263155,19,1,United Kingdom,1,1,Lapsed
13962.0,22,3,362.8,1.3862943611198906,5.896604266084022,15.77391304347826,23,3,United Kingdom,1,0,New / Low Engagement
13963.0,308,17,2860.57,2.8903717578961645,7.959125704244341,17.33678787878788,129,17,United Kingdom,1,2,Best Customers
13964.0,387,2,438.9,1.0986122886681098,6.086547428354674,18.2875,22,2,United Kingdom,1,1,Lapsed
13965.0,477,3,996.61,1.3862943611198906,6.905362418373325,41.525416666666665,23,3,United Kingdom,1,1,Lapsed
13966.0,435,1,384.26,0.6931471805599453,5.953918431034012,18.29809523809524,21,1,United Kingdom,1,1,Lapsed
13967.0,146,2,166.3,1.0986122886681098,5.119788607992779,27.71666666666667,4,2,United Kingdom,1,0,New / Low Engagement
13968.0,423,1,123.66,0.6931471805599453,4.825590031380704,15.4575,8,1,United Kingdom,1,1,Lapsed
13969.0,7,35,12973.46,3.58351893845611,9.470738088670906,12.1931015037594,472,33,United Kingdom,1,2,Best Customers
13970.0,386,2,846.55,1.0986122886681098,6.742349834564496,65.11923076923077,10,2,United Kingdom,1,1,Lapsed
13971.0,19,14,4667.57,2.70805020110221,8.448608093921028,18.30419607843137,184,14,United Kingdom,1,2,Best Customers
13972.0,71,2,190.25,1.0986122886681098,5.253581472706645,12.683333333333334,15,2,United Kingdom,1,0,New / Low Engagement
13973.0,287,1,264.7,0.6931471805599453,5.582367852765768,24.063636363636363,11,1,United Kingdom,1,0,New / Low Engagement
13974.0,49,2,677.72,1.0986122886681098,6.520208671376317,15.76093023255814,43,2,United Kingdom,1,0,New / Low Engagement
13975.0,31,12,5256.4,2.5649493574615367,8.567391886948982,7.132157394843961,434,11,United Kingdom,1,2,Best Customers
13976.0,207,4,1192.36,1.6094379124341005,7.084528136845675,21.29214285714286,49,4,United Kingdom,1,3,Regular
13977.0,411,1,519.8100000000001,0.6931471805599453,6.255385291938897,39.98538461538462,13,1,United Kingdom,1,1,Lapsed
13978.0,15,2,196.79,1.0986122886681098,5.287205861793318,13.119333333333334,14,2,United Kingdom,1,0,New / Low Engagement
13979.0,73,7,3379.93,2.079441541679836,8.12590609855981,8.60033078880407,356,6,United Kingdom,1,3,Regular
13980.0,60,5,768.8199999999999,1.791759469228055,6.646156721286379,12.203492063492062,57,5,United Kingdom,1,3,Regular
13981.0,416,1,331.14,0.6931471805599453,5.805556566778607,15.05181818181818,22,1,United Kingdom,1,1,Lapsed
13982.0,39,9,3954.29,2.302585092994046,8.282809202418798,17.57462222222222,123,9,United Kingdom,1,3,Regular
13983.0,30,21,6753.89,3.091042453358316,8.818021966027809,20.7812,238,19,United Kingdom,1,2,Best Customers
13984.0,27,12,1893.8,2.5649493574615367,7.546868571049597,21.520454545454545,53,11,United Kingdom,1,3,Regular
13985.0,4,22,10020.86,3.1354942159291497,9.212523986154489,20.87679166666667,149,22,United Kingdom,1,2,Best Customers
13986.0,17,1,320.46,0.6931471805599453,5.7728731191409945,24.650769230769228,12,1,United Kingdom,1,0,New / Low Engagement
13987.0,380,2,682.54,1.0986122886681098,6.527285176763272,14.837826086956522,46,2,United Kingdom,1,1,Lapsed
13988.0,20,8,4757.8,2.19722457733622,8.46775081460237,16.12813559322034,218,8,United Kingdom,1,3,Regular
13989.0,66,5,2026.06,1.791759469228055,7.614341746408589,23.558837209302325,61,5,United Kingdom,1,3,Regular
13990.0,213,1,311.3,0.6931471805599453,5.7439642642890325,19.45625,16,1,United Kingdom,1,0,New / Low Engagement
13991.0,12,6,852.88,1.9459101490553128,6.749790668692898,10.400975609756095,58,5,United Kingdom,1,3,Regular
13992.0,30,3,219.5,1.3862943611198906,5.395897694886901,19.954545454545453,10,3,United Kingdom,1,0,New / Low Engagement
13993.0,43,19,6775.71,2.995732273553991,8.821247012424738,25.96057471264368,110,18,United Kingdom,1,2,Best Customers
13994.0,4,6,2274.14,1.9459101490553128,7.729796867953175,15.36581081081081,122,6,United Kingdom,1,3,Regular
13995.0,15,14,3902.01,2.70805020110221,8.269503329309027,16.965260869565217,146,14,United Kingdom,1,2,Best Customers
13996.0,386,2,895.76,1.0986122886681098,6.798788267730199,27.144242424242425,29,2,United Kingdom,1,1,Lapsed
13997.0,519,3,376.46,1.3862943611198906,5.933464602809993,8.55590909090909,36,2,United Kingdom,1,1,Lapsed
13998.0,447,3,566.7,1.3862943611198906,6.341593110176681,18.280645161290323,30,3,United Kingdom,1,1,Lapsed
13999.0,10,29,9502.26,3.4011973816621555,9.159390176618166,20.391115879828327,174,29,United Kingdom,1,2,Best Customers
14000.0,211,5,2046.34,1.791759469228055,7.624296668595673,41.76204081632653,28,5,United Kingdom,1,3,Regular
14001.0,46,9,4228.85,2.302585092994046,8.34992181041866,41.056796116504856,60,8,United Kingdom,1,3,Regular
14002.0,134,2,529.73,1.0986122886681098,6.274253417348632,11.270851063829788,47,2,United Kingdom,1,0,New / Low Engagement
14003.0,733,1,209.41,0.6931471805599453,5.3490580082512205,13.088125,16,1,United Kingdom,1,1,Lapsed
14004.0,43,11,6258.45,2.4849066497880004,8.74184760080936,25.968672199170125,127,9,United Kingdom,1,2,Best Customers
14005.0,10,5,2874.72,1.791759469228055,7.964058356660503,34.22285714285714,53,5,United Kingdom,1,3,Regular
14006.0,116,7,2196.67,2.079441541679836,7.69515298720424,28.528181818181817,55,7,United Kingdom,1,3,Regular
14007.0,513,1,79.48,0.6931471805599453,4.388008706351429,15.896,5,1,United Kingdom,1,1,Lapsed
14008.0,432,1,509.04,0.6931471805599453,6.234489154015341,15.9075,32,1,United Kingdom,1,1,Lapsed
14009.0,198,3,1099.91,1.3862943611198906,7.0038923895122585,14.863648648648647,71,3,United Kingdom,1,3,Regular
14010.0,565,2,445.15,1.0986122886681098,6.10065521834616,18.547916666666666,20,1,United Kingdom,1,1,Lapsed
14011.0,480,2,457.82,1.0986122886681098,6.128657976284189,14.306875,32,2,United Kingdom,1,1,Lapsed
14012.0,278,1,328.8,0.6931471805599453,5.7984864101254985,29.89090909090909,11,1,United Kingdom,1,0,New / Low Engagement
14013.0,110,5,1084.57,1.791759469228055,6.989860473650979,15.949558823529411,56,5,United Kingdom,1,3,Regular
14014.0,77,3,1948.21,1.3862943611198906,7.575179441266062,25.63434210526316,76,3,United Kingdom,1,3,Regular
14015.0,53,1,917.34,0.6931471805599453,6.8225676924206855,45.867,20,1,United Kingdom,1,0,New / Low Engagement
14016.0,162,11,11403.41,2.4849066497880004,9.341755401683734,25.45404017857143,354,11,EIRE,0,2,Best Customers
14017.0,571,1,229.75,0.6931471805599453,5.441334873382962,16.410714285714285,14,1,United Kingdom,1,1,Lapsed
14018.0,645,1,367.15,0.6931471805599453,5.908490463814726,28.24230769230769,13,1,United Kingdom,1,1,Lapsed
14019.0,47,3,1421.61,1.3862943611198906,7.260248491657529,21.539545454545458,37,3,United Kingdom,1,3,Regular
14020.0,17,4,1249.01,1.6094379124341005,7.130906830264347,17.347361111111113,63,4,United Kingdom,1,3,Regular
14021.0,155,7,1716.58,2.079441541679836,7.448671602342143,19.07311111111111,84,7,United Kingdom,1,3,Regular
14022.0,225,2,792.15,1.0986122886681098,6.676012358854464,16.854255319148937,45,2,United Kingdom,1,0,New / Low Engagement
14023.0,7,2,584.07,1.0986122886681098,6.371731498193053,18.840967741935486,30,2,United Kingdom,1,0,New / Low Engagement
14024.0,122,3,645.74,1.3862943611198906,6.471944359021592,18.99235294117647,33,3,United Kingdom,1,0,New / Low Engagement
14025.0,465,8,4057.9,2.19722457733622,8.308667279925409,40.98888888888889,60,8,United Kingdom,1,3,Regular
14026.0,471,2,713.11,1.0986122886681098,6.571037012097961,14.2622,43,2,United Kingdom,1,1,Lapsed
14027.0,61,1,104.82,0.6931471805599453,4.661739537475985,17.47,6,1,United Kingdom,1,0,New / Low Engagement
14028.0,550,3,10396.5,1.3862943611198906,9.249320671617069,1155.1666666666667,3,1,United Kingdom,1,1,Lapsed
14029.0,63,2,467.66,1.0986122886681098,6.149877558850261,31.177333333333333,15,2,United Kingdom,1,0,New / Low Engagement
14030.0,18,20,7521.8,3.044522437723423,8.925693688067923,9.128398058252428,591,16,United Kingdom,1,2,Best Customers
14031.0,7,44,39019.51,3.80666248977032,10.571842684312088,52.02601333333334,280,39,United Kingdom,1,2,Best Customers
14032.0,2,16,4546.41,2.833213344056216,8.422313119102423,19.767,79,16,United Kingdom,1,2,Best Customers
14033.0,555,1,109.44,0.6931471805599453,4.704472387061954,109.44,1,1,United Kingdom,1,1,Lapsed
14034.0,22,3,648.89,1.3862943611198906,6.476803117799309,7.545232558139535,82,2,United Kingdom,1,0,New / Low Engagement
14035.0,29,9,2794.75,2.302585092994046,7.935855685908297,19.27413793103448,70,9,United Kingdom,1,3,Regular
14036.0,285,1,626.65,0.6931471805599453,6.441982686264217,16.49078947368421,38,1,United Kingdom,1,0,New / Low Engagement
14037.0,176,6,836.95,1.9459101490553128,6.7309584328308825,7.341666666666667,96,6,United Kingdom,1,3,Regular
14038.0,78,5,3069.88,1.791759469228055,8.029719444457568,19.067577639751555,99,5,United Kingdom,1,3,Regular
14039.0,33,2,267.28000000000003,1.0986122886681098,5.592031211231537,26.728,10,2,United Kingdom,1,0,New / Low Engagement
14040.0,41,35,12523.81,3.58351893845611,9.435466756177329,16.035608194622277,335,32,United Kingdom,1,2,Best Customers
14041.0,266,1,141.41,0.6931471805599453,4.958710221231336,6.733809523809524,21,1,United Kingdom,1,0,New / Low Engagement
14042.0,725,1,431.98,0.6931471805599453,6.070691537559284,20.570476190476192,21,1,United Kingdom,1,1,Lapsed
14043.0,491,2,302.6,1.0986122886681098,5.715711045521474,7.380487804878048,37,2,United Kingdom,1,1,Lapsed
14044.0,27,10,3077.7,2.3978952727983707,8.032262708945584,3.7260290556900726,533,9,United Kingdom,1,3,Regular
14045.0,109,16,10986.63,2.833213344056216,9.304525373550288,296.93594594594595,16,14,United Kingdom,1,2,Best Customers
14046.0,284,1,154.99,0.6931471805599453,5.049791902630777,11.070714285714288,14,1,United Kingdom,1,0,New / Low Engagement
14047.0,9,14,3968.11,2.70805020110221,8.286297167188637,26.105986842105263,91,12,United Kingdom,1,2,Best Customers
14048.0,305,3,748.69,1.3862943611198906,6.619659787751255,5.309858156028369,126,2,United Kingdom,1,0,New / Low Engagement
14049.0,17,13,13023.4,2.6390573296152584,9.474579800301417,12.2746465598492,573,10,United Kingdom,1,2,Best Customers
14050.0,32,2,746.36,1.0986122886681098,6.616546996753798,13.821481481481484,49,2,United Kingdom,1,0,New / Low Engagement
14051.0,1,37,21770.98,3.6375861597263857,9.988379100942607,68.46220125786164,82,35,United Kingdom,1,2,Best Customers
14052.0,20,2,466.66,1.0986122886681098,6.147741536165247,3.8566942148760335,115,2,United Kingdom,1,0,New / Low Engagement
14053.0,124,4,572.3,1.6094379124341005,6.351409139914337,63.58888888888888,3,4,United Kingdom,1,0,New / Low Engagement
14054.0,65,1,92.46,0.6931471805599453,4.53753353727228,15.410000000000002,6,1,United Kingdom,1,0,New / Low Engagement
14055.0,106,3,1520.96,1.3862943611198906,7.327754256867339,46.08969696969697,33,3,United Kingdom,1,3,Regular
14056.0,1,23,8152.71,3.1780538303479458,9.006228317380044,7.493299632352941,320,23,United Kingdom,1,2,Best Customers
14057.0,24,22,8346.66,3.1354942159291497,9.02973653904951,18.67261744966443,244,19,United Kingdom,1,2,Best Customers
14058.0,463,2,469.19,1.0986122886681098,6.153136868334086,19.54958333333333,23,2,United Kingdom,1,1,Lapsed
14059.0,267,1,183.6,0.6931471805599453,5.218191322068752,22.95,8,1,United Kingdom,1,0,New / Low Engagement
14060.0,5,30,8898.24,3.4339872044851463,9.093721158815592,34.48930232558139,100,28,United Kingdom,1,2,Best Customers
14061.0,507,3,917.43,1.3862943611198906,6.822665690537023,48.28578947368421,17,3,United Kingdom,1,1,Lapsed
14062.0,10,24,25585.65,3.218875824868201,10.149826010072386,75.25191176470588,141,22,United Kingdom,1,2,Best Customers
14063.0,438,9,22710.2,2.302585092994046,10.030613473862132,567.755,30,8,United Kingdom,1,2,Best Customers
14064.0,29,15,3260.24,2.772588722239781,8.089862770137307,13.81457627118644,131,14,United Kingdom,1,2,Best Customers
14065.0,389,3,891.02,1.3862943611198906,6.793488553853314,18.18408163265306,42,3,United Kingdom,1,1,Lapsed
14066.0,267,1,152.55,0.6931471805599453,5.034026246886832,21.792857142857144,7,1,United Kingdom,1,0,New / Low Engagement
14067.0,64,2,374.7,1.0986122886681098,5.928790952579924,7.2057692307692305,51,2,United Kingdom,1,0,New / Low Engagement
14068.0,320,4,1516.72,1.6094379124341005,7.3249644877140545,14.043703703703704,93,4,United Kingdom,1,3,Regular
14069.0,515,2,225.81,1.0986122886681098,5.424112662592345,5.507560975609756,37,2,United Kingdom,1,1,Lapsed
14070.0,685,1,321.6,0.6931471805599453,5.776413165691109,7.843902439024391,40,1,United Kingdom,1,1,Lapsed
14071.0,4,8,1437.57,2.19722457733622,7.271404843608142,4.450681114551084,271,7,United Kingdom,1,3,Regular
14072.0,667,1,390.85,0.6931471805599453,5.9708791134988735,20.571052631578947,19,1,United Kingdom,1,1,Lapsed
14073.0,32,1,151.04,0.6931471805599453,5.024143644121048,11.618461538461538,13,1,United Kingdom,1,0,New / Low Engagement
14074.0,623,1,219.4,0.6931471805599453,5.39544407727876,36.56666666666667,6,1,United Kingdom,1,1,Lapsed
14075.0,5,6,1734.87,1.9459101490553128,7.459264007623663,21.41814814814815,59,6,United Kingdom,1,3,Regular
14076.0,129,1,118.67,0.6931471805599453,4.784737954585425,2.6970454545454547,43,1,United Kingdom,1,0,New / Low Engagement
14077.0,41,6,615.08,1.9459101490553128,6.423376825230995,10.983571428571429,43,6,United Kingdom,1,3,Regular
14078.0,102,9,1553.47,2.302585092994046,7.348889930502677,10.49641891891892,107,9,United Kingdom,1,3,Regular
14079.0,125,2,618.73,1.0986122886681098,6.4292838993175305,47.59461538461539,13,2,United Kingdom,1,0,New / Low Engagement
14080.0,33,5,1115.68,1.791759469228055,7.018115276378225,13.441927710843377,74,5,United Kingdom,1,3,Regular
14081.0,302,10,4867.57,2.3978952727983707,8.490555538460665,5.767263033175355,465,8,United Kingdom,1,3,Regular
14082.0,365,2,413.36,1.0986122886681098,6.026735161189901,6.359384615384616,48,2,United Kingdom,1,1,Lapsed
14083.0,4,11,1082.19,2.4849066497880004,6.987665670209931,5.849675675675676,169,10,United Kingdom,1,3,Regular
14084.0,512,1,150.5,0.6931471805599453,5.020585624949423,21.5,7,1,United Kingdom,1,1,Lapsed
14085.0,2,33,9720.67,3.5263605246161616,9.182112693396306,9.302076555023923,479,30,United Kingdom,1,2,Best Customers
14086.0,463,1,39.95,0.6931471805599453,3.7123518102990793,39.95,1,1,United Kingdom,1,1,Lapsed
14087.0,3,3,829.47,1.3862943611198906,6.721991805583325,3.894225352112677,175,3,United Kingdom,1,0,New / Low Engagement
14088.0,10,16,64036.8,2.833213344056216,11.06722881299151,93.89560117302054,436,14,United Kingdom,1,2,Best Customers
14089.0,57,1,158.75,0.6931471805599453,5.073610093257644,12.211538461538462,13,1,United Kingdom,1,0,New / Low Engagement
14090.0,325,1,76.32000000000001,0.6931471805599453,4.34795265434013,76.32000000000001,1,1,United Kingdom,1,1,Lapsed
14091.0,654,2,9530.08,1.0986122886681098,9.162313316565184,733.0830769230769,13,2,United Kingdom,1,1,Lapsed
14092.0,8,24,7229.45,3.218875824868201,8.886056553879842,19.381903485254693,169,22,United Kingdom,1,2,Best Customers
14093.0,12,1,433.86,0.6931471805599453,6.075024140206913,4.3386000000000005,95,1,United Kingdom,1,0,New / Low Engagement
14094.0,440,1,311.77,0.6931471805599453,5.745468096143307,7.250465116279069,41,1,United Kingdom,1,1,Lapsed
14095.0,723,1,2.95,0.6931471805599453,1.3737155789130306,2.95,1,1,United Kingdom,1,1,Lapsed
14096.0,4,17,65164.79,2.8903717578961645,11.084689916963535,12.749909998043435,1119,17,United Kingdom,1,2,Best Customers
14097.0,481,2,422.86,1.0986122886681098,6.0494032120284285,10.5715,39,2,United Kingdom,1,1,Lapsed
14098.0,37,1,147.35,0.6931471805599453,4.999574346736831,7.016666666666667,21,1,United Kingdom,1,0,New / Low Engagement
14099.0,16,20,5750.91,3.044522437723423,8.6572872525469,11.038214971209213,273,20,United Kingdom,1,2,Best Customers
14100.0,138,1,191.95,0.6931471805599453,5.262431087983628,7.678,24,1,United Kingdom,1,0,New / Low Engagement
14101.0,74,13,9961.93,2.6390573296152584,9.206626484023989,110.68811111111113,19,13,United Kingdom,1,2,Best Customers
14102.0,5,5,1105.88,1.791759469228055,7.009300525748804,19.06689655172413,35,5,United Kingdom,1,3,Regular
14104.0,155,5,743.53,1.791759469228055,6.612753146812557,5.507629629629629,117,5,United Kingdom,1,3,Regular
14105.0,239,5,5988.83,1.791759469228055,8.697818310072366,21.465340501792117,200,5,United Kingdom,1,3,Regular
14106.0,737,1,214.8,0.6931471805599453,5.374352052824034,214.8,1,1,United Kingdom,1,1,Lapsed
14107.0,52,11,4877.3,2.4849066497880004,8.492552077499786,20.66652542372881,102,11,United Kingdom,1,2,Best Customers
14108.0,31,4,1044.96,1.6094379124341005,6.952690402975883,20.095384615384617,49,4,United Kingdom,1,3,Regular
14109.0,73,1,144.2,0.6931471805599453,4.978112102390695,16.022222222222222,9,1,United Kingdom,1,0,New / Low Engagement
14110.0,4,33,12987.95,3.5263605246161616,9.471854274988836,32.55125313283208,177,32,United Kingdom,1,2,Best Customers
14111.0,14,4,692.85,1.6094379124341005,6.54225579881702,69.285,10,4,United Kingdom,1,3,Regular
14112.0,23,13,5834.59,2.6390573296152584,8.671730653576422,17.897515337423314,199,10,United Kingdom,1,2,Best Customers
14113.0,4,16,7092.610000000001,2.833213344056216,8.866949657786243,58.136147540983615,76,15,United Kingdom,1,2,Best Customers
14114.0,274,7,1364.09,2.079441541679836,7.218975639511439,18.43364864864865,72,7,United Kingdom,1,3,Regular
14115.0,502,2,622.67,1.0986122886681098,6.435621382327132,28.303181818181816,22,2,United Kingdom,1,1,Lapsed
14116.0,20,5,1382.74,1.791759469228055,7.2325452572578,19.204722222222223,61,5,United Kingdom,1,3,Regular
14117.0,144,1,90.0,0.6931471805599453,4.51085950651685,30.0,3,1,United Kingdom,1,0,New / Low Engagement
14118.0,429,1,458.45,0.6931471805599453,6.130030121946894,30.563333333333333,15,1,United Kingdom,1,1,Lapsed
14119.0,376,2,183.37,1.0986122886681098,5.216944608082299,16.67,11,2,United Kingdom,1,1,Lapsed
14121.0,4,4,2780.15,1.6094379124341005,7.930619790211972,17.485220125786164,148,4,United Kingdom,1,3,Regular
14122.0,406,3,362.42,1.3862943611198906,5.895559190220911,27.87846153846154,12,3,United Kingdom,1,1,Lapsed
14123.0,733,1,436.18,0.6931471805599453,6.0803450096018565,18.174166666666668,24,1,United Kingdom,1,1,Lapsed
14124.0,84,1,419.58,0.6931471805599453,6.041634711020558,83.916,4,1,United Kingdom,1,0,New / Low Engagement
14125.0,11,3,2720.63,1.3862943611198906,7.908986244508535,16.38933734939759,159,3,United Kingdom,1,3,Regular
14126.0,8,4,1172.46,1.6094379124341005,7.067711928642815,27.26651162790698,37,3,United Kingdom,1,3,Regular
14127.0,123,6,1900.08,1.9459101490553128,7.55017742471711,16.240000000000002,96,6,United Kingdom,1,3,Regular
14128.0,61,3,924.21,1.3862943611198906,6.830020738772716,14.218615384615385,50,3,United Kingdom,1,3,Regular
14129.0,2,9,2591.34,2.302585092994046,7.860316221709267,23.77376146788991,40,8,United Kingdom,1,3,Regular
14130.0,319,4,1858.77,1.6094379124341005,7.528208103147246,8.448954545454546,189,4,United Kingdom,1,3,Regular
14131.0,649,1,168.22,0.6931471805599453,5.1311996434963545,3.65695652173913,45,1,United Kingdom,1,1,Lapsed
14132.0,2,11,3586.03,2.4849066497880004,8.185079841032296,17.93015,100,11,United Kingdom,1,2,Best Customers
14133.0,130,4,911.14,1.6094379124341005,6.815793487064996,25.309444444444445,33,3,United Kingdom,1,3,Regular
14134.0,383,15,11123.35,2.772588722239781,9.316891678361229,61.79638888888889,130,11,United Kingdom,1,2,Best Customers
14135.0,2,24,8839.67,3.218875824868201,9.087117944614835,40.363789954337896,138,23,United Kingdom,1,2,Best Customers
14136.0,401,5,1570.81,1.791759469228055,7.359983100544423,14.818962264150944,86,5,United Kingdom,1,3,Regular
14137.0,696,1,332.7,0.6931471805599453,5.810242385757328,30.245454545454542,11,1,United Kingdom,1,1,Lapsed
14138.0,2,2,965.88,1.0986122886681098,6.874074392613249,20.997391304347826,40,2,United Kingdom,1,0,New / Low Engagement
14139.0,46,4,1086.8,1.6094379124341005,6.99191258698886,15.75072463768116,48,4,United Kingdom,1,3,Regular
14140.0,4,2,935.05,1.0986122886681098,6.841668893854277,14.16742424242424,60,2,United Kingdom,1,0,New / Low Engagement
14141.0,3,4,915.13,1.6094379124341005,6.820158276001622,22.87825,27,4,United Kingdom,1,3,Regular
14142.0,373,2,671.34,1.0986122886681098,6.510764164953352,15.257727272727273,42,2,United Kingdom,1,1,Lapsed
14143.0,134,1,115.8,0.6931471805599453,4.760463070394127,16.54285714285714,7,1,United Kingdom,1,0,New / Low Engagement
14144.0,486,1,30.6,0.6931471805599453,3.4531571205928664,30.6,1,1,United Kingdom,1,1,Lapsed
14145.0,47,7,7600.05,2.079441541679836,8.936041674626237,304.002,11,7,United Kingdom,1,2,Best Customers
14146.0,9,12,9450.3,2.5649493574615367,9.153907577164,20.724342105263155,337,9,United Kingdom,1,2,Best Customers
14147.0,78,9,2590.2,2.302585092994046,7.85987636785712,86.33999999999999,24,7,United Kingdom,1,3,Regular
14148.0,234,2,466.29,1.0986122886681098,6.146950049948197,27.428823529411765,15,2,United Kingdom,1,0,New / Low Engagement
14149.0,221,1,446.62,0.6931471805599453,6.103944658191983,15.950714285714286,28,1,United Kingdom,1,0,New / Low Engagement
14150.0,36,2,658.64,1.0986122886681098,6.49169423166057,25.33230769230769,23,2,United Kingdom,1,0,New / Low Engagement
14151.0,673,2,679.45,1.0986122886681098,6.522754344006327,15.442045454545456,44,2,United Kingdom,1,1,Lapsed
14152.0,75,7,1997.34,2.079441541679836,7.600072114901368,15.017593984962406,104,6,United Kingdom,1,3,Regular
14153.0,483,1,233.4,0.6931471805599453,5.457029057702857,13.729411764705882,17,1,United Kingdom,1,1,Lapsed
14154.0,239,8,6460.7,2.19722457733622,8.77364772005142,22.12568493150685,236,6,United Kingdom,1,3,Regular
14155.0,266,1,118.75,0.6931471805599453,4.785406236291025,19.791666666666668,6,1,United Kingdom,1,0,New / Low Engagement
14156.0,10,156,313437.62,5.056245805348308,12.655358830412167,77.62199603764239,1446,121,EIRE,0,2,Best Customers
14157.0,20,5,978.69,1.791759469228055,6.887236195092215,11.514,75,5,United Kingdom,1,3,Regular
14158.0,40,1,507.66,0.6931471805599453,6.231779816930511,12.381951219512194,41,1,United Kingdom,1,0,New / Low Engagement
14159.0,20,20,7860.8,3.044522437723423,8.969770866838594,4.281481481481482,706,19,United Kingdom,1,2,Best Customers
14160.0,610,7,8421.47,2.079441541679836,9.038658413386564,78.70532710280374,80,7,United Kingdom,1,3,Regular
14161.0,216,7,2996.93,2.079441541679836,8.005677329490688,10.819241877256315,202,7,United Kingdom,1,3,Regular
14162.0,174,2,289.36,1.0986122886681098,5.67112153241664,11.5744,25,2,United Kingdom,1,0,New / Low Engagement
14163.0,87,5,2594.62,1.791759469228055,7.861580688064839,44.7348275862069,42,5,United Kingdom,1,3,Regular
14164.0,71,2,1631.77,1.0986122886681098,7.398033237980444,56.26793103448276,28,2,United Kingdom,1,3,Regular
14165.0,276,1,120.44,0.6931471805599453,4.79942031364732,5.0183333333333335,23,1,United Kingdom,1,0,New / Low Engagement
14166.0,505,2,251.15,1.0986122886681098,5.530024148522735,4.924509803921569,39,2,United Kingdom,1,1,Lapsed
14167.0,39,8,1274.29,2.19722457733622,7.1509288827098665,11.080782608695651,48,8,United Kingdom,1,3,Regular
14168.0,421,2,370.45,1.0986122886681098,5.917414265597815,24.696666666666665,11,2,United Kingdom,1,1,Lapsed
14169.0,431,2,621.51,1.0986122886681098,6.433759692466862,9.71109375,50,2,United Kingdom,1,1,Lapsed
14170.0,375,3,570.18,1.3862943611198906,6.347704396406768,3.932275862068965,123,3,United Kingdom,1,1,Lapsed
14171.0,98,2,498.79,1.0986122886681098,6.214188010197488,7.79359375,61,2,United Kingdom,1,0,New / Low Engagement
14172.0,605,3,369.02,1.3862943611198906,5.913557058231456,8.386818181818182,38,3,United Kingdom,1,1,Lapsed
14173.0,11,6,586.0,1.9459101490553128,6.375024819828097,17.757575757575758,30,5,United Kingdom,1,3,Regular
14174.0,33,1,134.46,0.6931471805599453,4.908676393786758,5.171538461538462,26,1,United Kingdom,1,0,New / Low Engagement
14175.0,60,8,7678.88,2.19722457733622,8.946359201019646,23.1990332326284,237,8,United Kingdom,1,2,Best Customers
14176.0,297,5,756.46,1.791759469228055,6.629970730708748,20.444864864864865,33,4,United Kingdom,1,3,Regular
14177.0,86,13,2209.69,2.6390573296152584,7.701059962976723,10.778975609756095,141,9,United Kingdom,1,3,Regular
14178.0,9,7,1600.26,2.079441541679836,7.378546098312443,5.032264150943396,191,7,United Kingdom,1,3,Regular
14179.0,41,2,701.57,1.0986122886681098,6.554745040371868,4.46859872611465,135,2,United Kingdom,1,0,New / Low Engagement
14180.0,11,33,6117.5,3.5263605246161616,8.719072247425723,21.16782006920415,125,32,United Kingdom,1,2,Best Customers
14181.0,411,2,308.35,1.0986122886681098,5.734473321976997,5.929807692307692,48,2,United Kingdom,1,1,Lapsed
14182.0,444,4,678.77,1.6094379124341005,6.521754505661576,13.5754,42,4,United Kingdom,1,1,Lapsed
14183.0,411,2,278.34000000000003,1.0986122886681098,5.632429677877625,8.186470588235295,27,2,United Kingdom,1,1,Lapsed
14184.0,67,1,452.89,0.6931471805599453,6.117854877935304,18.870416666666667,24,1,United Kingdom,1,0,New / Low Engagement
14185.0,331,1,197.65,0.6931471805599453,5.291544482260608,65.88333333333334,3,1,United Kingdom,1,1,Lapsed
14186.0,427,5,1550.63,1.791759469228055,7.34706127025902,14.909903846153847,75,5,United Kingdom,1,3,Regular
14187.0,474,1,123.5,0.6931471805599453,4.824305715904762,15.4375,8,1,United Kingdom,1,1,Lapsed
14188.0,31,6,2054.36,1.9459101490553128,7.628206294069428,31.605538461538465,34,6,United Kingdom,1,3,Regular
14189.0,2,16,5503.150000000001,2.833213344056216,8.613257632148803,17.92557003257329,199,15,United Kingdom,1,2,Best Customers
14190.0,666,1,79.9,0.6931471805599453,4.393213824064446,79.9,1,1,United Kingdom,1,1,Lapsed
14191.0,2,15,4817.66,2.772588722239781,8.48025116009442,18.17984905660377,147,15,United Kingdom,1,2,Best Customers
14192.0,388,1,293.74,0.6931471805599453,5.686093611785117,20.981428571428573,14,1,United Kingdom,1,1,Lapsed
14193.0,68,3,1210.19,1.3862943611198906,7.0993586263743325,18.90921875,49,3,United Kingdom,1,3,Regular
14194.0,5,36,18670.59,3.610917912644224,9.83475839627326,19.611964285714286,432,25,United Kingdom,1,2,Best Customers
14195.0,202,6,2615.6,1.9459101490553128,7.869631044076776,163.475,10,5,United Kingdom,1,3,Regular
14196.0,107,1,335.52,0.6931471805599453,5.818657582682612,55.92,6,1,United Kingdom,1,0,New / Low Engagement
14197.0,411,1,390.05,0.6931471805599453,5.968835429047621,19.5025,20,1,United Kingdom,1,1,Lapsed
14198.0,18,9,1569.73,2.302585092994046,7.359295758431025,17.24978021978022,58,9,United Kingdom,1,3,Regular
14199.0,218,4,1091.7,1.6094379124341005,6.9964069765767,60.650000000000006,15,4,United Kingdom,1,3,Regular
14200.0,617,1,379.2,0.6931471805599453,5.940697430054329,18.057142857142857,21,1,United Kingdom,1,1,Lapsed
14201.0,60,10,1193.54,2.3978952727983707,7.0855164530197605,21.70072727272727,47,10,United Kingdom,1,3,Regular
14202.0,381,3,847.76,1.3862943611198906,6.743776460835899,29.233103448275862,27,3,United Kingdom,1,1,Lapsed
14203.0,397,1,339.34,0.6931471805599453,5.82994511794329,21.20875,16,1,United Kingdom,1,1,Lapsed
14204.0,2,4,1024.83,1.6094379124341005,6.93325731999448,4.658318181818181,186,4,United Kingdom,1,3,Regular
14205.0,17,9,2414.2,2.302585092994046,7.789537378392629,19.62764227642276,79,8,United Kingdom,1,3,Regular
14206.0,239,3,1185.01,1.3862943611198906,7.078350011225329,16.690281690140846,62,3,United Kingdom,1,3,Regular
14207.0,688,1,157.8,0.6931471805599453,5.067645548813036,78.9,2,1,United Kingdom,1,1,Lapsed
14208.0,95,2,567.05,1.0986122886681098,6.342209443015913,16.20142857142857,34,2,United Kingdom,1,0,New / Low Engagement
14209.0,11,15,4993.27,2.772588722239781,8.51604653425612,21.61588744588745,133,15,United Kingdom,1,2,Best Customers
14210.0,106,16,5556.570000000001,2.833213344056216,8.622916241350572,17.69608280254777,143,15,United Kingdom,1,2,Best Customers
14211.0,53,18,4402.29,2.9444389791664403,8.390107267770315,18.342875,155,16,United Kingdom,1,2,Best Customers
14212.0,90,2,2190.14,1.0986122886681098,7.692177235317669,104.29238095238097,18,2,United Kingdom,1,3,Regular
14213.0,405,1,1192.2,0.6931471805599453,7.084394052640594,238.44,5,1,United Kingdom,1,1,Lapsed
14214.0,31,5,1004.38,1.791759469228055,6.913120858480547,14.990746268656716,64,5,United Kingdom,1,3,Regular
14215.0,12,9,3250.33,2.302585092994046,8.086819422380941,17.474892473118278,167,9,United Kingdom,1,3,Regular
14216.0,3,5,2150.04,1.791759469228055,7.673706725096686,27.9225974025974,65,5,United Kingdom,1,3,Regular
14217.0,2,23,3298.59,3.1780538303479458,8.101553497311599,18.95741379310345,122,22,United Kingdom,1,2,Best Customers
14218.0,43,1,169.48000000000002,0.6931471805599453,5.1386179877903615,14.123333333333337,12,1,United Kingdom,1,0,New / Low Engagement
14219.0,4,3,633.83,1.3862943611198906,6.4533572465147895,14.740232558139535,39,3,United Kingdom,1,0,New / Low Engagement
14220.0,247,4,1515.0,1.6094379124341005,7.323830566202317,39.86842105263158,26,4,United Kingdom,1,3,Regular
14221.0,42,17,6517.49,2.8903717578961645,8.78239803300639,18.782391930835733,166,14,United Kingdom,1,2,Best Customers
14222.0,177,1,683.17,0.6931471805599453,6.528206424753791,16.662682926829266,41,1,United Kingdom,1,0,New / Low Engagement
14223.0,92,3,991.13,1.3862943611198906,6.89985414708588,16.518833333333333,50,3,United Kingdom,1,3,Regular
14224.0,110,9,1841.71,2.302585092994046,7.518992593145431,8.042401746724892,189,9,United Kingdom,1,3,Regular
14225.0,435,4,2031.07,1.6094379124341005,7.616810256923923,23.61709302325581,70,4,United Kingdom,1,1,Lapsed
14226.0,29,6,2985.13,1.9459101490553128,8.001733513655134,30.774536082474228,89,6,United Kingdom,1,3,Regular
14227.0,26,15,6368.71,2.772588722239781,8.759309221627205,16.8931299734748,246,10,United Kingdom,1,2,Best Customers
14228.0,438,3,745.5,1.3862943611198906,6.615395616979245,19.61842105263158,38,3,United Kingdom,1,1,Lapsed
14229.0,52,7,2594.04,2.079441541679836,7.86135720973938,36.028333333333336,41,6,United Kingdom,1,3,Regular
14230.0,436,3,979.8,1.3862943611198906,6.888368565181947,29.69090909090909,27,2,United Kingdom,1,1,Lapsed
14231.0,184,4,1235.62,1.6094379124341005,7.120137130372299,17.90753623188406,66,4,United Kingdom,1,3,Regular
14232.0,43,5,2048.07,1.791759469228055,7.625141310661702,17.80930434782609,81,5,United Kingdom,1,3,Regular
14233.0,49,7,2904.27,2.079441541679836,7.974281608168437,39.784520547945206,42,7,United Kingdom,1,3,Regular
14234.0,22,4,754.12,1.6094379124341005,6.626876677016689,5.130068027210885,122,4,United Kingdom,1,3,Regular
14235.0,75,9,4717.99,2.302585092994046,8.459350072631114,31.87831081081081,107,7,United Kingdom,1,3,Regular
14236.0,81,5,1555.34,1.791759469228055,7.350092189866152,33.09234042553192,39,5,United Kingdom,1,3,Regular
14237.0,373,2,471.14,1.0986122886681098,6.157275551774947,18.12076923076923,26,2,United Kingdom,1,1,Lapsed
14238.0,326,3,434.23,1.3862943611198906,6.075874626989435,33.402307692307694,13,3,United Kingdom,1,1,Lapsed
14239.0,43,21,4263.17,3.091042453358316,8.358002833718864,20.300809523809523,97,21,United Kingdom,1,2,Best Customers
14240.0,30,3,1247.49,1.3862943611198906,7.129690100076217,20.45065573770492,46,3,United Kingdom,1,3,Regular
14241.0,184,2,333.7,1.0986122886681098,5.8132346082172806,27.808333333333334,12,2,United Kingdom,1,0,New / Low Engagement
14242.0,235,2,280.55,1.0986122886681098,5.640310051700627,17.534375,13,2,United Kingdom,1,0,New / Low Engagement
14243.0,9,17,7217.75,2.8903717578961645,8.884437086704205,19.883608815427,235,17,United Kingdom,1,2,Best Customers
14244.0,661,1,366.42,0.6931471805599453,5.906505607880791,22.90125,16,1,United Kingdom,1,1,Lapsed
14245.0,220,2,1693.45,1.0986122886681098,7.435113483382488,15.680092592592594,107,2,United Kingdom,1,3,Regular
14246.0,111,3,1474.06,1.3862943611198906,7.296453945912696,19.65413333333333,57,3,United Kingdom,1,3,Regular
14247.0,278,5,753.56,1.791759469228055,6.626134797908952,6.668672566371681,82,5,United Kingdom,1,3,Regular
14248.0,318,3,1032.95,1.3862943611198906,6.941141697999771,21.977659574468085,41,3,United Kingdom,1,3,Regular
14249.0,411,12,5400.461,2.5649493574615367,8.594424751514367,19.854636029411765,178,8,United Kingdom,1,2,Best Customers
14250.0,7,3,1904.05,1.3862943611198906,7.552263533935522,17.153603603603603,94,2,United Kingdom,1,3,Regular
14251.0,2,5,2879.7000000000003,1.791759469228055,7.965788599152331,36.91923076923077,37,5,United Kingdom,1,3,Regular
14252.0,381,1,350.99,0.6931471805599453,5.863602766103642,35.099000000000004,10,1,United Kingdom,1,1,Lapsed
14253.0,493,2,363.4,1.0986122886681098,5.898252165385803,30.28333333333333,11,2,United Kingdom,1,1,Lapsed
14254.0,433,1,601.03,0.6931471805599453,6.400307277954197,26.13173913043478,23,1,United Kingdom,1,1,Lapsed
14255.0,546,1,1000.63,0.6931471805599453,6.909383951973957,1000.63,1,1,United Kingdom,1,1,Lapsed
14256.0,260,5,2460.79,1.791759469228055,7.80864400659954,18.50218045112782,100,4,United Kingdom,1,3,Regular
14257.0,64,9,5954.45,2.302585092994046,8.692062045685008,24.81020833333333,167,9,United Kingdom,1,2,Best Customers
14258.0,9,25,32051.34,3.258096538021482,10.375125470604086,106.8378,97,22,United Kingdom,1,2,Best Customers
14259.0,142,1,120.0,0.6931471805599453,4.795790545596741,24.0,5,1,United Kingdom,1,0,New / Low Engagement
14260.0,471,3,824.28,1.3862943611198906,6.71572272269298,16.16235294117647,50,2,United Kingdom,1,1,Lapsed
14261.0,51,2,1163.45,1.0986122886681098,7.060004151519799,22.37403846153846,52,2,United Kingdom,1,0,New / Low Engagement
14262.0,8,8,2618.23,2.19722457733622,7.870635660430322,18.3093006993007,87,8,United Kingdom,1,3,Regular
14263.0,423,1,322.93,0.6931471805599453,5.780527443067584,20.183125,16,1,United Kingdom,1,1,Lapsed
14264.0,155,6,1517.36,1.9459101490553128,7.325386083989173,19.207088607594937,59,6,United Kingdom,1,3,Regular
14265.0,109,4,1373.35,1.6094379124341005,7.225736171057181,17.384177215189872,74,4,Unspecified,0,3,Regular
14266.0,428,1,40.56,0.6931471805599453,3.727138166231027,40.56,1,1,United Kingdom,1,1,Lapsed
14267.0,163,3,1516.24,1.3862943611198906,7.3246481738226015,27.568,25,2,United Kingdom,1,3,Regular
14268.0,471,1,354.85,0.6931471805599453,5.87450929374528,18.676315789473687,19,1,United Kingdom,1,1,Lapsed
14269.0,439,1,295.73,0.6931471805599453,5.692822634419859,18.483125,16,1,United Kingdom,1,1,Lapsed
14270.0,332,1,492.65,0.6931471805599453,6.201826764057459,16.98793103448276,29,1,United Kingdom,1,1,Lapsed
14271.0,226,2,214.18,1.0986122886681098,5.371474887165763,5.636315789473684,38,2,United Kingdom,1,0,New / Low Engagement
14272.0,74,4,920.81,1.6094379124341005,6.826339128567769,14.38765625,62,4,United Kingdom,1,3,Regular
14273.0,51,4,559.97,1.6094379124341005,6.329667428156979,19.309310344827587,22,4,United Kingdom,1,0,New / Low Engagement
14274.0,686,1,256.6,0.6931471805599453,5.551407994230199,17.10666666666667,15,1,United Kingdom,1,1,Lapsed
14275.0,396,6,1189.38,1.9459101490553128,7.082027862862419,51.71217391304347,14,5,United Kingdom,1,3,Regular
14276.0,99,7,2102.68,2.079441541679836,7.6514434710358,17.377520661157025,75,6,United Kingdom,1,3,Regular
14277.0,15,9,17197.61,2.302585092994046,9.752583845582432,45.37627968337731,334,8,France,0,2,Best Customers
14278.0,410,1,205.83,0.6931471805599453,5.331897199811232,15.833076923076923,13,1,United Kingdom,1,1,Lapsed
14279.0,521,2,191.86,1.0986122886681098,5.261964537082238,63.95333333333334,3,2,United Kingdom,1,1,Lapsed
14280.0,197,1,134.04,0.6931471805599453,4.905571030847647,16.755,8,1,United Kingdom,1,0,New / Low Engagement
14281.0,408,1,245.15,0.6931471805599453,5.50594110620421,35.02142857142857,7,1,United Kingdom,1,1,Lapsed
14282.0,3,25,7250.76,3.258096538021482,8.888999477008303,30.3379079497908,100,25,United Kingdom,1,2,Best Customers
14283.0,463,4,628.44,1.6094379124341005,6.444830535200694,15.327804878048784,36,4,United Kingdom,1,1,Lapsed
14284.0,31,3,1299.65,1.3862943611198906,7.170619418491279,19.39776119402985,59,3,United Kingdom,1,3,Regular
14285.0,21,8,3284.42,2.19722457733622,8.097249776627379,53.84295081967213,48,8,United Kingdom,1,3,Regular
14286.0,24,7,8479.76,2.079441541679836,9.04555534741159,16.993507014028058,270,6,United Kingdom,1,2,Best Customers
14287.0,8,3,176.63,1.3862943611198906,5.179702735211794,19.625555555555557,9,2,United Kingdom,1,0,New / Low Engagement
14288.0,213,1,426.6,0.6931471805599453,6.05818817915089,26.6625,16,1,United Kingdom,1,0,New / Low Engagement
14289.0,9,6,911.26,1.9459101490553128,6.815925037163848,19.388510638297877,33,6,United Kingdom,1,3,Regular
14290.0,11,8,4516.56,2.19722457733622,8.41572730406053,29.910993377483447,120,8,United Kingdom,1,3,Regular
14291.0,2,23,7904.1,3.1780538303479458,8.975263399784938,16.000202429149798,241,14,United Kingdom,1,2,Best Customers
14292.0,8,16,9226.25,2.833213344056216,9.129916341608387,47.80440414507772,120,11,United Kingdom,1,2,Best Customers
14293.0,3,9,2903.01,2.302585092994046,7.973847819464929,24.395042016806723,88,8,United Kingdom,1,3,Regular
14294.0,407,1,375.34,0.6931471805599453,5.930492990116498,16.31913043478261,23,1,United Kingdom,1,1,Lapsed
14295.0,40,5,2362.91,1.791759469228055,7.768072306735277,32.818194444444444,66,5,United Kingdom,1,3,Regular
14296.0,421,2,456.4,1.0986122886681098,6.125558281588681,16.9037037037037,27,2,United Kingdom,1,1,Lapsed
14297.0,18,4,1305.33,1.6094379124341005,7.174976957856922,21.053709677419352,48,4,United Kingdom,1,3,Regular
14298.0,8,82,91194.49,4.418840607796598,11.42076072308526,31.84165153631285,1370,45,United Kingdom,1,2,Best Customers
14299.0,8,27,14070.25,3.332204510175204,9.551888987669011,42.00074626865672,164,25,United Kingdom,1,2,Best Customers
14300.0,19,1,43.2,0.6931471805599453,3.788724789083653,14.4,3,1,United Kingdom,1,0,New / Low Engagement
14301.0,117,4,1992.18,1.6094379124341005,7.597486632240913,37.58830188679245,37,4,United Kingdom,1,3,Regular
14302.0,431,3,742.9000000000001,1.3862943611198906,6.611906617197296,26.532142857142865,25,3,United Kingdom,1,1,Lapsed
14303.0,407,2,277.94,1.0986122886681098,5.630996704930548,12.633636363636365,21,2,United Kingdom,1,1,Lapsed
14304.0,223,3,1725.01,1.3862943611198906,7.453567665369348,19.602386363636363,69,3,United Kingdom,1,3,Regular
14305.0,71,3,1858.96,1.3862943611198906,7.528310261099659,17.70438095238095,96,3,United Kingdom,1,3,Regular
14306.0,51,6,3151.4,1.9459101490553128,8.055919346479495,68.50869565217391,43,6,United Kingdom,1,3,Regular
14307.0,89,10,4287.92,2.3978952727983707,8.363790231976404,16.366106870229007,205,9,United Kingdom,1,2,Best Customers
14308.0,549,2,1147.02,1.0986122886681098,7.045793998330545,573.51,1,1,United Kingdom,1,1,Lapsed
14309.0,8,11,3780.81,2.4849066497880004,8.237958009987105,20.004285714285714,125,11,United Kingdom,1,2,Best Customers
14310.0,433,1,492.1,0.6931471805599453,6.2007119932300805,22.36818181818182,22,1,United Kingdom,1,1,Lapsed
14311.0,243,2,516.45,1.0986122886681098,6.248912902114182,16.65967741935484,31,2,United Kingdom,1,0,New / Low Engagement
14312.0,47,11,3090.29,2.4849066497880004,8.0363437585012,17.168277777777778,148,11,United Kingdom,1,2,Best Customers
14314.0,107,2,229.8,1.0986122886681098,5.441551534633945,22.98,10,2,United Kingdom,1,0,New / Low Engagement
14315.0,45,8,3197.82,2.19722457733622,8.070537270782818,24.04375939849624,83,8,United Kingdom,1,3,Regular
14316.0,422,5,1370.34,1.791759469228055,7.223543642981688,44.20451612903226,21,4,United Kingdom,1,1,Lapsed
14317.0,65,1,508.58,0.6931471805599453,6.233586857019973,21.19083333333333,24,1,United Kingdom,1,0,New / Low Engagement
14318.0,460,1,158.02,0.6931471805599453,5.069029980473338,17.55777777777778,9,1,United Kingdom,1,1,Lapsed
14319.0,424,1,494.85,0.6931471805599453,6.206273461632134,19.032692307692308,26,1,United Kingdom,1,1,Lapsed
14320.0,207,5,1346.75,1.791759469228055,7.206191814331778,16.626543209876544,68,5,United Kingdom,1,3,Regular
14321.0,11,7,2218.06,2.079441541679836,7.704838961773891,12.391396648044692,162,7,United Kingdom,1,3,Regular
14322.0,429,4,474.1,1.6094379124341005,6.163525308192876,36.46923076923077,10,4,United Kingdom,1,1,Lapsed
14323.0,115,2,605.0600000000001,1.0986122886681098,6.406978991069148,16.807222222222222,32,2,United Kingdom,1,0,New / Low Engagement
14324.0,410,2,701.61,1.0986122886681098,6.554801972579857,17.112439024390245,41,2,United Kingdom,1,1,Lapsed
14325.0,570,1,245.48,0.6931471805599453,5.507280854288412,13.637777777777778,18,1,United Kingdom,1,1,Lapsed
14326.0,242,3,940.98,1.3862943611198906,6.847984042928468,16.50842105263158,54,3,United Kingdom,1,3,Regular
14327.0,163,6,1894.93,1.9459101490553128,7.54746476230219,17.87669811320755,99,6,United Kingdom,1,3,Regular
14328.0,438,1,445.05,0.6931471805599453,6.1004310533597925,445.05,1,1,United Kingdom,1,1,Lapsed
14329.0,17,15,9887.62,2.772588722239781,9.19913987999714,17.912355072463768,349,14,United Kingdom,1,2,Best Customers
14330.0,624,1,200.63,0.6931471805599453,5.3064343346499845,15.433076923076923,13,1,United Kingdom,1,1,Lapsed
14331.0,124,2,462.66,1.0986122886681098,6.139151525006747,16.52357142857143,27,2,United Kingdom,1,0,New / Low Engagement
14332.0,23,5,1917.41,1.791759469228055,7.5592519969368945,30.925967741935484,47,5,United Kingdom,1,3,Regular
14333.0,68,1,415.2,0.6931471805599453,6.031165913959534,27.68,15,1,United Kingdom,1,0,New / Low Engagement
14334.0,17,12,4318.4800000000005,2.5649493574615367,8.37089030362269,16.73829457364341,148,12,United Kingdom,1,2,Best Customers
14335.0,16,2,454.86,1.0986122886681098,6.122185744830992,7.581,55,2,Germany,0,0,New / Low Engagement
14336.0,17,4,1614.91,1.6094379124341005,7.387653544460817,17.943444444444445,77,4,United Kingdom,1,3,Regular
14338.0,161,3,928.1,1.3862943611198906,6.834216375647267,18.562,43,3,United Kingdom,1,3,Regular
14339.0,243,2,620.27,1.0986122886681098,6.431765770051603,26.968260869565217,21,2,United Kingdom,1,0,New / Low Engagement
14340.0,219,1,134.7,0.6931471805599453,4.910446566840824,22.45,6,1,United Kingdom,1,0,New / Low Engagement
14341.0,45,18,4452.02,2.9444389791664403,8.401337796665759,16.800075471698115,185,12,United Kingdom,1,2,Best Customers
14342.0,21,6,918.44,1.9459101490553128,6.823764789060503,27.831515151515152,27,6,United Kingdom,1,3,Regular
14343.0,421,4,1079.66,1.6094379124341005,6.985327244577022,4.613931623931625,193,4,United Kingdom,1,1,Lapsed
14344.0,127,20,2993.05,3.044522437723423,8.00438226490693,13.01326086956522,140,20,United Kingdom,1,2,Best Customers
14345.0,39,1,108.98,0.6931471805599453,4.700298531079668,18.16333333333333,6,1,United Kingdom,1,0,New / Low Engagement
14346.0,121,5,2315.75,1.791759469228055,7.747920620466801,15.861301369863014,123,4,United Kingdom,1,3,Regular
14347.0,737,1,82.60000000000001,0.6931471805599453,4.426043520090656,13.766666666666667,6,1,United Kingdom,1,1,Lapsed
14348.0,260,1,409.57,0.6931471805599453,6.017546438106483,22.753888888888888,18,1,United Kingdom,1,0,New / Low Engagement
14349.0,10,1,133.5,0.6931471805599453,4.901564199041894,4.306451612903226,31,1,United Kingdom,1,0,New / Low Engagement
14350.0,274,3,972.03,1.3862943611198906,6.880414914187569,16.47508474576271,55,3,United Kingdom,1,3,Regular
14351.0,165,1,51.0,0.6931471805599453,3.951243718581428,51.0,1,1,United Kingdom,1,0,New / Low Engagement
14352.0,157,4,1078.96,1.6094379124341005,6.984679282395341,22.95659574468085,44,3,United Kingdom,1,3,Regular
14353.0,215,3,376.5,1.3862943611198906,5.933570568689079,15.06,18,3,United Kingdom,1,0,New / Low Engagement
14354.0,6,2,163.62,1.0986122886681098,5.103639787544498,18.18,9,2,United Kingdom,1,0,New / Low Engagement
14355.0,366,3,840.0500000000001,1.3862943611198906,6.734651111237791,14.000833333333334,57,3,United Kingdom,1,1,Lapsed
14356.0,80,2,701.23,1.0986122886681098,6.5542609856927125,21.24939393939394,33,2,United Kingdom,1,0,New / Low Engagement
14357.0,43,1,225.12,0.6931471805599453,5.42106583180709,5.628,39,1,United Kingdom,1,0,New / Low Engagement
14358.0,389,2,400.06,1.0986122886681098,5.994111042048887,16.0024,21,2,United Kingdom,1,1,Lapsed
14359.0,19,3,912.18,1.3862943611198906,6.816933013408364,16.585090909090912,44,3,United Kingdom,1,3,Regular
14360.0,32,4,2118.03,1.6094379124341005,7.658713715789601,18.102820512820514,104,3,United Kingdom,1,3,Regular
14361.0,579,1,214.71,0.6931471805599453,5.373934913006625,15.336428571428572,14,1,United Kingdom,1,1,Lapsed
14362.0,22,1,151.5,0.6931471805599453,5.0271645960474665,4.094594594594595,37,1,United Kingdom,1,0,New / Low Engagement
14363.0,402,2,227.47000000000003,1.0986122886681098,5.431404910686392,28.433750000000003,8,2,United Kingdom,1,1,Lapsed
14364.0,109,8,3717.35,2.19722457733622,8.221035300483413,53.87463768115942,61,7,United Kingdom,1,3,Regular
14365.0,395,2,634.68,1.0986122886681098,6.454695292066289,12.44470588235294,50,2,United Kingdom,1,1,Lapsed
14366.0,525,1,136.0,0.6931471805599453,4.919980925828125,136.0,1,1,United Kingdom,1,1,Lapsed
14367.0,8,16,9227.82,2.833213344056216,9.13008647533716,17.711746641074857,270,13,United Kingdom,1,2,Best Customers
14368.0,320,1,155.0,0.6931471805599453,5.049856007249537,19.375,8,1,United Kingdom,1,1,Lapsed
14369.0,642,2,469.13,1.0986122886681098,6.153009252203234,18.04346153846154,24,2,United Kingdom,1,1,Lapsed
14370.0,451,6,1175.78,1.9459101490553128,7.070537173901474,26.722272727272728,37,5,United Kingdom,1,1,Lapsed
14371.0,295,1,100.5,0.6931471805599453,4.620058798481842,25.125,4,1,United Kingdom,1,1,Lapsed
14372.0,443,2,860.08,1.0986122886681098,6.758187415326246,22.633684210526315,36,2,United Kingdom,1,1,Lapsed
14373.0,358,1,76.55,0.6931471805599453,4.350922889622548,19.1375,4,1,United Kingdom,1,1,Lapsed
14374.0,541,1,108.0,0.6931471805599453,4.691347882229144,15.428571428571429,7,1,United Kingdom,1,1,Lapsed
14375.0,185,3,1106.82,1.3862943611198906,7.010149399236361,5.399121951219512,176,3,United Kingdom,1,3,Regular
14376.0,683,1,215.46,0.6931471805599453,5.377405772867,11.97,17,1,United Kingdom,1,1,Lapsed
14377.0,191,2,617.05,1.0986122886681098,6.426569360333832,56.095454545454544,11,2,United Kingdom,1,0,New / Low Engagement
14378.0,622,1,131.25,0.6931471805599453,4.8846940707384086,14.583333333333334,9,1,United Kingdom,1,1,Lapsed
14379.0,44,4,1265.16,1.6094379124341005,7.143743977025028,9.8840625,93,4,United Kingdom,1,3,Regular
14380.0,682,1,48.96,0.6931471805599453,3.911222685257377,48.96,1,1,United Kingdom,1,1,Lapsed
14381.0,52,2,625.94,1.0986122886681098,6.440850842274075,5.58875,104,2,United Kingdom,1,0,New / Low Engagement
14382.0,26,2,1193.63,1.0986122886681098,7.085591792991417,4.278243727598566,227,2,United Kingdom,1,0,New / Low Engagement
14383.0,38,3,1247.69,1.3862943611198906,7.129850280760371,21.14728813559322,49,3,United Kingdom,1,3,Regular
14384.0,501,1,58.5,0.6931471805599453,4.085976312551584,19.5,3,1,United Kingdom,1,1,Lapsed
14385.0,9,3,202.11,1.3862943611198906,5.3137477042033945,14.43642857142857,13,3,United Kingdom,1,0,New / Low Engagement
14386.0,297,1,142.4,0.6931471805599453,4.96563792816552,20.342857142857145,7,1,United Kingdom,1,1,Lapsed
14387.0,33,3,1727.6,1.3862943611198906,7.455067111318538,12.428776978417266,125,3,United Kingdom,1,3,Regular
14388.0,10,16,6388.2,2.833213344056216,8.762364343915802,16.254961832061067,184,16,United Kingdom,1,2,Best Customers
14389.0,65,5,1898.01,1.791759469228055,7.549087976727858,21.816206896551723,48,5,United Kingdom,1,3,Regular
14390.0,10,13,6150.03,2.6390573296152584,8.724374826452205,13.39875816993464,197,11,United Kingdom,1,2,Best Customers
14391.0,577,1,135.6,0.6931471805599453,4.91705694713669,9.685714285714283,14,1,United Kingdom,1,1,Lapsed
14392.0,432,1,266.4,0.6931471805599453,5.588745664667843,19.02857142857143,14,1,United Kingdom,1,1,Lapsed
14393.0,218,1,67.95,0.6931471805599453,4.233381604239311,13.59,5,1,United Kingdom,1,0,New / Low Engagement
14394.0,565,1,93.8,0.6931471805599453,4.551769409260976,15.633333333333333,6,1,United Kingdom,1,1,Lapsed
14395.0,2,20,7801.93,3.044522437723423,8.962254583167898,10.015314505776637,320,19,United Kingdom,1,2,Best Customers
14396.0,65,7,1969.38,2.079441541679836,7.585981696531509,7.909156626506024,202,6,United Kingdom,1,3,Regular
14397.0,3,19,2612.96,2.995732273553991,7.868621591848266,30.034022988505747,18,19,United Kingdom,1,2,Best Customers
14398.0,401,2,707.79,1.0986122886681098,6.563559290839203,13.354528301886791,50,2,United Kingdom,1,1,Lapsed
14399.0,394,8,2108.21,2.19722457733622,7.654068748779155,10.980260416666669,119,8,United Kingdom,1,3,Regular
14400.0,149,3,1732.47,1.3862943611198906,7.45788045894706,23.73246575342466,71,3,United Kingdom,1,3,Regular
14401.0,4,22,6795.9,3.1354942159291497,8.824221904865304,25.5484962406015,171,22,United Kingdom,1,2,Best Customers
14402.0,652,1,285.6,0.6931471805599453,5.658087515394072,35.7,8,1,United Kingdom,1,1,Lapsed
14403.0,130,6,1880.51,1.9459101490553128,7.539829924927686,75.2204,20,6,United Kingdom,1,3,Regular
14404.0,34,13,2724.13,2.6390573296152584,7.910271412381448,15.050441988950276,123,12,United Kingdom,1,2,Best Customers
14405.0,387,1,195.0,0.6931471805599453,5.278114659230517,97.5,2,1,United Kingdom,1,1,Lapsed
14406.0,119,1,156.75,0.6931471805599453,5.061011501421323,19.59375,8,1,United Kingdom,1,0,New / Low Engagement
14407.0,107,6,2157.73,1.9459101490553128,7.677275364797242,29.55794520547945,67,6,United Kingdom,1,3,Regular
14408.0,11,11,4102.27,2.4849066497880004,8.319539495785264,32.048984375,63,11,United Kingdom,1,2,Best Customers
14409.0,71,9,3427.29,2.302585092994046,8.139816873572414,32.95471153846154,76,8,United Kingdom,1,3,Regular
14410.0,92,11,2631.9,2.4849066497880004,7.875841179283995,6.8361038961038965,307,9,United Kingdom,1,3,Regular
14411.0,311,1,1063.0,0.6931471805599453,6.96979066990159,75.92857142857143,14,1,United Kingdom,1,1,Lapsed
14412.0,43,3,1426.19,1.3862943611198906,7.26346275507474,16.978452380952383,75,3,United Kingdom,1,3,Regular
14413.0,362,4,764.52,1.6094379124341005,6.640555341471007,7.96375,93,4,United Kingdom,1,1,Lapsed
14414.0,92,8,2399.33,2.19722457733622,7.783361506883779,20.333305084745763,99,8,United Kingdom,1,3,Regular
14415.0,1,23,11980.09,3.1780538303479458,9.391084852505516,9.708338735818476,445,23,United Kingdom,1,2,Best Customers
14416.0,22,2,490.22,1.0986122886681098,6.196892092616412,35.01571428571429,13,2,United Kingdom,1,0,New / Low Engagement
14417.0,388,1,524.65,0.6931471805599453,6.26463559202184,4.484188034188034,106,1,United Kingdom,1,1,Lapsed
14418.0,4,3,1937.25,1.3862943611198906,7.569540783099068,15.622983870967742,114,3,United Kingdom,1,3,Regular
14419.0,11,7,1254.64,2.079441541679836,7.135400681739754,5.576177777777779,118,7,United Kingdom,1,3,Regular
14420.0,99,4,1639.17,1.6094379124341005,7.4025551739826545,17.62548387096774,85,4,United Kingdom,1,3,Regular
14421.0,57,6,2469.37,1.9459101490553128,7.812123215974338,25.722604166666667,72,6,United Kingdom,1,3,Regular
14422.0,1,19,10271.52,2.995732273553991,9.2372276477014,18.60782608695652,317,19,United Kingdom,1,2,Best Customers
14423.0,218,3,916.61,1.3862943611198906,6.821772463750548,61.10733333333334,12,3,United Kingdom,1,3,Regular
14424.0,18,1,322.08,0.6931471805599453,5.777899970574095,322.08,1,1,United Kingdom,1,0,New / Low Engagement
14425.0,435,3,661.39,1.3862943611198906,6.495854506338738,16.958717948717947,35,3,United Kingdom,1,1,Lapsed
14426.0,24,17,11727.94,2.8903717578961645,9.3698145709828,19.41711920529801,452,14,United Kingdom,1,2,Best Customers
14427.0,50,4,1263.52,1.6094379124341005,7.142447882513212,28.716363636363635,43,4,United Kingdom,1,3,Regular
14428.0,7,5,1224.06,1.791759469228055,7.110745101371203,8.934744525547444,108,5,United Kingdom,1,3,Regular
14429.0,404,1,516.28,0.6931471805599453,6.248584313977123,23.467272727272725,22,1,United Kingdom,1,1,Lapsed
14430.0,512,3,1220.9,1.3862943611198906,7.108162303322477,34.88285714285715,29,2,United Kingdom,1,1,Lapsed
14431.0,303,4,2614.2,1.6094379124341005,7.869095855410001,32.27407407407407,72,4,United Kingdom,1,3,Regular
14432.0,10,6,2248.5,1.9459101490553128,7.718463248281226,5.964190981432361,256,6,United Kingdom,1,3,Regular
14433.0,466,1,280.7,0.6931471805599453,5.640842674882327,3.7932432432432432,72,1,United Kingdom,1,1,Lapsed
14434.0,22,6,1372.8,1.9459101490553128,7.225335901779781,114.4,3,6,United Kingdom,1,3,Regular
14435.0,502,1,90.42,0.6931471805599453,4.515464272903598,30.14,3,1,United Kingdom,1,1,Lapsed
14436.0,99,2,271.7,1.0986122886681098,5.608372289851543,24.7,11,2,United Kingdom,1,0,New / Low Engagement
14437.0,366,5,873.34,1.791759469228055,6.773469316026729,20.793809523809525,34,5,United Kingdom,1,3,Regular
14438.0,306,1,131.9,0.6931471805599453,4.8895969657192,14.655555555555557,9,1,United Kingdom,1,1,Lapsed
14439.0,320,5,9443.04,1.791759469228055,9.15313913368987,73.20186046511628,105,5,Greece,0,3,Regular
14440.0,8,13,5982.03,2.6390573296152584,8.69668240758438,46.734609375,63,12,United Kingdom,1,2,Best Customers
14441.0,1,11,4611.6900000000005,2.4849066497880004,8.436566479912322,29.946038961038965,103,11,United Kingdom,1,2,Best Customers
14442.0,205,7,5367.02,2.079441541679836,8.588214404426992,29.327978142076507,128,6,Channel Islands,0,3,Regular
14443.0,54,5,2082.9700000000003,1.791759469228055,7.642030007376169,15.661428571428573,119,5,United Kingdom,1,3,Regular
14444.0,456,1,120.44,0.6931471805599453,4.79942031364732,10.94909090909091,11,1,United Kingdom,1,1,Lapsed
14445.0,456,1,221.65,0.6931471805599453,5.405601031767711,6.9265625,32,1,United Kingdom,1,1,Lapsed
14446.0,1,5,1200.28,1.791759469228055,7.091142933958089,3.762633228840125,259,5,United Kingdom,1,3,Regular
14447.0,19,6,1711.73,1.9459101490553128,7.445843867687404,16.148396226415095,81,5,United Kingdom,1,3,Regular
14448.0,9,2,375.35,1.0986122886681098,5.930519561480541,18.7675,20,2,United Kingdom,1,0,New / Low Engagement
14449.0,19,8,2230.96,2.19722457733622,7.710635402193662,4.61896480331263,301,7,United Kingdom,1,3,Regular
14450.0,181,7,1128.44,2.079441541679836,7.029477213647162,14.847894736842106,47,7,United Kingdom,1,3,Regular
14451.0,60,12,3258.68,2.5649493574615367,8.08938431003359,6.364609375,245,12,United Kingdom,1,2,Best Customers
14452.0,11,4,658.95,1.6094379124341005,6.492164074574964,5.108139534883721,108,4,United Kingdom,1,3,Regular
14453.0,190,1,119.93,0.6931471805599453,4.795211865797184,5.451363636363637,22,1,United Kingdom,1,0,New / Low Engagement
14454.0,376,5,977.3,1.791759469228055,6.885816371463383,8.884545454545455,93,5,United Kingdom,1,3,Regular
14455.0,432,4,617.72,1.6094379124341005,6.427652827858987,8.022337662337662,65,4,United Kingdom,1,1,Lapsed
14456.0,5,9,3017.28,2.302585092994046,8.012442411697599,3.1861457233368533,580,8,United Kingdom,1,3,Regular
14457.0,311,1,113.64,0.6931471805599453,4.741796783519916,28.41,4,1,United Kingdom,1,1,Lapsed
14458.0,381,1,228.07,0.6931471805599453,5.434027633700484,4.852553191489362,46,1,United Kingdom,1,1,Lapsed
14459.0,155,2,5375.741,1.0986122886681098,8.589837707526067,47.57292920353982,113,2,United Kingdom,1,3,Regular
14460.0,110,9,1093.5,2.302585092994046,6.9980529169629175,26.035714285714285,33,9,United Kingdom,1,3,Regular
14461.0,148,13,6676.91,2.6390573296152584,8.806560343323834,10.498286163522012,515,12,United Kingdom,1,2,Best Customers
14462.0,66,12,2242.81,2.5649493574615367,7.7159305928261315,7.98153024911032,182,10,United Kingdom,1,3,Regular
14463.0,98,4,786.5699999999999,1.6094379124341005,6.668952255638294,98.32125,7,4,United Kingdom,1,3,Regular
14464.0,568,2,111.0,1.0986122886681098,4.718498871295094,27.75,4,2,United Kingdom,1,1,Lapsed
14465.0,247,11,3925.85,2.4849066497880004,8.27559285675146,20.34119170984456,128,10,United Kingdom,1,3,Regular
14466.0,29,13,4267.15,2.6390573296152584,8.358935757071167,20.714320388349517,77,13,United Kingdom,1,2,Best Customers
14467.0,18,12,2203.24,2.5649493574615367,7.698138057266362,7.271419141914192,144,12,United Kingdom,1,3,Regular
14468.0,734,1,204.24,0.6931471805599453,5.324180026073764,17.02,12,1,United Kingdom,1,1,Lapsed
14469.0,416,4,2093.46,1.6094379124341005,7.64705104256806,14.437655172413791,120,4,United Kingdom,1,3,Regular
14470.0,12,3,712.04,1.3862943611198906,6.569537519822462,11.867333333333333,56,3,United Kingdom,1,0,New / Low Engagement
14471.0,591,2,400.95,1.0986122886681098,5.99632770277397,9.779268292682929,38,2,United Kingdom,1,1,Lapsed
14472.0,104,9,2118.72,2.302585092994046,7.659039283471626,6.856699029126213,173,9,United Kingdom,1,3,Regular
14473.0,74,2,234.34,1.0986122886681098,5.461031277035783,33.47714285714286,7,2,United Kingdom,1,0,New / Low Engagement
14474.0,46,2,1258.89,1.0986122886681098,7.138779694547217,9.91251968503937,122,2,United Kingdom,1,0,New / Low Engagement
14475.0,72,4,1151.15,1.6094379124341005,7.0493850411128,23.98229166666667,40,4,United Kingdom,1,3,Regular
14476.0,257,1,193.0,0.6931471805599453,5.267858159063328,11.352941176470589,17,1,United Kingdom,1,0,New / Low Engagement
14477.0,20,7,1969.6,2.079441541679836,7.586093343888374,140.68571428571428,7,7,United Kingdom,1,3,Regular
14478.0,382,4,1276.66,1.6094379124341005,7.152785558853802,18.774411764705885,59,4,United Kingdom,1,1,Lapsed
14479.0,254,4,1124.71,1.6094379124341005,7.026169226682765,8.091438848920864,127,4,United Kingdom,1,3,Regular
14480.0,11,4,1299.52,1.6094379124341005,7.170519463470955,19.992615384615384,52,4,United Kingdom,1,3,Regular
14481.0,165,5,2284.69,1.791759469228055,7.73442322711016,15.231266666666668,114,5,United Kingdom,1,3,Regular
14482.0,18,12,4306.72,2.5649493574615367,8.368164040806516,17.65049180327869,185,10,United Kingdom,1,2,Best Customers
14483.0,282,2,257.1,1.0986122886681098,5.553347106724568,19.77692307692308,13,2,United Kingdom,1,0,New / Low Engagement
14484.0,50,4,1070.98,1.6094379124341005,6.977262684740291,20.20716981132076,47,4,United Kingdom,1,3,Regular
14485.0,39,1,162.8,0.6931471805599453,5.098646171418969,3.539130434782609,44,1,United Kingdom,1,0,New / Low Engagement
14486.0,512,2,175.5,1.0986122886681098,5.173320876373351,29.25,4,2,United Kingdom,1,1,Lapsed
14487.0,27,7,1266.27,2.079441541679836,7.144620259433484,7.537321428571428,129,6,United Kingdom,1,3,Regular
14488.0,68,1,1064.28,0.6931471805599453,6.97099295438666,23.136521739130437,46,1,United Kingdom,1,0,New / Low Engagement
14489.0,207,4,1574.93,1.6094379124341005,7.362600853187739,15.7493,65,4,United Kingdom,1,3,Regular
14490.0,406,2,1273.47,1.0986122886681098,7.150285684896527,15.918375,72,2,United Kingdom,1,1,Lapsed
14491.0,175,2,340.93,1.0986122886681098,5.834606037750557,20.05470588235294,17,2,United Kingdom,1,0,New / Low Engagement
14492.0,430,7,1921.91,2.079441541679836,7.561594942621463,20.890326086956524,70,7,United Kingdom,1,3,Regular
14493.0,7,10,5087.86,2.3978952727983707,8.53480911589405,14.332,292,10,United Kingdom,1,2,Best Customers
14494.0,26,3,401.46,1.3862943611198906,5.997595713038222,23.615294117647057,17,3,United Kingdom,1,0,New / Low Engagement
14495.0,51,3,174.8,1.3862943611198906,5.169346985251076,24.97142857142857,7,3,United Kingdom,1,0,New / Low Engagement
14496.0,312,7,2363.89,2.079441541679836,7.768486788216427,22.300849056603774,64,7,United Kingdom,1,3,Regular
14497.0,309,2,697.0600000000001,1.0986122886681098,6.54830505895342,17.4265,40,2,United Kingdom,1,1,Lapsed
14498.0,43,10,3900.83,2.3978952727983707,8.269200952832637,10.571355013550136,276,10,United Kingdom,1,2,Best Customers
14499.0,26,7,2101.79,2.079441541679836,7.651020313369975,6.758167202572347,199,7,United Kingdom,1,3,Regular
14500.0,88,3,356.85,1.3862943611198906,5.880113904184607,50.97857142857144,6,3,United Kingdom,1,0,New / Low Engagement
14501.0,184,2,251.21,1.0986122886681098,5.530262073815315,25.121,9,2,United Kingdom,1,0,New / Low Engagement
14502.0,20,11,2429.83,2.4849066497880004,7.795988041800972,3.996430921052632,368,9,United Kingdom,1,3,Regular
14503.0,3,6,3543.26,1.9459101490553128,8.173084672465158,21.605243902439025,113,6,United Kingdom,1,3,Regular
14504.0,47,4,673.26,1.6094379124341005,6.513615793203887,6.2921495327102805,85,4,United Kingdom,1,3,Regular
14505.0,17,19,11879.08,2.995732273553991,9.382618326900696,7.542273015873016,898,16,United Kingdom,1,2,Best Customers
14506.0,17,7,2960.25,2.079441541679836,7.993366755472995,7.437814070351759,251,7,United Kingdom,1,3,Regular
14507.0,24,11,3216.74,2.4849066497880004,8.076434528763023,12.467984496124032,182,10,United Kingdom,1,2,Best Customers
14508.0,22,5,822.92,1.791759469228055,6.714073437817547,4.649265536723164,142,4,United Kingdom,1,3,Regular
14509.0,534,1,110.95,0.6931471805599453,4.718052343044764,4.438,25,1,United Kingdom,1,1,Lapsed
14510.0,376,3,979.85,1.3862943611198906,6.888419542675394,13.064666666666668,67,2,United Kingdom,1,1,Lapsed
14511.0,11,5,1314.81,1.791759469228055,7.182207724562218,19.33544117647059,53,5,United Kingdom,1,3,Regular
14512.0,188,7,1215.97,2.079441541679836,7.104119441903084,15.392025316455696,55,7,United Kingdom,1,3,Regular
14513.0,101,6,788.01,1.9459101490553128,6.670778995036786,41.47421052631579,15,6,United Kingdom,1,3,Regular
14514.0,61,9,4380.04,2.302585092994046,8.385041418107757,13.730532915360502,212,9,United Kingdom,1,3,Regular
14515.0,18,12,3724.06,2.5649493574615367,8.222838238066487,21.52635838150289,109,10,United Kingdom,1,2,Best Customers
14516.0,516,1,151.17,0.6931471805599453,5.024998316932023,4.3191428571428565,35,1,United Kingdom,1,1,Lapsed
14517.0,33,2,330.45,1.0986122886681098,5.8034769686874,18.35833333333333,17,2,United Kingdom,1,0,New / Low Engagement
14518.0,64,1,174.37,0.6931471805599453,5.166898027681201,10.898125,16,1,United Kingdom,1,0,New / Low Engagement
14519.0,684,2,203.14,1.0986122886681098,5.318806032975353,5.34578947368421,38,2,United Kingdom,1,1,Lapsed
14520.0,2,2,270.6,1.0986122886681098,5.604330395684541,67.65,3,2,United Kingdom,1,0,New / Low Engagement
14521.0,491,1,199.45,0.6931471805599453,5.300564839088516,11.732352941176472,17,1,United Kingdom,1,1,Lapsed
14522.0,24,8,1748.42,2.19722457733622,7.467039583411544,38.85377777777778,34,8,United Kingdom,1,3,Regular
14523.0,108,1,241.09,0.6931471805599453,5.489309557845162,20.09083333333333,12,1,United Kingdom,1,0,New / Low Engagement
14524.0,32,13,2909.86,2.6390573296152584,7.976203849150416,9.036832298136646,250,8,United Kingdom,1,2,Best Customers
14525.0,20,17,8026.54,2.8903717578961645,8.990633408822633,15.25958174904943,340,17,United Kingdom,1,2,Best Customers
14526.0,389,1,258.65,0.6931471805599453,5.559334570290328,6.308536585365853,41,1,United Kingdom,1,1,Lapsed
14527.0,3,122,27246.88,4.812184355372417,10.21273099889982,10.324698749526336,607,121,United Kingdom,1,2,Best Customers
14528.0,37,1,364.22,0.6931471805599453,5.900499911733888,20.23444444444444,18,1,United Kingdom,1,0,New / Low Engagement
14529.0,60,3,578.61,1.3862943611198906,6.362355463575814,2.7164788732394367,177,3,United Kingdom,1,0,New / Low Engagement
14530.0,26,16,6088.87,2.833213344056216,8.714382014006482,12.872875264270611,269,16,United Kingdom,1,2,Best Customers
14531.0,480,1,376.34,0.6931471805599453,5.933146637783467,12.977241379310344,29,1,United Kingdom,1,1,Lapsed
14532.0,236,11,3845.78,2.4849066497880004,8.254991713698265,12.247707006369428,209,11,United Kingdom,1,3,Regular
14533.0,25,11,3466.37,2.4849066497880004,8.151151660498439,38.947977528089886,74,11,United Kingdom,1,2,Best Customers
14534.0,3,26,6187.66,3.295836866004329,8.730473864053225,8.65406993006993,437,26,United Kingdom,1,2,Best Customers
14535.0,60,9,5973.2300000000005,2.302585092994046,8.695210498202334,7.240278787878789,589,9,United Kingdom,1,2,Best Customers
14536.0,260,1,170.95,0.6931471805599453,5.147203736878275,9.497222222222222,18,1,United Kingdom,1,0,New / Low Engagement
14537.0,58,2,641.4,1.0986122886681098,6.465211162632552,27.88695652173913,23,2,United Kingdom,1,0,New / Low Engagement
14538.0,65,5,1370.84,1.791759469228055,7.223908183409613,26.36230769230769,45,5,United Kingdom,1,3,Regular
14539.0,16,2,537.48,1.0986122886681098,6.288750355702458,16.79625,31,2,United Kingdom,1,0,New / Low Engagement
14540.0,10,11,3709.64,2.4849066497880004,8.218959647462448,14.051666666666666,197,11,United Kingdom,1,2,Best Customers
14541.0,59,14,2491.38,2.70805020110221,7.820993356243713,14.236457142857144,99,13,United Kingdom,1,2,Best Customers
14542.0,186,1,103.25,0.6931471805599453,4.646791860678911,20.65,5,1,United Kingdom,1,0,New / Low Engagement
14543.0,29,39,14587.87,3.688879454113936,9.588014188208971,68.81070754716981,106,36,United Kingdom,1,2,Best Customers
14544.0,24,3,2938.53,1.3862943611198906,7.986004983607547,15.714064171122995,148,3,United Kingdom,1,3,Regular
14545.0,674,1,349.25,0.6931471805599453,5.858647185217117,15.184782608695652,23,1,United Kingdom,1,1,Lapsed
14546.0,5,11,5184.84,2.4849066497880004,8.553687113328028,6.563088607594937,410,11,United Kingdom,1,2,Best Customers
14547.0,4,8,3974.75,2.19722457733622,8.287968688536026,11.196478873239435,198,8,United Kingdom,1,3,Regular
14548.0,151,9,2541.29,2.302585092994046,7.840820528641282,23.102636363636364,66,6,United Kingdom,1,3,Regular
14549.0,311,4,913.6,1.6094379124341005,6.818486811223955,6.388811188811189,117,4,United Kingdom,1,3,Regular
14550.0,11,4,1345.06,1.6094379124341005,7.2049370857342,13.866597938144327,77,4,United Kingdom,1,3,Regular
14551.0,18,7,878.09,2.079441541679836,6.778887281522271,11.115063291139242,69,5,United Kingdom,1,3,Regular
14552.0,152,3,507.93,1.3862943611198906,6.232310482535197,3.298246753246753,124,3,United Kingdom,1,0,New / Low Engagement
14553.0,19,9,1818.6,2.302585092994046,7.506371975695849,6.314583333333333,233,7,United Kingdom,1,3,Regular
14554.0,10,4,2279.49,1.6094379124341005,7.732145611138852,11.229014778325125,147,4,United Kingdom,1,3,Regular
14555.0,57,6,2304.03,1.9459101490553128,7.742848970530434,19.692564102564106,94,6,United Kingdom,1,3,Regular
14556.0,596,3,815.69,1.3862943611198906,6.705259585891079,4.161683673469388,158,3,United Kingdom,1,1,Lapsed
14557.0,85,1,788.38,0.6931471805599453,6.671247827209794,49.27375,16,1,United Kingdom,1,0,New / Low Engagement
14558.0,654,3,655.5,1.3862943611198906,6.486922693742851,43.7,13,3,United Kingdom,1,1,Lapsed
14559.0,390,1,75.6,0.6931471805599453,4.338597076746545,37.8,2,1,United Kingdom,1,1,Lapsed
14560.0,7,44,6114.03,3.80666248977032,8.718504954078167,30.57015,60,38,United Kingdom,1,2,Best Customers
14561.0,76,3,1080.76,1.3862943611198906,6.986344623342368,15.6631884057971,67,3,United Kingdom,1,3,Regular
14562.0,4,26,6638.150000000001,3.295836866004329,8.800739222228046,11.045174708818635,245,24,United Kingdom,1,2,Best Customers
14563.0,510,2,640.54,1.0986122886681098,6.463871535969915,6.042830188679245,95,2,United Kingdom,1,1,Lapsed
14564.0,435,2,2605.62,1.0986122886681098,7.86580964189769,24.35158878504673,107,2,Channel Islands,0,1,Lapsed
14565.0,96,5,3859.22,1.791759469228055,8.258479455653386,24.120125,139,5,United Kingdom,1,3,Regular
14566.0,111,4,4092.0,1.6094379124341005,8.317033476492403,255.75,9,4,Channel Islands,0,3,Regular
14567.0,57,2,1530.36,1.0986122886681098,7.3339115084475965,46.374545454545455,33,2,United Kingdom,1,3,Regular
14568.0,435,1,919.7,0.6931471805599453,6.8251342502938,19.56808510638298,47,1,Channel Islands,0,1,Lapsed
14569.0,1,4,597.33,1.6094379124341005,6.394142441208111,17.568529411764708,31,4,United Kingdom,1,3,Regular
14570.0,281,3,613.75,1.3862943611198906,6.421215681096302,9.025735294117649,64,2,United Kingdom,1,0,New / Low Engagement
14571.0,425,1,160.0,0.6931471805599453,5.081404364984463,5.333333333333333,30,1,United Kingdom,1,1,Lapsed
14572.0,3,11,5526.88,2.4849066497880004,8.617559657541847,10.901143984220909,336,10,United Kingdom,1,2,Best Customers
14573.0,180,13,2163.12,2.6390573296152584,7.679769091293983,6.977806451612903,183,11,United Kingdom,1,3,Regular
14574.0,733,1,143.70000000000002,0.6931471805599453,4.974662633637438,13.063636363636364,11,1,United Kingdom,1,1,Lapsed
14575.0,488,1,420.22,0.6931471805599453,6.043155262513337,5.836388888888889,71,1,United Kingdom,1,1,Lapsed
14576.0,372,1,35.400000000000006,0.6931471805599453,3.594568774642695,35.400000000000006,1,1,United Kingdom,1,1,Lapsed
14577.0,13,7,1364.15,2.079441541679836,7.219019591691475,7.495329670329671,104,7,United Kingdom,1,3,Regular
14578.0,3,1,168.63,0.6931471805599453,5.133619594507631,7.02625,24,1,United Kingdom,1,0,New / Low Engagement
14579.0,432,1,105.56,0.6931471805599453,4.668708206792079,4.2224,24,1,United Kingdom,1,1,Lapsed
14580.0,518,1,14.85,0.6931471805599453,2.763169500323289,14.85,1,1,United Kingdom,1,1,Lapsed
14581.0,17,2,409.65,1.0986122886681098,6.017741270186201,6.8275,59,2,United Kingdom,1,0,New / Low Engagement
14582.0,41,1,114.11,0.6931471805599453,4.74588819292697,19.01833333333333,6,1,United Kingdom,1,0,New / Low Engagement
14583.0,6,8,1660.29,2.19722457733622,7.415349687991905,3.5782112068965515,353,8,United Kingdom,1,3,Regular
14584.0,169,8,1738.16,2.19722457733622,7.461157517022425,7.973211009174312,127,8,United Kingdom,1,3,Regular
14585.0,50,5,1143.27,1.791759469228055,7.042522158078838,10.29972972972973,88,5,United Kingdom,1,3,Regular
14586.0,277,1,237.36,0.6931471805599453,5.473782135878778,12.492631578947368,19,1,United Kingdom,1,0,New / Low Engagement
14587.0,19,9,1580.29,2.302585092994046,7.365996248598568,4.259541778975741,170,9,United Kingdom,1,3,Regular
14588.0,578,1,135.39,0.6931471805599453,4.915518428938784,8.461875,16,1,United Kingdom,1,1,Lapsed
14589.0,372,1,39.75,0.6931471805599453,3.707455839686872,13.25,3,1,United Kingdom,1,1,Lapsed
14590.0,425,20,2993.37,3.044522437723423,8.004489137838455,14.818663366336631,124,19,United Kingdom,1,2,Best Customers
14591.0,15,4,1320.21,1.6094379124341005,7.18630326236477,7.501193181818182,138,2,United Kingdom,1,3,Regular
14592.0,35,3,557.94,1.3862943611198906,6.326042132868397,3.5312658227848104,132,3,United Kingdom,1,0,New / Low Engagement
14593.0,22,12,3665.53,2.5649493574615367,8.20700098969048,5.99923076923077,436,8,United Kingdom,1,2,Best Customers
14594.0,7,2,363.33,1.0986122886681098,5.898060050335743,6.987115384615384,48,2,United Kingdom,1,0,New / Low Engagement
14595.0,20,8,2164.45,2.19722457733622,7.680383471032311,15.915073529411764,119,8,United Kingdom,1,3,Regular
14596.0,627,1,222.22,0.6931471805599453,5.408157832227569,4.192830188679245,50,1,United Kingdom,1,1,Lapsed
14597.0,11,6,2184.63,1.9459101490553128,7.689659395490174,22.996105263157897,79,5,United Kingdom,1,3,Regular
14598.0,44,2,384.04,1.0986122886681098,5.953347224994854,4.26711111111111,83,2,United Kingdom,1,0,New / Low Engagement
14599.0,390,2,457.89,1.0986122886681098,6.128810529923434,5.796075949367088,77,2,United Kingdom,1,1,Lapsed
14600.0,306,2,865.17,1.0986122886681098,6.764081194147044,16.021666666666665,53,2,United Kingdom,1,1,Lapsed
14601.0,11,1,213.96,0.6931471805599453,5.370451964307236,30.56571428571429,7,1,United Kingdom,1,0,New / Low Engagement
14602.0,656,1,205.36,0.6931471805599453,5.329622216376449,6.624516129032258,31,1,United Kingdom,1,1,Lapsed
14603.0,275,1,660.0,0.6931471805599453,6.493753839851686,330.0,2,1,United Kingdom,1,0,New / Low Engagement
14604.0,633,1,143.86,0.6931471805599453,4.97576775876718,6.254782608695652,20,1,United Kingdom,1,1,Lapsed
14605.0,374,4,921.56,1.6094379124341005,6.827152414450038,8.532962962962964,88,3,United Kingdom,1,1,Lapsed
14606.0,1,192,29951.37,5.262690188904886,10.30736373229931,4.710075483566598,1262,181,United Kingdom,1,2,Best Customers
14607.0,16,22,23763.13,3.1354942159291497,10.075932579920188,117.05975369458127,106,14,United Kingdom,1,2,Best Customers
14608.0,4,11,3352.94,2.4849066497880004,8.117891053135486,77.97534883720931,15,10,United Kingdom,1,2,Best Customers
14609.0,72,10,1486.2,2.3978952727983707,7.304650436407234,114.32307692307693,6,10,United Kingdom,1,3,Regular
14610.0,396,2,24.35,1.0986122886681098,3.232778730037192,2.435,10,2,United Kingdom,1,1,Lapsed
14611.0,444,2,604.33,1.0986122886681098,6.405773763870038,15.90342105263158,37,2,United Kingdom,1,1,Lapsed
14612.0,415,1,877.7,0.6931471805599453,6.7784435425017975,62.69285714285714,14,1,United Kingdom,1,1,Lapsed
14613.0,680,1,76.32000000000001,0.6931471805599453,4.34795265434013,76.32000000000001,1,1,United Kingdom,1,1,Lapsed
14614.0,386,1,295.13,0.6931471805599453,5.690798547097907,15.533157894736842,19,1,United Kingdom,1,1,Lapsed
14615.0,394,5,951.76,1.791759469228055,6.859363035631714,19.828333333333333,40,5,United Kingdom,1,1,Lapsed
14616.0,243,5,527.78,1.791759469228055,6.270572466339624,105.556,3,5,United Kingdom,1,3,Regular
14617.0,403,2,190.47,1.0986122886681098,5.254731138385114,21.16333333333333,7,2,United Kingdom,1,1,Lapsed
14618.0,9,7,1342.32,2.079441541679836,7.202899440665048,26.32,40,6,United Kingdom,1,3,Regular
14619.0,246,2,1291.24,1.0986122886681098,7.164132425605502,21.520666666666667,58,2,United Kingdom,1,0,New / Low Engagement
14620.0,206,2,412.78,1.0986122886681098,6.0253344316155975,15.876153846153848,26,2,United Kingdom,1,0,New / Low Engagement
14621.0,1,9,3000.57,2.302585092994046,8.006890764092448,18.871509433962267,134,9,United Kingdom,1,3,Regular
14622.0,185,1,320.58000000000004,0.6931471805599453,5.773246346316266,15.265714285714289,21,1,United Kingdom,1,0,New / Low Engagement
14623.0,32,10,2016.98,2.3978952727983707,7.609852290061667,7.152411347517731,193,10,United Kingdom,1,3,Regular
14624.0,57,6,814.07,1.9459101490553128,6.703273999123117,15.9621568627451,39,6,United Kingdom,1,3,Regular
14625.0,196,11,4497.88,2.4849066497880004,8.411583755891543,16.90932330827068,167,10,United Kingdom,1,2,Best Customers
14626.0,24,11,5410.92,2.4849066497880004,8.596359207215423,23.32293103448276,181,11,United Kingdom,1,2,Best Customers
14627.0,379,1,462.75,0.6931471805599453,6.139345613921645,15.95689655172414,29,1,United Kingdom,1,1,Lapsed
14628.0,91,5,1998.0,1.791759469228055,7.6004023345004,23.232558139534884,65,5,United Kingdom,1,3,Regular
14629.0,4,2,955.26,1.0986122886681098,6.863029842602406,6.3684,133,2,United Kingdom,1,0,New / Low Engagement
14630.0,484,1,338.65,0.6931471805599453,5.827915675637311,16.126190476190477,21,1,United Kingdom,1,1,Lapsed
14631.0,51,6,2025.69,1.9459101490553128,7.614159199383722,22.26032967032967,65,6,United Kingdom,1,3,Regular
14632.0,263,1,114.56,0.6931471805599453,4.749789875598035,14.32,8,1,United Kingdom,1,0,New / Low Engagement
14633.0,266,1,344.90000000000003,0.6931471805599453,5.846149715943123,17.245,20,1,United Kingdom,1,0,New / Low Engagement
14634.0,438,4,2124.46,1.6094379124341005,7.661743528520375,19.49045871559633,105,4,United Kingdom,1,1,Lapsed
14635.0,454,1,215.22,0.6931471805599453,5.376296407864626,14.348,15,1,United Kingdom,1,1,Lapsed
14636.0,36,2,609.85,1.0986122886681098,6.414851429850069,21.780357142857145,27,2,United Kingdom,1,0,New / Low Engagement
14637.0,677,1,106.68,0.6931471805599453,4.679163865896418,15.24,7,1,United Kingdom,1,1,Lapsed
14638.0,51,1,443.6,0.6931471805599453,6.097175001530096,27.725,16,1,United Kingdom,1,0,New / Low Engagement
14639.0,52,9,4978.96,2.302585092994046,8.513177137857927,17.05123287671233,203,7,United Kingdom,1,2,Best Customers
14640.0,24,10,3649.36,2.3978952727983707,8.202581071849892,17.97714285714286,165,10,United Kingdom,1,2,Best Customers
14641.0,22,1,110.46,0.6931471805599453,4.713665782141391,15.78,7,1,United Kingdom,1,0,New / Low Engagement
14642.0,59,1,96.12,0.6931471805599453,4.575947327311188,48.06,2,1,United Kingdom,1,0,New / Low Engagement
14643.0,170,5,1679.89,1.791759469228055,7.427078694027767,27.095,57,5,United Kingdom,1,3,Regular
14644.0,68,7,2247.72,2.079441541679836,7.718116444430896,36.25354838709677,50,6,United Kingdom,1,3,Regular
14645.0,157,3,876.89,1.3862943611198906,6.777521301048287,18.268541666666668,45,3,United Kingdom,1,3,Regular
14646.0,2,151,528602.52,5.0238805208462765,13.177993940229662,137.33502727981295,961,91,Netherlands,0,2,Best Customers
14647.0,201,2,506.04,1.0986122886681098,6.22858989594261,10.5425,42,2,United Kingdom,1,0,New / Low Engagement
14648.0,416,15,4466.65,2.772588722239781,8.404617822295334,10.363457076566124,286,13,United Kingdom,1,2,Best Customers
14649.0,5,9,3651.19,2.302585092994046,8.203082266648504,6.928254269449716,374,8,United Kingdom,1,3,Regular
14650.0,589,1,62.5,0.6931471805599453,4.151039905898646,15.625,4,1,United Kingdom,1,1,Lapsed
14651.0,67,9,2025.52,2.302585092994046,7.61407531525233,7.157314487632509,216,8,United Kingdom,1,3,Regular
14652.0,77,1,114.18,0.6931471805599453,4.7464961220785264,3.937241379310345,29,1,United Kingdom,1,0,New / Low Engagement
14653.0,1,12,3593.06,2.5649493574615367,8.18703776169497,9.405916230366492,271,11,United Kingdom,1,2,Best Customers
14654.0,738,1,246.86,0.6931471805599453,5.512864070636728,9.142962962962963,27,1,United Kingdom,1,1,Lapsed
14655.0,8,7,3878.51,2.079441541679836,8.26346413598244,37.65543689320389,72,7,United Kingdom,1,3,Regular
14656.0,169,5,790.0,1.791759469228055,6.673297967767654,3.816425120772947,148,5,United Kingdom,1,3,Regular
14657.0,18,6,1450.19,1.9459101490553128,7.280139188488177,6.938708133971292,143,6,United Kingdom,1,3,Regular
14658.0,5,2,247.15,1.0986122886681098,5.51403340203345,8.522413793103448,27,2,United Kingdom,1,0,New / Low Engagement
14659.0,9,9,2529.93,2.302585092994046,7.836342103110113,9.999723320158102,147,9,United Kingdom,1,3,Regular
14660.0,87,2,285.74,1.0986122886681098,5.6585758818181215,9.524666666666668,24,2,United Kingdom,1,0,New / Low Engagement
14661.0,27,1,107.95,0.6931471805599453,4.690889061390629,26.9875,4,1,United Kingdom,1,0,New / Low Engagement
14662.0,29,7,1376.43,2.079441541679836,7.227974723038943,5.783319327731093,199,7,United Kingdom,1,3,Regular
14663.0,430,2,490.6,1.0986122886681098,6.19766537769188,7.214705882352941,60,1,United Kingdom,1,1,Lapsed
14664.0,20,2,636.24,1.0986122886681098,6.4571463507046944,6.492244897959184,78,2,United Kingdom,1,0,New / Low Engagement
14665.0,61,7,2749.65,2.079441541679836,7.919592526367497,20.83068181818182,94,6,United Kingdom,1,3,Regular
14666.0,24,1,195.25,0.6931471805599453,5.279389356662517,13.946428571428571,14,1,United Kingdom,1,0,New / Low Engagement
14667.0,11,54,20395.34,4.007333185232471,9.923110751971386,16.05932283464567,578,50,United Kingdom,1,2,Best Customers
14668.0,445,1,111.63,0.6931471805599453,4.724108110059605,9.3025,10,1,United Kingdom,1,1,Lapsed
14669.0,242,7,3216.78,2.079441541679836,8.07644695977093,8.312093023255814,334,5,United Kingdom,1,3,Regular
14670.0,280,3,583.33,1.3862943611198906,6.370465891730294,3.2588268156424585,159,2,United Kingdom,1,0,New / Low Engagement
14671.0,549,2,1127.45,1.0986122886681098,7.02860028867434,20.49909090909091,48,2,United Kingdom,1,1,Lapsed
14672.0,235,4,1113.14,1.6094379124341005,7.015838085840559,10.501320754716982,93,4,United Kingdom,1,3,Regular
14673.0,3,7,3037.32,2.079441541679836,8.019060010064207,20.522432432432435,86,7,United Kingdom,1,3,Regular
14674.0,509,1,173.66,0.6931471805599453,5.162841226985587,12.404285714285717,14,1,United Kingdom,1,1,Lapsed
14675.0,16,2,1015.58,1.0986122886681098,6.92419933139807,4.595384615384615,196,2,United Kingdom,1,0,New / Low Engagement
14676.0,31,12,8356.79,2.5649493574615367,9.030949317064064,62.833007518797,77,12,United Kingdom,1,2,Best Customers
14677.0,593,1,184.91,0.6931471805599453,5.225262685642126,13.207857142857142,14,1,United Kingdom,1,1,Lapsed
14678.0,579,1,403.39,0.6931471805599453,6.002379758848488,16.807916666666667,24,1,United Kingdom,1,1,Lapsed
14679.0,382,3,1289.44,1.3862943611198906,7.162738524470679,20.467301587301588,49,3,United Kingdom,1,1,Lapsed
14680.0,25,58,55688.5,4.07753744390572,10.92754689827083,43.71153846153846,222,51,United Kingdom,1,2,Best Customers
14681.0,71,6,875.1500000000001,1.9459101490553128,6.775537309154428,43.75750000000001,19,5,United Kingdom,1,3,Regular
14682.0,188,6,1514.81,1.9459101490553128,7.323705228532576,17.61406976744186,79,6,United Kingdom,1,3,Regular
14683.0,588,1,146.56,0.6931471805599453,4.994234872728475,6.979047619047619,21,1,United Kingdom,1,1,Lapsed
14684.0,26,6,1430.03,1.9459101490553128,7.266149743697289,2.942448559670782,272,6,United Kingdom,1,3,Regular
14685.0,576,8,4536.64,2.19722457733622,8.420162332091621,24.26010695187166,109,5,United Kingdom,1,3,Regular
14686.0,414,5,852.53,1.791759469228055,6.749380691001656,3.892831050228311,185,2,United Kingdom,1,1,Lapsed
14687.0,107,3,1402.06,1.3862943611198906,7.246410844690537,35.0515,34,3,United Kingdom,1,3,Regular
14688.0,8,28,7190.42,3.367295829986474,8.88064392773817,14.704335378323108,197,27,United Kingdom,1,2,Best Customers
14689.0,209,1,112.8,0.6931471805599453,4.73444252169223,8.676923076923078,13,1,United Kingdom,1,0,New / Low Engagement
14690.0,44,4,777.6800000000001,1.6094379124341005,6.657600178421077,7.550291262135923,69,4,United Kingdom,1,3,Regular
14691.0,31,5,2114.33,1.791759469228055,7.656966107678013,29.779295774647885,50,4,United Kingdom,1,3,Regular
14692.0,137,12,1715.14,2.5649493574615367,7.44783286180161,10.787044025157233,101,12,United Kingdom,1,3,Regular
14693.0,265,7,1165.36,2.079441541679836,7.061643067113544,15.538133333333334,43,7,United Kingdom,1,3,Regular
14694.0,617,1,244.31,0.6931471805599453,5.502522716841996,16.287333333333333,15,1,United Kingdom,1,1,Lapsed
14695.0,519,3,1534.22,1.3862943611198906,7.336428972227183,18.71,76,2,United Kingdom,1,1,Lapsed
14696.0,4,8,2473.28,2.19722457733622,7.813704723589624,16.060259740259742,137,8,United Kingdom,1,3,Regular
14697.0,218,2,188.61,1.0986122886681098,5.2449693310461125,8.57318181818182,22,1,United Kingdom,1,0,New / Low Engagement
14698.0,2,5,1217.27,1.791759469228055,7.105187098580444,6.08635,148,5,United Kingdom,1,3,Regular
14699.0,214,4,702.6,1.6094379124341005,6.556210012863403,14.052,45,4,United Kingdom,1,3,Regular
14700.0,32,5,3076.06,1.791759469228055,8.03172987464444,18.419520958083837,111,5,United Kingdom,1,3,Regular
14701.0,11,15,4487.11,2.772588722239781,8.409186956706094,7.5413613445378145,455,11,United Kingdom,1,2,Best Customers
14702.0,1,29,6368.78,3.4011973816621555,8.759320211078117,9.379646539027982,338,29,United Kingdom,1,2,Best Customers
14703.0,15,1,318.17,0.6931471805599453,5.765723876196384,14.462272727272728,22,1,United Kingdom,1,0,New / Low Engagement
14704.0,11,11,1752.92,2.4849066497880004,7.469608561857751,3.8525714285714288,319,11,United Kingdom,1,3,Regular
14705.0,199,1,179.0,0.6931471805599453,5.19295685089021,179.0,1,1,United Kingdom,1,0,New / Low Engagement
14706.0,619,1,367.54,0.6931471805599453,5.9095492539067145,14.7016,25,1,United Kingdom,1,1,Lapsed
14707.0,436,2,139.2,1.0986122886681098,4.94306997460049,69.6,1,2,United Kingdom,1,1,Lapsed
14708.0,3,5,1793.22,1.791759469228055,7.492325666092372,43.737073170731705,27,5,United Kingdom,1,3,Regular
14709.0,15,25,8886.33,3.258096538021482,9.092381945939806,24.891680672268908,105,23,United Kingdom,1,2,Best Customers
14710.0,14,13,1899.79,2.6390573296152584,7.550024868211726,4.397662037037037,310,13,United Kingdom,1,3,Regular
14711.0,10,11,2839.62,2.4849066497880004,7.951777617188277,8.230782608695652,221,11,United Kingdom,1,3,Regular
14712.0,29,4,1328.0700000000002,1.6094379124341005,7.192234728507507,41.502187500000005,24,4,United Kingdom,1,3,Regular
14713.0,9,21,5115.76,3.091042453358316,8.540276705223214,7.567692307692308,222,21,United Kingdom,1,2,Best Customers
14714.0,24,4,906.24,1.6094379124341005,6.810407023712235,9.744516129032258,64,4,United Kingdom,1,3,Regular
14715.0,25,8,1825.45,2.19722457733622,7.51012947110017,13.324452554744528,102,8,United Kingdom,1,3,Regular
14716.0,43,3,543.28,1.3862943611198906,6.299463820322658,5.659166666666667,85,3,United Kingdom,1,0,New / Low Engagement
14717.0,733,1,81.3,0.6931471805599453,4.410371107683024,7.390909090909091,11,1,United Kingdom,1,1,Lapsed
14718.0,410,1,226.42,0.6931471805599453,5.426798528196577,20.58363636363636,11,1,United Kingdom,1,1,Lapsed
14719.0,2,5,1581.84,1.791759469228055,7.366975980862403,6.731234042553191,177,5,United Kingdom,1,3,Regular
14720.0,6,3,663.81,1.3862943611198906,6.499501285546037,17.94081081081081,34,3,United Kingdom,1,0,New / Low Engagement
14721.0,379,1,109.07,0.6931471805599453,4.701116527035301,4.3628,24,1,United Kingdom,1,1,Lapsed
14722.0,147,3,489.52,1.3862943611198906,6.195466052893825,5.626666666666666,72,3,United Kingdom,1,0,New / Low Engagement
14723.0,10,11,1803.06,2.4849066497880004,7.49779495949299,4.334278846153846,287,10,United Kingdom,1,3,Regular
14724.0,590,1,341.9,0.6931471805599453,5.837438859468874,8.339024390243901,40,1,United Kingdom,1,1,Lapsed
14725.0,25,4,1252.74,1.6094379124341005,7.133886363172552,12.5274,85,3,United Kingdom,1,3,Regular
14726.0,655,1,116.5,0.6931471805599453,4.7664383335842135,7.766666666666667,15,1,United Kingdom,1,1,Lapsed
14727.0,274,3,463.73,1.3862943611198906,6.1414565917863815,10.08108695652174,43,2,United Kingdom,1,0,New / Low Engagement
14728.0,413,1,190.58,0.6931471805599453,5.255305475954746,13.612857142857145,14,1,United Kingdom,1,1,Lapsed
14729.0,374,3,586.24,1.3862943611198906,6.37543359487126,4.441212121212121,126,2,United Kingdom,1,1,Lapsed
14730.0,1,8,1897.57,2.19722457733622,7.548856250206247,4.107294372294372,317,7,United Kingdom,1,3,Regular
14731.0,47,3,380.02,1.3862943611198906,5.942851867187289,8.444888888888888,38,3,United Kingdom,1,0,New / Low Engagement
14732.0,8,19,5517.07,2.995732273553991,8.615783440452477,19.9172202166065,162,18,United Kingdom,1,2,Best Customers
14733.0,16,15,14335.15,2.772588722239781,9.570539598329615,44.937774294670845,140,15,United Kingdom,1,2,Best Customers
14734.0,426,4,1056.42,1.6094379124341005,6.963587257940615,16.76857142857143,48,4,United Kingdom,1,1,Lapsed
14735.0,4,56,12240.16,4.04305126783455,9.412559322817636,33.44306010928962,198,40,United Kingdom,1,2,Best Customers
14736.0,485,2,374.05,1.0986122886681098,5.927059350415646,4.250568181818182,70,1,United Kingdom,1,1,Lapsed
14737.0,4,4,3554.17,1.6094379124341005,8.176158161065873,78.98155555555556,28,4,United Kingdom,1,3,Regular
14738.0,43,9,1821.9,2.302585092994046,7.508183918538876,22.77375,58,9,United Kingdom,1,3,Regular
14739.0,4,25,11573.62,3.258096538021482,9.356570049041888,47.432868852459016,129,25,United Kingdom,1,2,Best Customers
14740.0,197,11,4161.06,2.4849066497880004,8.333765422995752,18.013246753246754,173,11,United Kingdom,1,2,Best Customers
14741.0,12,7,1713.09,2.079441541679836,7.446637606530648,22.54065789473684,48,7,United Kingdom,1,3,Regular
14742.0,435,1,579.85,0.6931471805599453,6.364492547959484,17.054411764705883,34,1,United Kingdom,1,1,Lapsed
14743.0,593,1,50.48,0.6931471805599453,3.941193382727926,16.826666666666668,3,1,United Kingdom,1,1,Lapsed
14744.0,16,14,3660.08,2.70805020110221,8.205513464834503,31.017627118644068,57,12,United Kingdom,1,2,Best Customers
14745.0,113,12,2551.41,2.5649493574615367,7.844793289867726,18.22435714285714,74,10,United Kingdom,1,3,Regular
14746.0,406,4,593.5,1.6094379124341005,6.387720716130836,65.94444444444444,7,3,United Kingdom,1,1,Lapsed
14747.0,249,1,328.2,0.6931471805599453,5.796665468802915,18.23333333333333,18,1,United Kingdom,1,0,New / Low Engagement
14748.0,29,10,2681.9,2.3978952727983707,7.894653578020245,16.867295597484276,129,9,United Kingdom,1,3,Regular
14749.0,480,1,310.15,0.6931471805599453,5.740275111015227,17.230555555555554,18,1,United Kingdom,1,1,Lapsed
14750.0,736,1,112.03,0.6931471805599453,4.72765327020264,3.5009375,32,1,United Kingdom,1,1,Lapsed
14751.0,684,2,126.45,1.0986122886681098,4.847724130822124,18.064285714285717,7,2,United Kingdom,1,1,Lapsed
14752.0,44,1,389.64,0.6931471805599453,5.967786419753405,77.92800000000001,5,1,United Kingdom,1,0,New / Low Engagement
14753.0,87,2,869.51,1.0986122886681098,6.769079246793036,18.114791666666665,45,2,United Kingdom,1,0,New / Low Engagement
14754.0,45,6,1547.93,1.9459101490553128,7.345319648950301,11.38183823529412,110,6,United Kingdom,1,3,Regular
14755.0,10,25,9972.55,3.258096538021482,9.20769186778326,20.99484210526316,219,22,United Kingdom,1,2,Best Customers
14756.0,15,3,2653.76,1.3862943611198906,7.884109534109895,22.300504201680678,102,3,United Kingdom,1,3,Regular
14757.0,75,1,420.5,0.6931471805599453,6.04381977744191,22.13157894736842,19,1,United Kingdom,1,0,New / Low Engagement
14758.0,145,7,2864.9700000000003,2.079441541679836,7.960662140782738,21.06595588235294,91,7,United Kingdom,1,3,Regular
14759.0,5,3,1625.97,1.3862943611198906,7.394474668204541,15.940882352941175,92,3,United Kingdom,1,3,Regular
14760.0,297,1,89.2,0.6931471805599453,4.502029427068578,17.84,5,1,United Kingdom,1,1,Lapsed
14761.0,59,3,447.92,1.3862943611198906,6.106844698148056,18.66333333333333,21,3,United Kingdom,1,0,New / Low Engagement
14762.0,264,2,417.57,1.0986122886681098,6.036844139980692,13.919,28,2,United Kingdom,1,0,New / Low Engagement
14764.0,47,1,278.3,0.6931471805599453,5.632286472951131,46.38333333333333,6,1,United Kingdom,1,0,New / Low Engagement
14765.0,29,3,254.11,1.3862943611198906,5.541694824693056,6.515641025641026,38,3,United Kingdom,1,0,New / Low Engagement
14766.0,8,11,6375.7300000000005,2.4849066497880004,8.760410705760776,19.089011976047907,251,11,United Kingdom,1,2,Best Customers
14767.0,474,1,382.81,0.6931471805599453,5.950147638471271,21.267222222222223,18,1,United Kingdom,1,1,Lapsed
14768.0,17,2,192.6,1.0986122886681098,5.265794174842477,38.52,4,2,United Kingdom,1,0,New / Low Engagement
14769.0,3,17,15514.11,2.8903717578961645,9.649569666770336,11.09736051502146,834,17,United Kingdom,1,2,Best Customers
14770.0,232,8,3637.64,2.19722457733622,8.199365264441436,18.46517766497462,152,8,United Kingdom,1,3,Regular
14771.0,621,2,594.62,1.0986122886681098,6.3896028798296856,12.651489361702128,46,2,United Kingdom,1,1,Lapsed
14772.0,112,1,139.26,0.6931471805599453,4.943497843108764,15.473333333333333,9,1,United Kingdom,1,0,New / Low Engagement
14773.0,593,1,140.55,0.6931471805599453,4.952653011557909,14.055,10,1,United Kingdom,1,1,Lapsed
14774.0,529,1,241.45,0.6931471805599453,5.490795503551361,18.573076923076925,13,1,United Kingdom,1,1,Lapsed
14775.0,58,3,1011.9,1.3862943611198906,6.920572782692752,16.865,57,3,United Kingdom,1,3,Regular
14776.0,51,15,3708.3,2.772588722239781,8.21859845855403,19.51736842105263,68,13,United Kingdom,1,2,Best Customers
14777.0,404,1,307.56,0.6931471805599453,5.731916313899973,19.2225,16,1,United Kingdom,1,1,Lapsed
14778.0,127,2,730.86,1.0986122886681098,6.595589238838791,20.881714285714285,34,2,United Kingdom,1,0,New / Low Engagement
14779.0,281,3,386.15,1.3862943611198906,5.958812214832733,9.418292682926827,40,3,United Kingdom,1,0,New / Low Engagement
14780.0,55,2,447.68,1.0986122886681098,6.106309938777023,16.58074074074074,26,2,United Kingdom,1,0,New / Low Engagement
14782.0,320,1,200.1,0.6931471805599453,5.303802296778606,33.35,6,1,United Kingdom,1,1,Lapsed
14783.0,659,1,307.3,0.6931471805599453,5.731073334892105,18.076470588235296,17,1,United Kingdom,1,1,Lapsed
14784.0,26,3,449.93,1.3862943611198906,6.111312116813244,16.664074074074076,25,3,United Kingdom,1,0,New / Low Engagement
14785.0,10,2,77.4,1.0986122886681098,4.361823927356363,25.8,2,2,United Kingdom,1,0,New / Low Engagement
14786.0,550,1,90.96,0.6931471805599453,4.521353699894981,12.994285714285713,7,1,United Kingdom,1,1,Lapsed
14787.0,471,1,110.65,0.6931471805599453,4.715368978286167,7.376666666666667,14,1,United Kingdom,1,1,Lapsed
14788.0,7,3,1156.32,1.3862943611198906,7.05386226630844,19.93655172413793,53,3,United Kingdom,1,3,Regular
14789.0,29,1,197.64,0.6931471805599453,5.291494141199912,32.94,6,1,United Kingdom,1,0,New / Low Engagement
14790.0,17,10,2526.62,2.3978952727983707,7.835033427512401,17.42496551724138,65,10,United Kingdom,1,3,Regular
14791.0,607,1,303.63,0.6931471805599453,5.719097925433975,15.980526315789474,19,1,United Kingdom,1,1,Lapsed
14792.0,64,1,6.2,0.6931471805599453,1.9740810260220096,3.1,2,1,United Kingdom,1,0,New / Low Engagement
14793.0,21,2,625.9,1.0986122886681098,6.440787038279923,16.048717948717947,39,2,United Kingdom,1,0,New / Low Engagement
14794.0,3,10,1953.9,2.3978952727983707,7.578094320216074,18.7875,85,10,United Kingdom,1,3,Regular
14795.0,166,1,131.45000000000002,0.6931471805599453,4.886205215718078,21.90833333333333,6,1,United Kingdom,1,0,New / Low Engagement
14796.0,1,27,10169.33,3.332204510175204,9.22722993689375,6.811339584728734,487,27,United Kingdom,1,2,Best Customers
14797.0,507,1,300.31,0.6931471805599453,5.70813963509761,18.769375,16,1,United Kingdom,1,1,Lapsed
14798.0,53,8,724.31,2.19722457733622,6.586599149672639,14.781836734693876,30,8,United Kingdom,1,3,Regular
14799.0,51,2,338.15000000000003,1.0986122886681098,5.826442487392089,14.70217391304348,20,2,United Kingdom,1,0,New / Low Engagement
14800.0,48,17,7191.33,2.8903717578961645,8.880770459414709,11.98555,337,16,United Kingdom,1,2,Best Customers
14801.0,61,1,189.34,0.6931471805599453,5.248811946644198,3.3217543859649123,56,1,United Kingdom,1,0,New / Low Engagement
14802.0,438,2,1502.98,1.0986122886681098,7.315870206549027,751.49,1,1,United Kingdom,1,1,Lapsed
14803.0,162,3,845.5500000000001,1.3862943611198906,6.741169266574241,19.217045454545456,35,3,United Kingdom,1,0,New / Low Engagement
14804.0,9,1,353.27,0.6931471805599453,5.8700593342813,29.439166666666665,12,1,United Kingdom,1,0,New / Low Engagement
14805.0,15,7,1082.55,2.079441541679836,6.98799796665834,8.524015748031495,88,7,United Kingdom,1,3,Regular
14806.0,75,2,303.43,1.0986122886681098,5.718441175664861,15.1715,17,2,United Kingdom,1,0,New / Low Engagement
14807.0,391,2,504.14,1.0986122886681098,6.224835618577628,13.266842105263157,37,2,United Kingdom,1,1,Lapsed
14808.0,40,8,2718.6,2.19722457733622,7.908240089652304,11.768831168831168,176,6,United Kingdom,1,3,Regular
14809.0,621,2,686.76,1.0986122886681098,6.533439939866189,38.153333333333336,18,1,United Kingdom,1,1,Lapsed
14810.0,41,13,2354.03,2.6390573296152584,7.764308745222883,7.820697674418605,125,13,United Kingdom,1,2,Best Customers
14811.0,387,1,170.5,0.6931471805599453,5.144583266605995,6.089285714285714,28,1,United Kingdom,1,1,Lapsed
14812.0,599,1,178.85,0.6931471805599453,5.192123170141633,4.968055555555555,36,1,United Kingdom,1,1,Lapsed
14813.0,370,4,888.91,1.6094379124341005,6.791120334017345,6.4413768115942025,110,3,United Kingdom,1,1,Lapsed
14814.0,581,1,154.21,0.6931471805599453,5.044779038663093,5.140333333333333,28,1,United Kingdom,1,1,Lapsed
14815.0,37,2,778.5,1.0986122886681098,6.658652688497831,14.68867924528302,53,2,United Kingdom,1,0,New / Low Engagement
14816.0,197,1,271.85,0.6931471805599453,5.608922193632241,67.9625,4,1,United Kingdom,1,0,New / Low Engagement
14817.0,200,7,3959.86,2.079441541679836,8.284216452387334,17.216782608695652,142,7,United Kingdom,1,3,Regular
14818.0,74,6,1153.56,1.9459101490553128,7.051474597994149,11.091923076923075,87,6,United Kingdom,1,3,Regular
14819.0,64,4,456.41,1.6094379124341005,6.125580144051925,8.452037037037037,52,4,United Kingdom,1,0,New / Low Engagement
14820.0,21,9,1274.76,2.302585092994046,7.151297358439717,19.918125,51,9,United Kingdom,1,3,Regular
14821.0,367,7,1230.15,2.079441541679836,7.115703970913804,17.82826086956522,65,5,United Kingdom,1,3,Regular
14822.0,485,1,157.7,0.6931471805599453,5.067015627532364,17.522222222222222,9,1,United Kingdom,1,1,Lapsed
14823.0,180,3,321.43,1.3862943611198906,5.775886058412575,4.591857142857143,56,2,United Kingdom,1,0,New / Low Engagement
14824.0,10,10,4022.91,2.3978952727983707,8.300009345724288,25.46145569620253,84,10,United Kingdom,1,2,Best Customers
14825.0,4,24,4735.08,3.218875824868201,8.462965068313068,15.83638795986622,187,24,United Kingdom,1,2,Best Customers
14826.0,582,2,385.2,1.0986122886681098,5.956355369994414,38.52,10,2,United Kingdom,1,1,Lapsed
14828.0,197,13,9839.46,2.6390573296152584,9.194257736921127,97.42039603960396,72,13,United Kingdom,1,2,Best Customers
14829.0,29,7,1455.87,2.079441541679836,7.2840455777807005,15.998571428571427,77,6,United Kingdom,1,3,Regular
14830.0,53,1,188.88,0.6931471805599453,5.246392293683117,4.843076923076923,39,1,United Kingdom,1,0,New / Low Engagement
14831.0,680,3,1676.57,1.3862943611198906,7.425101596738257,20.445975609756097,67,2,United Kingdom,1,1,Lapsed
14832.0,630,1,322.69,0.6931471805599453,5.779786267653029,322.69,1,1,United Kingdom,1,1,Lapsed
14833.0,499,1,94.8,0.6931471805599453,4.562262684976814,13.542857142857144,7,1,United Kingdom,1,1,Lapsed
14834.0,18,7,2206.16,2.079441541679836,7.699461900230706,25.35816091954023,55,7,United Kingdom,1,3,Regular
14835.0,529,2,297.0,1.0986122886681098,5.697093486505405,148.5,1,2,United Kingdom,1,1,Lapsed
14836.0,10,3,102.45,1.3862943611198906,4.639088404191552,17.075,5,3,United Kingdom,1,0,New / Low Engagement
14837.0,90,9,3460.32,2.302585092994046,8.149405298188219,16.556555023923444,171,9,United Kingdom,1,3,Regular
14838.0,423,2,769.9200000000001,1.0986122886681098,6.647584606830851,10.998857142857144,69,2,United Kingdom,1,1,Lapsed
14839.0,418,3,915.28,1.3862943611198906,6.8203219948203735,12.368648648648648,61,3,United Kingdom,1,1,Lapsed
14840.0,268,2,362.71,1.0986122886681098,5.896356846803299,16.486818181818183,20,2,United Kingdom,1,0,New / Low Engagement
14841.0,53,14,7163.0,2.70805020110221,8.876823763180603,23.876666666666665,196,14,United Kingdom,1,2,Best Customers
14842.0,44,4,2824.69,1.6094379124341005,7.946507861544517,19.48062068965517,128,4,United Kingdom,1,3,Regular
14843.0,437,1,211.8,0.6931471805599453,5.360352757467489,23.53333333333333,9,1,United Kingdom,1,1,Lapsed
14844.0,64,10,6702.43,2.3978952727983707,8.810374614680837,24.19649819494585,158,8,United Kingdom,1,2,Best Customers
14845.0,600,1,150.0,0.6931471805599453,5.017279836814924,150.0,1,1,United Kingdom,1,1,Lapsed
14846.0,427,1,437.4,0.6931471805599453,6.083131735633806,36.45,12,1,United Kingdom,1,1,Lapsed
14847.0,149,3,1348.95,1.3862943611198906,7.2078228337095505,21.75725806451613,56,3,United Kingdom,1,3,Regular
14848.0,405,1,310.56,0.6931471805599453,5.741591936051748,28.232727272727274,11,1,United Kingdom,1,1,Lapsed
14849.0,22,43,15407.61,3.784189633918261,9.642681723077718,20.877520325203253,279,23,United Kingdom,1,2,Best Customers
14850.0,312,7,1770.96,2.079441541679836,7.479841557546813,9.081846153846154,129,4,United Kingdom,1,3,Regular
14851.0,23,3,829.41,1.3862943611198906,6.721919554728325,19.747857142857143,38,3,United Kingdom,1,0,New / Low Engagement
14852.0,58,18,6132.43,2.9444389791664403,8.721509415674332,19.84605177993528,152,12,United Kingdom,1,2,Best Customers
14853.0,24,5,1376.87,1.791759469228055,7.2282941075007,44.41516129032258,26,5,United Kingdom,1,3,Regular
14854.0,78,11,4303.06,2.4849066497880004,8.367314042264898,20.1077570093458,170,11,United Kingdom,1,2,Best Customers
14855.0,119,7,6520.3,2.079441541679836,8.782829021548919,31.49903381642512,168,5,United Kingdom,1,3,Regular
14856.0,36,3,1290.53,1.3862943611198906,7.163582841069827,19.85430769230769,65,2,United Kingdom,1,3,Regular
14857.0,60,7,3651.851,2.079441541679836,8.203263237570312,17.144840375586856,170,5,United Kingdom,1,3,Regular
14858.0,506,1,180.75,0.6931471805599453,5.202632116413628,16.431818181818183,11,1,United Kingdom,1,1,Lapsed
14859.0,13,5,1705.64,1.791759469228055,7.442281804243372,25.843030303030304,51,4,United Kingdom,1,3,Regular
14860.0,19,1,170.32,0.6931471805599453,5.14353315274717,15.483636363636364,11,1,United Kingdom,1,0,New / Low Engagement
14861.0,52,10,1380.73,2.3978952727983707,7.231091616210209,16.055,62,9,United Kingdom,1,3,Regular
14862.0,26,2,841.2,1.0986122886681098,6.736017515727827,17.525000000000002,47,2,United Kingdom,1,0,New / Low Engagement
14863.0,29,1,266.76,0.6931471805599453,5.590091056903071,24.25090909090909,11,1,United Kingdom,1,0,New / Low Engagement
14865.0,7,4,92.52,1.6094379124341005,4.538175317163813,15.42,4,4,United Kingdom,1,0,New / Low Engagement
14866.0,11,19,20746.54,2.995732273553991,9.94018296441387,152.54808823529413,40,17,United Kingdom,1,2,Best Customers
14867.0,186,16,2952.06,2.833213344056216,7.99059719985786,21.547883211678837,67,15,United Kingdom,1,2,Best Customers
14868.0,3,12,4184.01,2.5649493574615367,8.339264372406982,19.829431279620856,132,10,United Kingdom,1,2,Best Customers
14869.0,9,6,2778.14,1.9459101490553128,7.929896806307337,11.385819672131149,187,6,United Kingdom,1,3,Regular
14870.0,262,6,1838.95,1.9459101490553128,7.51749367632077,28.29153846153846,43,5,United Kingdom,1,3,Regular
14871.0,3,9,1228.17,2.302585092994046,7.114094423840696,6.330773195876289,123,9,United Kingdom,1,3,Regular
14872.0,484,3,816.6,1.3862943611198906,6.70637321944944,18.990697674418605,34,3,United Kingdom,1,1,Lapsed
14873.0,210,2,854.13,1.0986122886681098,6.751253504162445,17.43122448979592,48,2,United Kingdom,1,0,New / Low Engagement
14874.0,535,1,116.18,0.6931471805599453,4.763711214116642,19.363333333333333,6,1,United Kingdom,1,1,Lapsed
14875.0,108,3,2862.4,1.3862943611198906,7.959765008926227,32.16179775280899,88,3,United Kingdom,1,3,Regular
14876.0,521,2,256.7,1.0986122886681098,5.551796117658319,19.746153846153845,12,2,United Kingdom,1,1,Lapsed
14877.0,418,2,425.85,1.0986122886681098,6.056432663456316,6.7595238095238095,57,2,United Kingdom,1,1,Lapsed
14878.0,13,25,4076.5,3.258096538021482,8.313239334495169,11.047425474254744,159,21,United Kingdom,1,2,Best Customers
14879.0,685,1,185.06,0.6931471805599453,5.226069202340413,6.854074074074074,27,1,United Kingdom,1,1,Lapsed
14880.0,77,3,690.59,1.3862943611198906,6.538993294479615,15.012826086956522,45,3,United Kingdom,1,0,New / Low Engagement
14881.0,20,1,255.4,0.6931471805599453,5.546738725046515,15.023529411764706,17,1,United Kingdom,1,0,New / Low Engagement
14882.0,27,14,3546.65,2.70805020110221,8.174040691438382,54.56384615384616,32,12,United Kingdom,1,2,Best Customers
14883.0,19,6,761.59,1.9459101490553128,6.636720534303131,14.369622641509434,39,5,United Kingdom,1,3,Regular
14884.0,669,1,120.6,0.6931471805599453,4.800736969532067,15.075,8,1,United Kingdom,1,1,Lapsed
14885.0,132,3,1598.12,1.3862943611198906,7.377208756922391,51.55225806451613,24,3,United Kingdom,1,3,Regular
14886.0,253,1,364.8,0.6931471805599453,5.9020867359567655,20.266666666666666,18,1,United Kingdom,1,0,New / Low Engagement
14887.0,79,1,1862.0,0.6931471805599453,7.529943370601589,310.3333333333333,6,1,United Kingdom,1,0,New / Low Engagement
14888.0,207,1,369.2,0.6931471805599453,5.914043400139397,18.46,20,1,United Kingdom,1,0,New / Low Engagement
14889.0,336,1,135.9,0.6931471805599453,4.919250732294404,13.59,10,1,United Kingdom,1,1,Lapsed
14890.0,254,3,817.25,1.3862943611198906,6.70716791338129,14.337719298245617,55,3,United Kingdom,1,0,New / Low Engagement
14891.0,148,4,1106.73,1.6094379124341005,7.0100681553014015,17.56714285714286,55,4,United Kingdom,1,3,Regular
14892.0,691,1,202.35,0.6931471805599453,5.314928632353234,15.565384615384618,13,1,United Kingdom,1,1,Lapsed
14893.0,10,3,1809.61,1.3862943611198906,7.501419084057128,17.07179245283019,98,3,United Kingdom,1,3,Regular
14894.0,85,3,1492.81,1.3862943611198906,7.30908518223715,32.45239130434783,39,3,United Kingdom,1,3,Regular
14895.0,8,38,25119.54,3.6635616461296463,10.131441117166368,27.9106,441,24,United Kingdom,1,2,Best Customers
14896.0,205,8,1826.0,2.19722457733622,7.510430556378006,7.217391304347826,150,8,United Kingdom,1,3,Regular
14897.0,8,8,3140.54,2.19722457733622,8.05246840453291,24.728661417322837,94,8,United Kingdom,1,3,Regular
14898.0,23,14,3365.95,2.70805020110221,8.121762569035962,11.566838487972507,185,14,United Kingdom,1,2,Best Customers
14899.0,395,1,1331.38,0.6931471805599453,7.194722095699511,10.32077519379845,126,1,United Kingdom,1,1,Lapsed
14900.0,522,1,13.919999999999998,0.6931471805599453,2.7027025947756145,13.919999999999998,1,1,United Kingdom,1,1,Lapsed
14901.0,11,12,1919.0,2.5649493574615367,7.560080465021827,14.32089552238806,103,12,United Kingdom,1,3,Regular
14902.0,26,3,1035.62,1.3862943611198906,6.943720699414746,17.552881355932204,51,3,United Kingdom,1,3,Regular
14903.0,21,5,2795.33,1.791759469228055,7.936063122140283,7.986657142857142,227,5,United Kingdom,1,3,Regular
14904.0,2,4,1630.49,1.6094379124341005,7.397248986685752,11.563758865248229,127,4,United Kingdom,1,3,Regular
14905.0,158,8,1971.39,2.19722457733622,7.587001284371595,25.27423076923077,45,8,United Kingdom,1,3,Regular
14906.0,445,1,68.44,0.6931471805599453,4.240463070352095,68.44,1,1,United Kingdom,1,1,Lapsed
14907.0,3,16,5547.72,2.833213344056216,8.621322549510516,20.70044776119403,153,12,United Kingdom,1,2,Best Customers
14908.0,74,2,381.9,1.0986122886681098,5.947773858483249,27.27857142857143,14,2,United Kingdom,1,0,New / Low Engagement
14909.0,437,3,1404.68,1.3862943611198906,7.248276450449636,17.558500000000002,61,3,United Kingdom,1,1,Lapsed
14910.0,3,4,434.35,1.6094379124341005,6.076150305274624,14.478333333333332,25,4,United Kingdom,1,0,New / Low Engagement
14911.0,1,398,291420.81,5.988961416889864,12.582527015515549,26.308640426108152,2550,255,EIRE,0,2,Best Customers
14912.0,17,6,1889.25,1.9459101490553128,7.5444643744383795,29.98809523809524,44,5,Italy,0,3,Regular
14913.0,36,8,4073.13,2.19722457733622,8.312412505948734,16.490404858299595,176,8,United Kingdom,1,3,Regular
14915.0,91,11,1811.25,2.4849066497880004,7.502324446180987,20.125,65,10,United Kingdom,1,3,Regular
14916.0,71,8,3042.95,2.19722457733622,8.020911293091087,22.70858208955224,113,8,United Kingdom,1,3,Regular
14917.0,597,2,1123.75,1.0986122886681098,7.025316067721282,38.75,29,1,United Kingdom,1,1,Lapsed
14918.0,116,9,5955.81,2.302585092994046,8.692290381870738,42.23978723404256,79,8,United Kingdom,1,2,Best Customers
14919.0,539,1,359.35,0.6931471805599453,5.88707578137045,27.642307692307693,13,1,United Kingdom,1,1,Lapsed
14920.0,213,3,1607.17,1.3862943611198906,7.3828521655438335,16.568762886597938,90,2,United Kingdom,1,3,Regular
14921.0,30,2,1316.07,1.0986122886681098,7.183164851431799,16.872692307692308,78,2,United Kingdom,1,0,New / Low Engagement
14922.0,394,2,843.74,1.0986122886681098,6.739028887702491,16.8748,49,2,United Kingdom,1,1,Lapsed
14923.0,51,1,749.1,0.6931471805599453,6.620206530975591,17.025000000000002,44,1,United Kingdom,1,0,New / Low Engagement
14924.0,246,3,931.01,1.3862943611198906,6.837343544241763,30.03258064516129,30,3,United Kingdom,1,3,Regular
14926.0,382,2,359.4,1.0986122886681098,5.887214525734183,119.8,2,2,United Kingdom,1,1,Lapsed
14927.0,397,1,308.2,0.6931471805599453,5.733988316713267,15.41,20,1,United Kingdom,1,1,Lapsed
14928.0,628,1,223.91000000000005,0.6931471805599453,5.41570032218308,10.662380952380952,21,1,United Kingdom,1,1,Lapsed
14929.0,32,2,836.69,1.0986122886681098,6.730648103640738,24.608529411764707,34,2,United Kingdom,1,0,New / Low Engagement
14930.0,109,6,5236.7300000000005,1.9459101490553128,8.563643477347345,18.83715827338129,213,5,Channel Islands,0,3,Regular
14931.0,5,5,1257.68,1.791759469228055,7.137818831761513,30.675121951219516,30,5,Channel Islands,0,3,Regular
14932.0,366,2,666.13,1.0986122886681098,6.502984929473315,20.8165625,29,2,Channel Islands,0,1,Lapsed
14933.0,444,4,1770.0,1.6094379124341005,7.479299637782834,442.5,1,2,Channel Islands,0,1,Lapsed
14934.0,82,5,3503.5,1.791759469228055,8.16180313594038,18.93783783783784,115,4,Channel Islands,0,3,Regular
14935.0,297,2,2849.83,1.0986122886681098,7.955365458934208,109.60884615384614,25,2,Channel Islands,0,3,Regular
14936.0,34,12,12410.81,2.5649493574615367,9.426403717684428,23.549924098671728,267,8,Channel Islands,0,2,Best Customers
14937.0,57,3,1621.88,1.3862943611198906,7.391957627627685,47.70235294117647,33,2,Channel Islands,0,3,Regular
14938.0,562,2,2322.43,1.0986122886681098,7.750799821107575,32.710281690140846,71,1,Channel Islands,0,1,Lapsed
14940.0,418,2,531.49,1.0986122886681098,6.277564118064523,16.6090625,32,2,United Kingdom,1,1,Lapsed
14941.0,579,1,182.1,0.6931471805599453,5.210032451680465,26.014285714285712,7,1,United Kingdom,1,1,Lapsed
14942.0,402,4,746.56,1.6094379124341005,6.616814569602102,39.292631578947365,12,4,United Kingdom,1,1,Lapsed
14943.0,663,1,107.62,0.6931471805599453,4.687855552606699,21.524,5,1,United Kingdom,1,1,Lapsed
14944.0,30,19,9784.67,2.995732273553991,9.188674349637315,32.2926402640264,184,12,United Kingdom,1,2,Best Customers
14945.0,414,1,179.4,0.6931471805599453,5.195176607628524,16.30909090909091,11,1,United Kingdom,1,1,Lapsed
14946.0,14,1,100.9,0.6931471805599453,4.623991940228679,33.63333333333333,3,1,United Kingdom,1,0,New / Low Engagement
14947.0,72,6,1049.79,1.9459101490553128,6.957297541207289,19.440555555555555,47,6,United Kingdom,1,3,Regular
14948.0,23,6,1101.97,1.9459101490553128,7.005761820334205,17.491587301587302,56,6,United Kingdom,1,3,Regular
14949.0,469,4,515.0,1.6094379124341005,6.246106765481563,19.074074074074076,16,4,United Kingdom,1,1,Lapsed
14950.0,19,1,371.2,0.6931471805599453,5.91943134420815,19.53684210526316,19,1,United Kingdom,1,0,New / Low Engagement
14951.0,79,1,311.69,0.6931471805599453,5.745212284419341,15.5845,20,1,United Kingdom,1,0,New / Low Engagement
14952.0,60,32,17629.35,3.49650756146648,9.777377127718964,57.42459283387622,240,23,United Kingdom,1,2,Best Customers
14953.0,25,4,971.32,1.6094379124341005,6.879684968387045,3.964571428571429,202,3,United Kingdom,1,3,Regular
14954.0,12,2,462.12,1.0986122886681098,6.137986199770749,3.916271186440678,111,2,United Kingdom,1,0,New / Low Engagement
14955.0,733,1,163.77,0.6931471805599453,5.10455056206934,5.282903225806452,30,1,United Kingdom,1,1,Lapsed
14956.0,421,1,1325.0,0.6931471805599453,7.189922170745808,331.25,4,1,United Kingdom,1,1,Lapsed
14957.0,253,2,261.69,1.0986122886681098,5.570974629731707,9.34607142857143,27,2,United Kingdom,1,0,New / Low Engagement
14958.0,147,6,941.99,1.9459101490553128,6.849055678123359,13.267464788732395,52,6,United Kingdom,1,3,Regular
14959.0,64,4,695.42,1.6094379124341005,6.545952926608586,11.786779661016949,37,4,United Kingdom,1,3,Regular
14960.0,8,2,221.27,1.0986122886681098,5.403892859096676,8.195185185185185,23,2,United Kingdom,1,0,New / Low Engagement
14961.0,11,22,16410.15,3.1354942159291497,9.70571626084869,24.492761194029853,328,19,United Kingdom,1,2,Best Customers
14962.0,271,4,366.91,1.6094379124341005,5.90783834304059,26.207857142857144,14,4,United Kingdom,1,0,New / Low Engagement
14963.0,10,12,3123.57,2.5649493574615367,8.047051952702754,6.562121848739496,304,11,United Kingdom,1,2,Best Customers
14964.0,247,1,206.21,0.6931471805599453,5.333732771768991,15.862307692307692,13,1,United Kingdom,1,0,New / Low Engagement
14965.0,96,2,596.09,1.0986122886681098,6.392067855799239,7.359135802469136,80,1,United Kingdom,1,0,New / Low Engagement
14966.0,15,6,1064.26,1.9459101490553128,6.97097417980369,7.048079470198675,125,5,United Kingdom,1,3,Regular
14967.0,50,6,1982.61,1.9459101490553128,7.592673695941251,68.36586206896553,22,4,United Kingdom,1,3,Regular
14968.0,30,2,501.24,1.0986122886681098,6.219078093093644,5.967142857142857,83,2,United Kingdom,1,0,New / Low Engagement
14969.0,704,1,906.23,0.6931471805599453,6.810396001209797,69.71000000000001,13,1,United Kingdom,1,1,Lapsed
14970.0,68,12,4919.35,2.5649493574615367,8.501134945167534,43.53407079646018,71,10,United Kingdom,1,2,Best Customers
14971.0,35,3,1097.98,1.3862943611198906,7.002137755875882,7.083741935483871,144,2,United Kingdom,1,3,Regular
14972.0,128,2,145.07,1.0986122886681098,4.984085958862719,7.2535,20,2,United Kingdom,1,0,New / Low Engagement
14973.0,107,3,1314.45,1.3862943611198906,7.181934091396172,41.0765625,29,3,United Kingdom,1,3,Regular
14974.0,37,1,89.94,0.6931471805599453,4.510199948396864,5.290588235294117,17,1,United Kingdom,1,0,New / Low Engagement
14975.0,57,2,472.39,1.0986122886681098,6.159919573071391,18.168846153846157,25,2,United Kingdom,1,0,New / Low Engagement
14976.0,57,7,790.86,2.079441541679836,6.674384608512411,10.984166666666669,47,5,United Kingdom,1,3,Regular
14977.0,726,1,31.93,0.6931471805599453,3.494384096388273,7.9825,4,1,United Kingdom,1,1,Lapsed
14978.0,72,10,3112.19,2.3978952727983707,8.043403202951074,10.731689655172412,175,10,United Kingdom,1,3,Regular
14979.0,735,1,429.66,0.6931471805599453,6.065318915678462,8.768571428571429,42,1,United Kingdom,1,1,Lapsed
14980.0,737,1,150.68,0.6931471805599453,5.021773038506712,6.278333333333333,24,1,United Kingdom,1,1,Lapsed
14981.0,246,2,372.92,1.0986122886681098,5.924041870790548,16.950909090909093,20,2,United Kingdom,1,0,New / Low Engagement
14982.0,572,1,237.78,0.6931471805599453,5.475542625917242,6.096923076923077,39,1,United Kingdom,1,1,Lapsed
14983.0,689,1,183.2,0.6931471805599453,5.216022123821206,6.106666666666667,30,1,United Kingdom,1,1,Lapsed
14984.0,19,6,1260.51,1.9459101490553128,7.140064695120641,23.342777777777776,48,5,United Kingdom,1,3,Regular
14985.0,198,2,292.01,1.0986122886681098,5.680206738127495,3.5181927710843373,78,2,United Kingdom,1,0,New / Low Engagement
14986.0,376,2,563.1,1.0986122886681098,6.33523154074593,5.745918367346939,87,2,United Kingdom,1,1,Lapsed
14987.0,16,8,1550.65,2.19722457733622,7.347074159846811,103.37666666666664,4,7,United Kingdom,1,3,Regular
14988.0,212,7,2038.65,2.079441541679836,7.620533503491231,8.675106382978724,171,7,United Kingdom,1,3,Regular
14989.0,662,1,342.4,0.6931471805599453,5.838895948463375,19.022222222222226,18,1,United Kingdom,1,1,Lapsed
14990.0,612,2,304.17,1.0986122886681098,5.7208689983797,7.242142857142857,41,2,United Kingdom,1,1,Lapsed
14991.0,430,1,314.67,0.6931471805599453,5.754697364124307,14.984285714285717,21,1,United Kingdom,1,1,Lapsed
14992.0,442,1,210.5,0.6931471805599453,5.354224998486333,7.796296296296297,27,1,United Kingdom,1,1,Lapsed
14993.0,564,1,36.13,0.6931471805599453,3.614425268188989,3.613,9,1,United Kingdom,1,1,Lapsed
14994.0,382,5,946.72,1.791759469228055,6.854059099978276,3.1348344370860928,233,5,United Kingdom,1,1,Lapsed
14995.0,39,2,231.98,1.0986122886681098,5.450952612971631,3.866333333333334,53,2,United Kingdom,1,0,New / Low Engagement
14996.0,481,2,442.29,1.0986122886681098,6.094224183409496,10.787560975609756,37,1,United Kingdom,1,1,Lapsed
14997.0,46,4,776.6,1.6094379124341005,6.656212253146229,20.43684210526316,36,4,United Kingdom,1,3,Regular
14998.0,170,4,753.18,1.6094379124341005,6.625631066307701,6.02544,111,4,United Kingdom,1,3,Regular
14999.0,593,1,129.48000000000002,0.6931471805599453,4.871219958312759,14.386666666666668,9,1,United Kingdom,1,1,Lapsed
15000.0,48,1,490.52,0.6931471805599453,6.197502630519253,6.37038961038961,76,1,United Kingdom,1,0,New / Low Engagement
15001.0,394,2,199.11,1.0986122886681098,5.298867215353472,4.328478260869565,44,1,United Kingdom,1,1,Lapsed
15002.0,116,9,4138.08,2.302585092994046,8.32822881990212,12.279169139465877,220,9,United Kingdom,1,3,Regular
15003.0,473,6,1027.03,1.9459101490553128,6.935399628468676,3.1216717325227963,253,6,United Kingdom,1,1,Lapsed
15004.0,147,1,1220.77,0.6931471805599453,7.108055905977399,7.927077922077922,154,1,United Kingdom,1,0,New / Low Engagement
15005.0,16,56,13754.58,4.04305126783455,9.529199838954607,5.762287390029326,591,56,United Kingdom,1,2,Best Customers
15006.0,51,2,757.78,1.0986122886681098,6.631711880307066,4.163626373626373,165,2,United Kingdom,1,0,New / Low Engagement
15007.0,159,1,156.91,0.6931471805599453,5.062025250478552,13.075833333333334,12,1,United Kingdom,1,0,New / Low Engagement
15008.0,480,2,360.0,1.0986122886681098,5.8888779583328805,30.0,6,2,United Kingdom,1,1,Lapsed
15009.0,12,3,1259.43,1.3862943611198906,7.139208211567486,6.996833333333334,148,3,United Kingdom,1,3,Regular
15010.0,36,1,308.94,0.6931471805599453,5.736378730359189,15.447,20,1,United Kingdom,1,0,New / Low Engagement
15011.0,396,2,416.6,1.0986122886681098,6.034524036568429,20.83,17,2,United Kingdom,1,1,Lapsed
15012.0,54,3,646.26,1.3862943611198906,6.472748068492985,3.3835602094240835,165,3,United Kingdom,1,0,New / Low Engagement
15013.0,488,10,1610.82,2.3978952727983707,7.385119254300831,4.737705882352941,177,10,United Kingdom,1,3,Regular
15014.0,43,2,257.67,1.0986122886681098,5.555553118030016,7.808181818181819,29,2,United Kingdom,1,0,New / Low Engagement
15015.0,501,13,2354.97,2.6390573296152584,7.764707811243887,8.010102040816326,158,11,United Kingdom,1,3,Regular
15016.0,173,5,620.89,1.791759469228055,6.432763228224975,5.913238095238095,93,4,United Kingdom,1,3,Regular
15017.0,34,1,125.58,0.6931471805599453,4.840874519347159,6.279,20,1,United Kingdom,1,0,New / Low Engagement
15018.0,39,3,496.21,1.3862943611198906,6.209012472065032,16.006774193548388,30,3,United Kingdom,1,0,New / Low Engagement
15019.0,267,1,252.81,0.6931471805599453,5.536585955607315,3.8304545454545456,64,1,United Kingdom,1,0,New / Low Engagement
15020.0,379,1,198.47,0.6931471805599453,5.295663849082473,7.350740740740741,27,1,United Kingdom,1,1,Lapsed
15021.0,9,12,2500.59,2.5649493574615367,7.824681808694004,4.01378812199037,355,11,United Kingdom,1,2,Best Customers
15022.0,12,5,1133.44,1.791759469228055,7.0338944160871,8.096,115,4,United Kingdom,1,3,Regular
15023.0,3,20,11578.65,3.044522437723423,9.357004526145174,12.086273486430064,486,19,United Kingdom,1,2,Best Customers
15024.0,10,16,3559.39,2.833213344056216,8.17762536840765,11.12309375,168,12,United Kingdom,1,2,Best Customers
15025.0,33,2,979.79,1.0986122886681098,6.888358369371406,7.048848920863309,132,2,United Kingdom,1,0,New / Low Engagement
15026.0,80,5,1048.89,1.791759469228055,6.956440675758896,7.600652173913044,109,5,United Kingdom,1,3,Regular
15027.0,31,10,3195.6,2.3978952727983707,8.069843023934553,35.11648351648351,69,9,United Kingdom,1,3,Regular
15028.0,8,6,962.94,1.9459101490553128,6.8710290520096144,9.440588235294117,65,5,United Kingdom,1,3,Regular
15029.0,620,1,365.1,0.6931471805599453,5.902906520126191,36.510000000000005,10,1,United Kingdom,1,1,Lapsed
15030.0,72,8,1979.91,2.19722457733622,7.591311614066303,59.99727272727273,25,8,United Kingdom,1,3,Regular
15031.0,4,14,3102.94,2.70805020110221,8.040427551219377,7.855544303797468,237,12,United Kingdom,1,2,Best Customers
15032.0,256,8,11010.05,2.19722457733622,9.306654593016914,115.89526315789472,39,7,United Kingdom,1,2,Best Customers
15033.0,5,10,2557.18,2.3978952727983707,7.847051347137703,5.104151696606786,315,10,United Kingdom,1,3,Regular
15034.0,16,14,8231.2,2.70805020110221,9.015808572651215,10.945744680851066,416,13,United Kingdom,1,2,Best Customers
15035.0,90,1,252.73,0.6931471805599453,5.536270709515726,9.36037037037037,26,1,United Kingdom,1,0,New / Low Engagement
15036.0,72,3,429.56,1.3862943611198906,6.065086686978596,3.609747899159664,107,3,United Kingdom,1,0,New / Low Engagement
15037.0,376,2,397.76,1.0986122886681098,5.988359732154503,8.83911111111111,40,1,United Kingdom,1,1,Lapsed
15038.0,59,9,1146.53,2.302585092994046,7.045367085383807,4.878851063829787,190,9,United Kingdom,1,3,Regular
15039.0,10,93,39141.48,4.543294782270004,10.57496360123198,14.52374025974026,562,83,United Kingdom,1,2,Best Customers
15040.0,542,1,7.49,0.6931471805599453,2.138889000323256,7.49,1,1,United Kingdom,1,1,Lapsed
15041.0,170,2,289.4,1.0986122886681098,5.671259282950641,2.782692307692308,98,2,United Kingdom,1,0,New / Low Engagement
15042.0,199,2,315.45,1.0986122886681098,5.7571652512213145,35.05,9,2,United Kingdom,1,0,New / Low Engagement
15043.0,31,6,2870.32,1.9459101490553128,7.962527133331728,56.28078431372548,39,6,United Kingdom,1,3,Regular
15044.0,19,35,16024.15,3.58351893845611,9.681914642119478,17.884095982142856,344,28,United Kingdom,1,2,Best Customers
15045.0,152,2,735.66,1.0986122886681098,6.602126456028984,61.305,11,2,United Kingdom,1,0,New / Low Engagement
15046.0,9,25,7623.79,3.258096538021482,8.939160060112746,19.349720812182746,248,25,United Kingdom,1,2,Best Customers
15047.0,270,1,343.62,0.6931471805599453,5.842442360714953,15.61909090909091,22,1,United Kingdom,1,0,New / Low Engagement
15048.0,65,4,381.0,1.6094379124341005,5.945420608606575,4.053191489361702,86,4,United Kingdom,1,0,New / Low Engagement
15049.0,274,1,121.17000000000002,0.6931471805599453,4.805413517415968,40.39000000000001,3,1,United Kingdom,1,0,New / Low Engagement
15050.0,25,5,4087.19,1.791759469228055,8.315857608298602,27.43080536912752,116,4,United Kingdom,1,3,Regular
15051.0,23,9,3926.91,2.302585092994046,8.275862756788237,13.587923875432525,226,9,United Kingdom,1,3,Regular
15052.0,319,1,207.73,0.6931471805599453,5.341041550757815,7.418928571428572,27,1,United Kingdom,1,1,Lapsed
15053.0,5,3,693.95,1.3862943611198906,6.543839900530768,10.057246376811596,49,3,United Kingdom,1,0,New / Low Engagement
15054.0,12,2,302.1,1.0986122886681098,5.714062784063757,2.6500000000000004,105,2,United Kingdom,1,0,New / Low Engagement
15055.0,475,3,549.12,1.3862943611198906,6.310136436246507,6.779259259259259,77,3,United Kingdom,1,1,Lapsed
15056.0,520,1,113.65,0.6931471805599453,4.741884009303914,18.941666666666663,6,1,United Kingdom,1,1,Lapsed
15057.0,275,5,3255.96,1.791759469228055,8.088549523960413,46.513714285714286,62,5,United Kingdom,1,3,Regular
15058.0,25,16,3387.58,2.833213344056216,8.12816623356411,9.762478386167146,232,13,United Kingdom,1,2,Best Customers
15059.0,41,19,3491.2,2.995732273553991,8.158287189088027,5.927334465195246,308,16,United Kingdom,1,2,Best Customers
15060.0,8,4,294.25,1.6094379124341005,5.687822455077471,2.5586956521739133,81,2,United Kingdom,1,0,New / Low Engagement
15061.0,4,127,126389.02,4.852030263919617,11.747127801881527,140.74501113585745,131,68,United Kingdom,1,2,Best Customers
15062.0,71,8,2585.62,2.19722457733622,7.858107283109296,16.26176100628931,98,8,United Kingdom,1,3,Regular
15063.0,213,1,370.8,0.6931471805599453,5.918356075287344,74.16,5,1,United Kingdom,1,0,New / Low Engagement
15064.0,410,4,1254.41,1.6094379124341005,7.135217491440363,15.486543209876544,75,4,United Kingdom,1,1,Lapsed
15065.0,38,5,3326.86,1.791759469228055,8.110084733748552,20.04132530120482,156,5,United Kingdom,1,3,Regular
15066.0,53,1,893.59,0.6931471805599453,6.796365512756079,21.275952380952383,42,1,United Kingdom,1,0,New / Low Engagement
15067.0,78,5,3862.88,1.791759469228055,8.259427138949544,21.82418079096045,170,4,United Kingdom,1,3,Regular
15068.0,46,4,1174.9,1.6094379124341005,7.06978909082937,5.389449541284404,178,4,United Kingdom,1,3,Regular
15069.0,179,1,1109.53,0.6931471805599453,7.012592657827759,15.850428571428573,70,1,United Kingdom,1,0,New / Low Engagement
15070.0,373,3,737.0500000000001,1.3862943611198906,6.604011572983006,23.0328125,26,3,United Kingdom,1,1,Lapsed
15071.0,94,4,1455.5600000000002,1.6094379124341005,7.283832770195709,26.954814814814817,41,4,United Kingdom,1,3,Regular
15072.0,479,1,187.52,0.6931471805599453,5.23920410205553,14.424615384615386,13,1,United Kingdom,1,1,Lapsed
15073.0,10,8,2788.02,2.19722457733622,7.93344555863082,17.534716981132075,115,8,United Kingdom,1,3,Regular
15074.0,105,3,1553.13,1.3862943611198906,7.348671182512357,21.571250000000003,63,3,United Kingdom,1,3,Regular
15075.0,78,1,773.03,0.6931471805599453,6.651610632528512,28.63074074074074,27,1,United Kingdom,1,0,New / Low Engagement
15076.0,173,3,1447.74,1.3862943611198906,7.278449492127982,18.09675,68,3,United Kingdom,1,3,Regular
15077.0,495,2,2428.08,1.0986122886681098,7.795267863824162,75.8775,28,2,United Kingdom,1,1,Lapsed
15078.0,7,53,17286.73,3.9889840465642745,9.757752280295213,22.42118028534371,118,36,United Kingdom,1,2,Best Customers
15079.0,213,11,3625.4,2.4849066497880004,8.19599569962664,25.712056737588654,119,8,United Kingdom,1,3,Regular
15080.0,428,2,546.25,1.0986122886681098,6.304905736402972,17.620967741935484,31,2,United Kingdom,1,1,Lapsed
15081.0,22,12,1854.57,2.5649493574615367,7.525947205469466,18.362079207920797,75,12,United Kingdom,1,3,Regular
15082.0,669,1,93.35,0.6931471805599453,4.54701127181456,15.558333333333335,6,1,United Kingdom,1,1,Lapsed
15083.0,257,1,88.2,0.6931471805599453,4.490881039585964,17.64,5,1,United Kingdom,1,0,New / Low Engagement
15084.0,380,2,965.2,1.0986122886681098,6.873370852120306,31.13548387096774,31,2,United Kingdom,1,1,Lapsed
15085.0,730,1,347.54,0.6931471805599453,5.853753001232496,38.61555555555556,9,1,United Kingdom,1,1,Lapsed
15086.0,565,2,218.53,1.0986122886681098,5.391488897435831,19.86636363636364,10,2,United Kingdom,1,1,Lapsed
15087.0,282,1,306.94,0.6931471805599453,5.7299049588017725,20.462666666666667,15,1,United Kingdom,1,0,New / Low Engagement
15088.0,21,2,1160.07,1.0986122886681098,7.057097272731341,20.352105263157892,53,2,United Kingdom,1,0,New / Low Engagement
15089.0,10,6,2420.84,1.9459101490553128,7.792282860824383,16.69544827586207,139,6,United Kingdom,1,3,Regular
15090.0,308,1,381.32,0.6931471805599453,5.946257954269902,16.57913043478261,23,1,United Kingdom,1,1,Lapsed
15091.0,68,3,1046.61,1.3862943611198906,6.9542666582161,18.36157894736842,55,2,United Kingdom,1,3,Regular
15092.0,215,3,776.46,1.3862943611198906,6.656032195784612,17.25466666666667,39,3,United Kingdom,1,0,New / Low Engagement
15093.0,18,23,13702.38,3.1780538303479458,9.52539779671546,43.36196202531646,104,20,United Kingdom,1,2,Best Customers
15094.0,463,2,83.0,1.0986122886681098,4.430816798843313,16.6,4,2,United Kingdom,1,1,Lapsed
15095.0,104,10,3141.64,2.3978952727983707,8.052818489989162,25.335806451612903,90,8,United Kingdom,1,3,Regular
15096.0,43,1,219.39,0.6931471805599453,5.3953987041986,19.94454545454545,11,1,United Kingdom,1,0,New / Low Engagement
15097.0,4,3,908.35,1.3862943611198906,6.812730058573027,13.762878787878789,59,2,United Kingdom,1,3,Regular
15098.0,182,3,39916.5,1.3862943611198906,10.594570103213856,13305.5,1,1,United Kingdom,1,3,Regular
15099.0,84,1,410.48,0.6931471805599453,6.019760416262829,17.84695652173913,23,1,United Kingdom,1,0,New / Low Engagement
15100.0,334,7,2193.9,2.079441541679836,7.69389176638491,137.11874999999998,11,7,United Kingdom,1,3,Regular
15101.0,9,6,1477.94,1.9459101490553128,7.29908089393658,25.481724137931035,52,6,United Kingdom,1,3,Regular
15102.0,531,2,554.67,1.0986122886681098,6.320174592864931,20.543333333333333,26,2,United Kingdom,1,1,Lapsed
15103.0,31,2,703.36,1.0986122886681098,6.557289589092577,20.096,35,2,United Kingdom,1,0,New / Low Engagement
15104.0,197,2,993.54,1.0986122886681098,6.902280318701867,14.828955223880596,66,2,United Kingdom,1,0,New / Low Engagement
15105.0,18,9,3094.91,2.302585092994046,8.037837164519642,20.496092715231786,129,7,United Kingdom,1,3,Regular
15106.0,18,5,1422.52,1.791759469228055,7.2608879564964575,14.2252,90,5,United Kingdom,1,3,Regular
15107.0,311,9,824.35,2.302585092994046,6.71580753879355,19.627380952380957,32,9,United Kingdom,1,3,Regular
15108.0,142,4,1300.25,1.6094379124341005,7.171080619929179,21.67083333333333,50,4,European Community,0,3,Regular
15109.0,246,3,983.1,1.3862943611198906,6.89172751790494,20.48125,46,3,United Kingdom,1,3,Regular
15110.0,24,6,1505.85,1.9459101490553128,7.317776658171513,28.4122641509434,23,6,United Kingdom,1,3,Regular
15111.0,29,5,2442.37,1.791759469228055,7.801133512921268,18.09162962962963,109,5,United Kingdom,1,3,Regular
15112.0,611,1,209.4,0.6931471805599453,5.349010480863555,29.914285714285715,7,1,United Kingdom,1,1,Lapsed
15113.0,10,3,3509.43,1.3862943611198906,8.163493816079034,36.179690721649486,77,3,United Kingdom,1,3,Regular
15114.0,30,12,3400.12,2.5649493574615367,8.131860068124816,14.7191341991342,151,12,United Kingdom,1,2,Best Customers
15115.0,18,2,531.85,1.0986122886681098,6.2782399586669655,15.195714285714288,35,2,United Kingdom,1,0,New / Low Engagement
15116.0,18,4,1352.75,1.6094379124341005,7.2106337983152,30.06111111111111,37,4,United Kingdom,1,3,Regular
15117.0,15,8,2485.97,2.19722457733622,7.818820381004473,18.97687022900763,89,7,United Kingdom,1,3,Regular
15118.0,134,1,244.8,0.6931471805599453,5.504518197131935,244.8,1,1,United Kingdom,1,0,New / Low Engagement
15119.0,246,1,266.4,0.6931471805599453,5.588745664667843,19.02857142857143,14,1,United Kingdom,1,0,New / Low Engagement
15120.0,134,1,358.82,0.6931471805599453,5.885603906408473,17.086666666666666,21,1,United Kingdom,1,0,New / Low Engagement
15121.0,50,2,457.72,1.0986122886681098,6.12844000213506,16.34714285714286,28,2,United Kingdom,1,0,New / Low Engagement
15122.0,114,11,4487.27,2.4849066497880004,8.409222605820775,19.767709251101323,155,10,United Kingdom,1,2,Best Customers
15123.0,7,5,4656.17,1.791759469228055,8.44616324650336,25.443551912568307,149,5,United Kingdom,1,3,Regular
15124.0,23,4,450.82,1.6094379124341005,6.113283870429076,14.54258064516129,30,4,United Kingdom,1,0,New / Low Engagement
15125.0,25,24,17024.87,3.218875824868201,9.742489231033671,70.93695833333332,151,15,United Kingdom,1,2,Best Customers
15126.0,537,2,449.49,1.0986122886681098,6.110335879243754,17.9796,25,2,United Kingdom,1,1,Lapsed
15127.0,66,2,711.5,1.0986122886681098,6.568779912142806,25.410714285714285,27,2,United Kingdom,1,0,New / Low Engagement
15128.0,60,5,1783.68,1.791759469228055,7.486994406433962,14.501463414634149,87,5,United Kingdom,1,3,Regular
15129.0,50,23,6860.18,3.1780538303479458,8.83363471758943,33.14096618357488,86,21,United Kingdom,1,2,Best Customers
15130.0,170,1,330.11,0.6931471805599453,5.802450646452902,15.005,22,1,United Kingdom,1,0,New / Low Engagement
15131.0,395,1,80.28,0.6931471805599453,4.397899983830172,11.468571428571428,7,1,United Kingdom,1,1,Lapsed
15132.0,18,5,977.93,1.791759469228055,6.886460138441978,18.80634615384616,49,5,United Kingdom,1,3,Regular
15133.0,128,5,1806.9,1.791759469228055,7.499921229687969,36.87551020408164,45,5,United Kingdom,1,3,Regular
15134.0,15,10,1596.29,2.3978952727983707,7.376063722211611,18.779882352941176,47,10,United Kingdom,1,3,Regular
15135.0,239,2,305.68,1.0986122886681098,5.725804858690694,15.284,17,2,United Kingdom,1,0,New / Low Engagement
15136.0,3,4,1286.7,1.6094379124341005,7.160612960279738,18.92205882352941,61,3,United Kingdom,1,3,Regular
15137.0,521,2,823.4,1.0986122886681098,6.714655849016304,24.21764705882353,34,2,United Kingdom,1,1,Lapsed
15138.0,394,1,502.52,0.6931471805599453,6.221623433316097,16.210322580645162,31,1,United Kingdom,1,1,Lapsed
15139.0,240,2,178.96,1.0986122886681098,5.192734603972972,13.766153846153848,13,2,United Kingdom,1,0,New / Low Engagement
15140.0,52,8,3243.69,2.19722457733622,8.0847750929877,28.96151785714286,103,7,United Kingdom,1,3,Regular
15141.0,458,7,1388.47,2.079441541679836,7.236677658449301,17.355875,44,6,United Kingdom,1,3,Regular
15142.0,46,6,2619.92,1.9459101490553128,7.87128068015632,18.450140845070425,115,5,United Kingdom,1,3,Regular
15143.0,226,2,563.63,1.0986122886681098,6.336170649370582,18.181612903225805,27,2,United Kingdom,1,0,New / Low Engagement
15144.0,8,29,12160.31,3.4011973816621555,9.406014879980829,34.84329512893983,199,24,United Kingdom,1,2,Best Customers
15145.0,4,4,1194.73,1.6094379124341005,7.0865121565162825,17.83179104477612,54,4,United Kingdom,1,3,Regular
15146.0,165,2,1327.16,1.0986122886681098,7.191549804706725,14.584175824175825,90,2,United Kingdom,1,0,New / Low Engagement
15147.0,240,1,623.5,0.6931471805599453,6.436951329565632,22.267857142857142,28,1,United Kingdom,1,0,New / Low Engagement
15148.0,11,1,301.29,0.6931471805599453,5.711386821516136,15.0645,20,1,United Kingdom,1,0,New / Low Engagement
15149.0,134,5,1554.61,1.791759469228055,7.349623030648691,22.53057971014493,62,4,United Kingdom,1,3,Regular
15150.0,17,13,8977.94,2.6390573296152584,9.10263711423988,15.668307155322864,495,12,United Kingdom,1,2,Best Customers
15151.0,423,2,2085.61,1.0986122886681098,7.643296018507768,36.58964912280702,56,2,United Kingdom,1,1,Lapsed
15152.0,10,14,5263.83,2.70805020110221,8.568804135347829,17.5461,214,14,United Kingdom,1,2,Best Customers
15153.0,31,1,329.25,0.6931471805599453,5.799849943402434,14.965909090909092,22,1,United Kingdom,1,0,New / Low Engagement
15154.0,75,3,1343.72,1.3862943611198906,7.203941091925139,7.767167630057804,166,2,United Kingdom,1,3,Regular
15155.0,383,1,383.97,0.6931471805599453,5.95316540917378,15.99875,24,1,United Kingdom,1,1,Lapsed
15156.0,1,3,961.49,1.3862943611198906,6.869523676497577,17.481636363636365,51,3,United Kingdom,1,3,Regular
15157.0,4,5,2654.11,1.791759469228055,7.884241364079559,17.46125,152,5,United Kingdom,1,3,Regular
15158.0,45,2,606.02,1.0986122886681098,6.408561739445854,55.09272727272728,11,2,United Kingdom,1,0,New / Low Engagement
15159.0,2,34,22116.73,3.555348061489413,10.004134828308784,27.30460493827161,413,23,United Kingdom,1,2,Best Customers
15160.0,357,4,589.27,1.6094379124341005,6.380580059339054,25.62043478260869,17,4,United Kingdom,1,1,Lapsed
15161.0,388,1,119.92,0.6931471805599453,4.795129169911258,3.633939393939394,33,1,United Kingdom,1,1,Lapsed
15162.0,731,1,312.9,0.6931471805599453,5.749074463847908,26.075,12,1,United Kingdom,1,1,Lapsed
15163.0,18,2,304.47,1.0986122886681098,5.721851574117079,10.49896551724138,29,2,United Kingdom,1,0,New / Low Engagement
15164.0,69,9,2028.11,2.302585092994046,7.615352552254767,5.761676136363636,243,9,United Kingdom,1,3,Regular
15165.0,373,1,487.75,0.6931471805599453,6.191851111299576,18.064814814814813,27,1,United Kingdom,1,1,Lapsed
15166.0,468,1,167.16,0.6931471805599453,5.124915907128641,13.93,12,1,United Kingdom,1,1,Lapsed
15167.0,321,5,1627.62,1.791759469228055,7.395488309443934,5.3540131578947365,262,4,United Kingdom,1,3,Regular
15168.0,26,1,106.56,0.6931471805599453,4.678048831400664,21.312,5,1,United Kingdom,1,0,New / Low Engagement
15169.0,382,2,569.22,1.0986122886681098,6.34602225127558,9.647796610169491,58,2,United Kingdom,1,1,Lapsed
15170.0,407,1,81.15,0.6931471805599453,4.408546844483277,20.2875,4,1,United Kingdom,1,1,Lapsed
15171.0,331,1,1289.5,0.6931471805599453,7.162785019158669,257.9,5,1,United Kingdom,1,1,Lapsed
15172.0,9,5,1624.05,1.791759469228055,7.393293863521244,14.764090909090909,106,5,United Kingdom,1,3,Regular
15173.0,381,7,1494.6,2.079441541679836,7.310282743102959,17.37906976744186,68,7,United Kingdom,1,3,Regular
15174.0,323,2,481.46,1.0986122886681098,6.178898015788112,14.160588235294115,34,2,United Kingdom,1,1,Lapsed
15175.0,72,1,224.14,0.6931471805599453,5.416722430926658,9.745217391304347,23,1,United Kingdom,1,0,New / Low Engagement
15176.0,668,1,988.04,0.6931471805599453,6.896734775698672,19.000769230769237,52,1,United Kingdom,1,1,Lapsed
15177.0,426,1,948.93,0.6931471805599453,6.856388297669246,36.49730769230769,26,1,United Kingdom,1,1,Lapsed
15178.0,260,1,40.5,0.6931471805599453,3.725693427236653,13.5,3,1,United Kingdom,1,0,New / Low Engagement
15179.0,18,13,7491.92,2.6390573296152584,8.921713853675792,23.859617834394903,225,13,United Kingdom,1,2,Best Customers
15180.0,367,3,816.9300000000001,1.3862943611198906,6.706776758368908,15.710192307692308,46,3,United Kingdom,1,1,Lapsed
15181.0,66,5,1200.2,1.791759469228055,7.091076336109175,60.010000000000005,15,5,United Kingdom,1,3,Regular
15182.0,154,11,2998.952,2.4849066497880004,8.006351567522245,23.991616,78,7,United Kingdom,1,3,Regular
15183.0,548,3,639.93,1.3862943611198906,6.462920246589264,16.840263157894736,33,3,United Kingdom,1,1,Lapsed
15184.0,29,4,685.39,1.6094379124341005,6.531445979303058,8.159404761904762,72,4,United Kingdom,1,3,Regular
15185.0,70,1,310.62,0.6931471805599453,5.741784496789209,14.791428571428572,21,1,United Kingdom,1,0,New / Low Engagement
15186.0,14,5,1403.2,1.791759469228055,7.247223024583149,26.984615384615385,29,5,United Kingdom,1,3,Regular
15187.0,2,16,4777.18,2.833213344056216,8.471814999842545,52.49648351648352,61,14,United Kingdom,1,2,Best Customers
15188.0,725,1,310.43,0.6931471805599453,5.741174593873264,13.496956521739133,23,1,United Kingdom,1,1,Lapsed
15189.0,1,46,17524.38,3.8501476017100575,9.771405394977268,72.71526970954358,90,43,United Kingdom,1,2,Best Customers
15190.0,434,1,834.4399999999999,0.6931471805599453,6.727958532171293,20.861,40,1,United Kingdom,1,1,Lapsed
15191.0,463,3,588.05,1.3862943611198906,6.378511069692128,16.80142857142857,33,2,United Kingdom,1,1,Lapsed
15192.0,120,5,1666.39,1.791759469228055,7.419014808597367,18.311978021978025,56,5,United Kingdom,1,3,Regular
15193.0,61,1,499.32,0.6931471805599453,6.215247893709531,26.28,19,1,United Kingdom,1,0,New / Low Engagement
15194.0,3,28,12021.53,3.367295829986474,9.394537668469978,25.255315126050423,274,27,United Kingdom,1,2,Best Customers
15195.0,3,1,3861.0,0.6931471805599453,8.258940462988459,3861.0,1,1,United Kingdom,1,3,Regular
15196.0,433,2,313.7,1.0986122886681098,5.751619804070361,7.469047619047619,34,2,United Kingdom,1,1,Lapsed
15197.0,11,6,1877.51,1.9459101490553128,7.538234188396181,31.82220338983051,44,6,United Kingdom,1,3,Regular
15198.0,92,5,571.35,1.791759469228055,6.349750692364485,18.43064516129032,28,5,United Kingdom,1,3,Regular
15199.0,59,10,3122.4,2.3978952727983707,8.046677431053746,61.22352941176471,17,10,United Kingdom,1,3,Regular
15200.0,495,1,549.0500000000001,0.6931471805599453,6.310009183185445,18.30166666666667,30,1,United Kingdom,1,1,Lapsed
15201.0,87,7,1842.95,2.079441541679836,7.51966528878146,18.4295,44,6,United Kingdom,1,3,Regular
15202.0,420,3,6001.49,1.3862943611198906,8.699929662121509,2000.496666666667,1,1,United Kingdom,1,3,Regular
15203.0,26,15,4400.18,2.772588722239781,8.389627965770218,12.828513119533527,150,14,United Kingdom,1,2,Best Customers
15204.0,357,1,316.58,0.6931471805599453,5.760729755097951,35.175555555555555,9,1,United Kingdom,1,1,Lapsed
15205.0,85,2,653.24,1.0986122886681098,6.483474256616332,17.655135135135136,37,2,United Kingdom,1,0,New / Low Engagement
15206.0,10,4,420.3,1.6094379124341005,6.043345168984971,46.7,3,4,United Kingdom,1,0,New / Low Engagement
15207.0,416,3,683.92,1.3862943611198906,6.52930204312077,28.496666666666663,19,3,United Kingdom,1,1,Lapsed
15208.0,1,6,970.52,1.9459101490553128,6.878861855327155,20.219166666666663,27,6,United Kingdom,1,3,Regular
15209.0,730,1,178.98000000000002,0.6931471805599453,5.192845733605803,13.76769230769231,13,1,United Kingdom,1,1,Lapsed
15210.0,225,3,1176.19,1.3862943611198906,7.070885521589972,17.55507462686567,66,3,United Kingdom,1,3,Regular
15211.0,60,2,894.4100000000001,1.0986122886681098,6.797281713937488,17.20019230769231,52,2,United Kingdom,1,0,New / Low Engagement
15212.0,241,2,208.28,1.0986122886681098,5.343673068268834,20.828,7,2,United Kingdom,1,0,New / Low Engagement
15213.0,319,2,328.35,1.0986122886681098,5.797121015086702,13.68125,22,2,United Kingdom,1,1,Lapsed
15214.0,2,8,1661.44,2.19722457733622,7.416041681653177,15.104,109,8,United Kingdom,1,3,Regular
15215.0,47,7,2422.4300000000003,2.079441541679836,7.792939171022606,21.437433628318587,85,6,United Kingdom,1,3,Regular
15216.0,88,2,486.09,1.0986122886681098,6.188448910936394,20.25375,24,2,United Kingdom,1,0,New / Low Engagement
15217.0,563,1,426.24,0.6931471805599453,6.057345916221495,15.222857142857142,28,1,United Kingdom,1,1,Lapsed
15218.0,11,22,11468.83,3.1354942159291497,9.347475388740694,28.96169191919192,139,20,United Kingdom,1,2,Best Customers
15219.0,176,2,685.45,1.0986122886681098,6.531533389343614,26.36346153846154,26,2,United Kingdom,1,0,New / Low Engagement
15220.0,52,6,1778.96,1.9459101490553128,7.484346171123521,15.204786324786324,110,6,United Kingdom,1,3,Regular
15221.0,366,4,2062.2,1.6094379124341005,7.632013454567135,71.1103448275862,21,4,United Kingdom,1,3,Regular
15222.0,319,11,3550.91,2.4849066497880004,8.175240765953214,25.73123188405797,98,11,United Kingdom,1,3,Regular
15223.0,226,5,1417.95,1.791759469228055,7.2576724404574895,41.70441176470588,26,5,United Kingdom,1,3,Regular
15224.0,358,5,871.36,1.791759469228055,6.771202182749025,24.896,24,5,United Kingdom,1,3,Regular
15225.0,234,1,409.4,0.6931471805599453,6.01713229385656,17.8,23,1,United Kingdom,1,0,New / Low Engagement
15226.0,311,1,154.41,0.6931471805599453,5.04606678592752,19.30125,8,1,United Kingdom,1,1,Lapsed
15227.0,37,9,2488.49,2.302585092994046,7.819833149203312,20.737416666666668,86,8,United Kingdom,1,3,Regular
15228.0,66,6,5580.27,1.9459101490553128,8.62717162804504,23.84730769230769,184,6,United Kingdom,1,3,Regular
15229.0,586,1,160.5,0.6931471805599453,5.084505142662711,17.833333333333332,9,1,United Kingdom,1,1,Lapsed
15230.0,239,2,429.6,1.0986122886681098,6.065179584930263,18.678260869565214,23,2,United Kingdom,1,0,New / Low Engagement
15231.0,621,1,250.26,0.6931471805599453,5.526488259576272,17.875714285714288,14,1,United Kingdom,1,1,Lapsed
15232.0,113,2,612.06,1.0986122886681098,6.418462810428566,19.74387096774193,26,2,United Kingdom,1,0,New / Low Engagement
15233.0,401,1,59.400000000000006,0.6931471805599453,4.100989104940769,59.400000000000006,1,1,United Kingdom,1,1,Lapsed
15234.0,277,1,197.0,0.6931471805599453,5.288267030694535,14.071428571428571,14,1,United Kingdom,1,0,New / Low Engagement
15235.0,218,16,2772.76,2.833213344056216,7.927959079467885,15.577303370786518,161,12,United Kingdom,1,2,Best Customers
15236.0,299,1,321.05,0.6931471805599453,5.7747068129929,21.40333333333333,15,1,United Kingdom,1,1,Lapsed
15237.0,2,4,1412.32,1.6094379124341005,7.253696825551129,14.265858585858584,94,4,United Kingdom,1,3,Regular
15238.0,29,3,1071.99,1.3862943611198906,6.978204422922778,21.4398,49,3,United Kingdom,1,3,Regular
15239.0,10,2,780.59,1.0986122886681098,6.661330306378558,15.930408163265309,48,2,United Kingdom,1,0,New / Low Engagement
15240.0,45,12,4459.9800000000005,2.5649493574615367,8.403123751818507,19.910625000000003,134,12,United Kingdom,1,2,Best Customers
15241.0,67,11,3050.16,2.4849066497880004,8.023277125163998,16.57695652173913,120,11,United Kingdom,1,3,Regular
15242.0,422,1,302.04,0.6931471805599453,5.713864809997713,75.51,4,1,United Kingdom,1,1,Lapsed
15243.0,74,2,927.28,1.0986122886681098,6.833333411414558,15.201311475409836,56,2,United Kingdom,1,0,New / Low Engagement
15244.0,65,3,912.08,1.3862943611198906,6.816823499976432,19.00166666666667,44,3,United Kingdom,1,3,Regular
15245.0,134,8,4610.84,2.19722457733622,8.43638218867962,31.154324324324325,72,8,United Kingdom,1,3,Regular
15246.0,238,3,780.4,1.3862943611198906,6.66108718262097,15.301960784313724,45,3,United Kingdom,1,0,New / Low Engagement
15247.0,122,3,976.06,1.3862943611198906,6.884548062644319,57.41529411764706,13,3,United Kingdom,1,3,Regular
15248.0,411,3,1893.93,1.3862943611198906,7.546937177520269,17.867264150943395,103,3,United Kingdom,1,1,Lapsed
15249.0,32,18,9266.0,2.9444389791664403,9.134214981586693,18.45816733067729,304,17,United Kingdom,1,2,Best Customers
15250.0,641,1,60.0,0.6931471805599453,4.110873864173311,20.0,3,1,United Kingdom,1,1,Lapsed
15251.0,9,21,20324.54,3.091042453358316,9.919633502328765,88.3675652173913,183,19,United Kingdom,1,2,Best Customers
15252.0,36,5,2103.41,1.791759469228055,7.6517904217936605,17.82550847457627,106,5,United Kingdom,1,3,Regular
15253.0,16,8,2055.09,2.19722457733622,7.628561399936054,17.716293103448276,102,6,United Kingdom,1,3,Regular
15254.0,127,3,1088.35,1.3862943611198906,6.993336467072343,16.244029850746266,64,3,United Kingdom,1,3,Regular
15255.0,67,9,3706.02,2.302585092994046,8.217983598334452,19.71287234042553,137,8,United Kingdom,1,3,Regular
15256.0,149,2,170.4,1.0986122886681098,5.14400000616368,17.04,6,2,United Kingdom,1,0,New / Low Engagement
15257.0,283,2,685.9,1.0986122886681098,6.532188721219836,57.15833333333333,11,2,United Kingdom,1,0,New / Low Engagement
15258.0,169,2,623.16,1.0986122886681098,6.4364067457583465,18.328235294117647,32,2,United Kingdom,1,0,New / Low Engagement
15259.0,513,4,1182.38,1.6094379124341005,7.076130029643467,20.74350877192982,50,3,United Kingdom,1,1,Lapsed
15260.0,100,25,8767.73,3.258096538021482,9.07894726302137,23.01241469816273,186,20,United Kingdom,1,2,Best Customers
15261.0,135,4,1508.0,1.6094379124341005,7.319202458767849,16.391304347826086,87,4,United Kingdom,1,3,Regular
15262.0,324,3,418.82,1.3862943611198906,6.03982604798586,16.108461538461537,22,3,United Kingdom,1,1,Lapsed
15263.0,107,1,156.51,0.6931471805599453,5.059488948313644,13.0425,12,1,United Kingdom,1,0,New / Low Engagement
15264.0,64,2,848.4,1.0986122886681098,6.744530217879171,15.425454545454546,52,2,United Kingdom,1,0,New / Low Engagement
15265.0,151,4,3345.64,1.6094379124341005,8.115712136418376,17.334922279792746,179,4,United Kingdom,1,3,Regular
15266.0,338,5,852.21,1.791759469228055,6.749005707109851,18.938,38,5,United Kingdom,1,3,Regular
15267.0,22,5,1717.36,1.791759469228055,7.449125626576209,156.12363636363636,8,5,United Kingdom,1,3,Regular
15268.0,479,3,961.9,1.3862943611198906,6.869949564246238,43.72272727272728,21,2,United Kingdom,1,1,Lapsed
15269.0,24,3,1225.36,1.3862943611198906,7.111805711239658,35.010285714285715,33,3,United Kingdom,1,3,Regular
15270.0,16,21,8524.86,3.091042453358316,9.050859176829093,50.74321428571429,66,14,United Kingdom,1,2,Best Customers
15271.0,7,24,4528.54,3.218875824868201,8.418375668067148,7.94480701754386,369,24,United Kingdom,1,2,Best Customers
15272.0,57,6,2030.95,1.9459101490553128,7.61675120209642,7.101223776223776,257,6,United Kingdom,1,3,Regular
15273.0,600,1,228.96,0.6931471805599453,5.43790538075509,228.96,1,1,United Kingdom,1,1,Lapsed
15274.0,4,2,716.57,1.0986122886681098,6.575870503850624,15.24617021276596,44,2,United Kingdom,1,0,New / Low Engagement
15275.0,38,1,615.14,0.6931471805599453,6.4234742104382585,15.003414634146342,41,1,United Kingdom,1,0,New / Low Engagement
15276.0,66,4,619.8,1.6094379124341005,6.431008968869009,3.482022471910112,160,3,United Kingdom,1,3,Regular
15277.0,47,2,476.34,1.0986122886681098,6.168229025235398,18.320769230769237,23,2,United Kingdom,1,0,New / Low Engagement
15278.0,562,4,496.16,1.6094379124341005,6.208911905877311,17.10896551724138,29,2,United Kingdom,1,1,Lapsed
15279.0,355,5,1580.54,1.791759469228055,7.366154334869737,16.814255319148934,74,5,United Kingdom,1,3,Regular
15280.0,172,3,397.52,1.3862943611198906,5.987757685176655,6.625333333333333,48,3,United Kingdom,1,0,New / Low Engagement
15281.0,59,16,8543.57,2.833213344056216,9.053051272457877,16.36699233716475,427,15,United Kingdom,1,2,Best Customers
15282.0,570,1,348.59,0.6931471805599453,5.856761039253281,12.91074074074074,27,1,United Kingdom,1,1,Lapsed
15283.0,390,3,148.32999999999998,1.3862943611198906,5.006158622069177,16.481111111111108,9,3,United Kingdom,1,1,Lapsed
15284.0,500,1,24.75,0.6931471805599453,3.248434627109745,24.75,1,1,United Kingdom,1,1,Lapsed
15285.0,408,1,94.92,0.6931471805599453,4.5635145107192585,15.82,6,1,United Kingdom,1,1,Lapsed
15286.0,50,1,240.55,0.6931471805599453,5.487076491000416,80.18333333333334,3,1,United Kingdom,1,0,New / Low Engagement
15287.0,22,5,856.03,1.791759469228055,6.753472923819396,23.77861111111111,23,5,United Kingdom,1,3,Regular
15288.0,43,10,3715.38,2.3978952727983707,8.220505355200638,24.283529411764707,128,9,United Kingdom,1,2,Best Customers
15289.0,29,5,1593.09,1.791759469228055,7.37405831948775,16.42360824742268,67,5,United Kingdom,1,3,Regular
15290.0,5,26,10496.28,3.295836866004329,9.258871454967936,35.946164383561644,106,24,United Kingdom,1,2,Best Customers
15291.0,26,40,13517.76,3.713572066704308,9.511833629414456,55.40065573770492,116,39,United Kingdom,1,2,Best Customers
15292.0,201,1,178.39,0.6931471805599453,5.189562206710999,7.432916666666666,24,1,United Kingdom,1,0,New / Low Engagement
15293.0,666,1,247.5,0.6931471805599453,5.515442845536684,13.026315789473683,19,1,United Kingdom,1,1,Lapsed
15294.0,411,1,233.35,0.6931471805599453,5.456815724368715,15.556666666666668,15,1,United Kingdom,1,1,Lapsed
15295.0,654,1,207.04,0.6931471805599453,5.337730368904872,3.981538461538461,50,1,United Kingdom,1,1,Lapsed
15296.0,51,12,10323.03,2.5649493574615367,9.242229466684728,19.331516853932584,342,10,United Kingdom,1,2,Best Customers
15297.0,10,3,641.94,1.3862943611198906,6.466051407286527,16.46,30,3,United Kingdom,1,0,New / Low Engagement
15298.0,2,23,9061.77,3.1780538303479458,9.111930091822574,21.321811764705885,199,22,United Kingdom,1,2,Best Customers
15299.0,67,10,6156.53,2.3978952727983707,8.72543100209001,615.653,9,7,United Kingdom,1,2,Best Customers
15300.0,64,1,496.44,0.6931471805599453,6.209474946310444,17.73,28,1,United Kingdom,1,0,New / Low Engagement
15301.0,51,17,6909.67,2.8903717578961645,8.840821872987503,20.028028985507248,231,14,United Kingdom,1,2,Best Customers
15302.0,730,1,308.0,0.6931471805599453,5.733341276897746,20.53333333333333,15,1,United Kingdom,1,1,Lapsed
15303.0,290,3,1224.18,1.3862943611198906,7.110843050959893,17.741739130434784,63,3,United Kingdom,1,3,Regular
15304.0,61,9,796.4,2.302585092994046,6.681356434947254,33.18333333333333,8,9,United Kingdom,1,3,Regular
15305.0,555,1,93.6,0.6931471805599453,4.549657476057832,18.72,5,1,United Kingdom,1,1,Lapsed
15306.0,64,9,3484.73,2.302585092994046,8.15643277041254,21.51067901234568,123,9,United Kingdom,1,3,Regular
15307.0,96,1,205.3,0.6931471805599453,5.329331420077207,17.108333333333334,12,1,United Kingdom,1,0,New / Low Engagement
15308.0,274,1,310.47,0.6931471805599453,5.741303025403381,16.340526315789475,19,1,United Kingdom,1,0,New / Low Engagement
15309.0,611,4,797.96,1.6094379124341005,6.683310881934879,14.777037037037038,49,4,United Kingdom,1,1,Lapsed
15310.0,479,1,1634.64,0.6931471805599453,7.399789444048626,36.32533333333333,45,1,United Kingdom,1,1,Lapsed
15311.0,1,208,114966.42,5.342334251964811,11.652404062859302,26.69912215513237,864,196,United Kingdom,1,2,Best Customers
15312.0,75,12,2930.19,2.5649493574615367,7.983163762901939,17.976625766871166,118,12,United Kingdom,1,2,Best Customers
15313.0,110,1,52.0,0.6931471805599453,3.970291913552122,52.0,1,1,United Kingdom,1,0,New / Low Engagement
15314.0,199,3,820.45,1.3862943611198906,6.711071071352346,16.409000000000002,49,3,United Kingdom,1,0,New / Low Engagement
15315.0,64,2,570.5,1.0986122886681098,6.348264483234865,15.41891891891892,35,2,United Kingdom,1,0,New / Low Engagement
15316.0,327,1,165.0,0.6931471805599453,5.111987788356544,165.0,1,1,United Kingdom,1,1,Lapsed
15317.0,677,1,129.75,0.6931471805599453,4.873287102945032,25.95,5,1,United Kingdom,1,1,Lapsed
15318.0,4,1,312.62,0.6931471805599453,5.748182061952885,9.473333333333333,33,1,United Kingdom,1,0,New / Low Engagement
15319.0,284,1,204.5,0.6931471805599453,5.32544603393629,12.78125,16,1,United Kingdom,1,0,New / Low Engagement
15320.0,44,1,267.13,0.6931471805599453,5.591471937527057,7.420277777777778,36,1,United Kingdom,1,0,New / Low Engagement
15321.0,71,12,6709.7300000000005,2.5649493574615367,8.811463016894713,21.714336569579288,242,7,United Kingdom,1,2,Best Customers
15322.0,86,2,1390.86,1.0986122886681098,7.238396261123746,16.75734939759036,76,2,United Kingdom,1,3,Regular
15323.0,563,3,434.6,1.3862943611198906,6.076724391058805,14.986206896551725,29,3,United Kingdom,1,1,Lapsed
15324.0,701,1,140.22000000000003,0.6931471805599453,4.950318958088201,17.527500000000003,8,1,United Kingdom,1,1,Lapsed
15325.0,104,8,1601.46,2.19722457733622,7.379295227484854,7.149375,164,7,United Kingdom,1,3,Regular
15326.0,334,5,1700.52,1.791759469228055,7.43927724820629,13.182325581395348,94,5,United Kingdom,1,3,Regular
15327.0,53,1,208.75,0.6931471805599453,5.345916345347316,20.875,10,1,United Kingdom,1,0,New / Low Engagement
15328.0,408,1,107.24,0.6931471805599453,4.684350983862532,13.405,8,1,United Kingdom,1,1,Lapsed
15329.0,39,11,2958.83,2.4849066497880004,7.992887113236368,19.213181818181816,98,11,United Kingdom,1,3,Regular
15330.0,32,2,714.9599999999999,1.0986122886681098,6.573624299478299,54.99692307692307,10,2,United Kingdom,1,0,New / Low Engagement
15331.0,500,3,767.91,1.3862943611198906,6.644973927545967,17.4525,41,2,United Kingdom,1,1,Lapsed
15332.0,366,6,4892.68,1.9459101490553128,8.49569985567768,31.770649350649357,113,4,Lithuania,0,3,Regular
15333.0,208,1,1028.56,0.6931471805599453,6.936886805488385,64.285,16,1,United Kingdom,1,0,New / Low Engagement
15334.0,157,3,350.82,1.3862943611198906,5.863119681170759,3.579795918367347,67,3,United Kingdom,1,0,New / Low Engagement
15335.0,54,1,170.22,0.6931471805599453,5.142949279314339,4.863428571428571,34,1,United Kingdom,1,0,New / Low Engagement
15336.0,402,1,240.5,0.6931471805599453,5.486869473092628,16.033333333333335,15,1,United Kingdom,1,1,Lapsed
15337.0,411,1,373.02,0.6931471805599453,5.924309271920574,17.762857142857143,21,1,United Kingdom,1,1,Lapsed
15338.0,677,1,277.93,0.6931471805599453,5.630960854284337,4.791896551724138,56,1,United Kingdom,1,1,Lapsed
15339.0,66,7,1821.02,2.079441541679836,7.507701054708066,8.277363636363637,162,6,United Kingdom,1,3,Regular
15340.0,562,1,105.5,0.6931471805599453,4.66814498514948,15.071428571428571,7,1,United Kingdom,1,1,Lapsed
15341.0,81,2,2402.72,1.0986122886681098,7.784772816325887,100.11333333333332,22,2,United Kingdom,1,3,Regular
15342.0,130,1,406.09,0.6931471805599453,6.0090342912180414,16.920416666666668,24,1,United Kingdom,1,0,New / Low Engagement
15343.0,87,1,364.5,0.6931471805599453,5.901266279189834,17.357142857142858,21,1,United Kingdom,1,0,New / Low Engagement
15344.0,1,3,563.94,1.3862943611198906,6.3367195308171205,21.69,21,3,United Kingdom,1,0,New / Low Engagement
15345.0,46,1,393.54,0.6931471805599453,5.9777205293157225,19.677,20,1,United Kingdom,1,0,New / Low Engagement
15346.0,333,3,596.12,1.3862943611198906,6.3921180982189245,16.111351351351352,36,3,United Kingdom,1,1,Lapsed
15347.0,366,4,1162.0,1.6094379124341005,7.0587581525186645,32.27777777777778,29,4,United Kingdom,1,3,Regular
15348.0,72,1,158.04,0.6931471805599453,5.069155742908264,17.56,9,1,United Kingdom,1,0,New / Low Engagement
15349.0,158,2,463.91,1.0986122886681098,6.141843838467353,6.533943661971831,65,2,United Kingdom,1,0,New / Low Engagement
15350.0,373,2,547.6,1.0986122886681098,6.307369578503503,18.25333333333333,26,2,United Kingdom,1,1,Lapsed
15351.0,12,10,3430.22,2.3978952727983707,8.14067116205022,10.924267515923566,201,10,United Kingdom,1,3,Regular
15352.0,549,1,111.15,0.6931471805599453,4.719837260966218,3.269117647058824,34,1,United Kingdom,1,1,Lapsed
15353.0,255,7,2794.47,2.079441541679836,7.935755528876296,7.762416666666666,274,7,United Kingdom,1,3,Regular
15354.0,603,3,284.4,1.3862943611198906,5.653891705042736,94.8,1,1,United Kingdom,1,1,Lapsed
15355.0,29,2,277.05,1.0986122886681098,5.627800953633573,19.789285714285715,9,2,United Kingdom,1,0,New / Low Engagement
15356.0,31,13,3239.57,2.6390573296152584,8.08350451923915,4.842406576980569,290,13,United Kingdom,1,2,Best Customers
15358.0,5,42,16425.86,3.7612001156935615,9.706673078950551,15.083434343434345,359,30,United Kingdom,1,2,Best Customers
15359.0,663,8,181.35,2.19722457733622,5.205927917254689,11.334375,10,4,United Kingdom,1,1,Lapsed
15360.0,40,1,427.93,0.6931471805599453,6.061293735451147,32.917692307692306,13,1,United Kingdom,1,0,New / Low Engagement
15361.0,362,4,689.07,1.6094379124341005,6.536793041721038,68.90700000000001,10,4,United Kingdom,1,1,Lapsed
15362.0,449,2,613.08,1.0986122886681098,6.420125212819335,15.327000000000002,38,2,United Kingdom,1,1,Lapsed
15363.0,373,2,678.11,1.0986122886681098,6.520783117383144,19.37457142857143,32,2,United Kingdom,1,1,Lapsed
15364.0,96,2,913.19,1.0986122886681098,6.818038427312331,31.489310344827587,29,2,United Kingdom,1,0,New / Low Engagement
15365.0,26,13,4557.13,2.6390573296152584,8.42466773068017,20.904266055045877,126,7,United Kingdom,1,2,Best Customers
15366.0,75,7,2389.08,2.079441541679836,7.779082117168702,17.312173913043477,86,7,United Kingdom,1,3,Regular
15367.0,57,11,5081.33,2.4849066497880004,8.533525096836854,18.212652329749105,214,9,United Kingdom,1,2,Best Customers
15368.0,21,2,722.74,1.0986122886681098,6.584432211866017,90.3425,8,2,United Kingdom,1,0,New / Low Engagement
15369.0,492,11,6251.26,2.4849066497880004,8.740698277368923,105.9535593220339,44,8,United Kingdom,1,3,Regular
15370.0,41,8,3739.01,2.19722457733622,8.226843564201795,25.965347222222224,90,8,United Kingdom,1,3,Regular
15371.0,662,1,59.400000000000006,0.6931471805599453,4.100989104940769,59.400000000000006,1,1,United Kingdom,1,1,Lapsed
15372.0,137,8,6017.06,2.19722457733622,8.70252022723002,105.56245614035087,45,6,United Kingdom,1,3,Regular
15373.0,8,17,3084.54,2.8903717578961645,8.034481961540322,16.32031746031746,107,16,United Kingdom,1,2,Best Customers
15374.0,129,2,307.32,1.0986122886681098,5.731138204666056,30.732,8,2,United Kingdom,1,0,New / Low Engagement
15375.0,690,1,60.96,0.6931471805599453,4.126489015548668,10.159999999999998,6,1,United Kingdom,1,1,Lapsed
15376.0,40,3,1221.56,1.3862943611198906,7.108702299899257,10.530689655172411,100,3,United Kingdom,1,3,Regular
15377.0,383,4,1211.75,1.6094379124341005,7.100645787125326,57.70238095238095,15,3,United Kingdom,1,1,Lapsed
15378.0,463,2,246.5,1.0986122886681098,5.511410582008745,20.541666666666668,8,2,United Kingdom,1,1,Lapsed
15379.0,169,8,4877.84,2.19722457733622,8.492662765672868,18.546920152091257,177,8,United Kingdom,1,3,Regular
15380.0,9,11,3248.96,2.4849066497880004,8.086397967555735,62.48,27,11,United Kingdom,1,2,Best Customers
15381.0,214,5,1890.57,1.791759469228055,7.545162451054191,78.77374999999999,20,5,United Kingdom,1,3,Regular
15382.0,15,12,13733.55,2.5649493574615367,9.527669834978456,21.730300632911398,315,10,United Kingdom,1,2,Best Customers
15384.0,170,4,2027.79,1.6094379124341005,7.615194835208677,17.184661016949153,83,4,United Kingdom,1,3,Regular
15385.0,40,3,942.08,1.3862943611198906,6.849151114666084,44.860952380952384,18,3,United Kingdom,1,3,Regular
15386.0,186,1,394.14,0.6931471805599453,5.979240132485259,12.714193548387096,31,1,United Kingdom,1,0,New / Low Engagement
15387.0,492,1,468.65,0.6931471805599453,6.151987736440525,23.4325,20,1,United Kingdom,1,1,Lapsed
15388.0,270,1,140.54,0.6931471805599453,4.952582362647639,14.053999999999998,10,1,Canada,0,0,New / Low Engagement
15389.0,172,5,2733.8,1.791759469228055,7.913813586039639,455.6333333333334,2,5,United Kingdom,1,3,Regular
15390.0,396,2,1216.66,1.0986122886681098,7.104686263160091,15.80077922077922,77,2,Canada,0,1,Lapsed
15391.0,584,1,289.87,0.6931471805599453,5.672876431960318,24.155833333333334,12,1,United Kingdom,1,1,Lapsed
15392.0,5,7,2911.62,2.079441541679836,7.976808298741926,20.219583333333333,100,7,United Kingdom,1,3,Regular
15393.0,16,5,891.34,1.791759469228055,6.793847225874017,20.257727272727276,37,5,United Kingdom,1,3,Regular
15394.0,10,11,5286.8,2.4849066497880004,8.57315755933367,23.28986784140969,129,10,United Kingdom,1,2,Best Customers
15395.0,326,1,107.45,0.6931471805599453,4.686289237272884,15.35,7,1,United Kingdom,1,1,Lapsed
15396.0,113,2,796.38,1.0986122886681098,6.681331353117785,49.77375,16,2,United Kingdom,1,0,New / Low Engagement
15397.0,290,1,94.0,0.6931471805599453,4.553876891600541,15.666666666666666,6,1,United Kingdom,1,1,Lapsed
15398.0,16,2,1345.53,1.0986122886681098,7.205286191988605,18.43191780821918,60,2,United Kingdom,1,0,New / Low Engagement
15399.0,1,3,815.77,1.3862943611198906,6.705357537478585,16.3154,45,3,United Kingdom,1,0,New / Low Engagement
15400.0,92,8,1302.3,2.19722457733622,7.172654788536674,48.23333333333333,16,8,United Kingdom,1,3,Regular
15401.0,452,2,216.95,1.0986122886681098,5.384265678684401,15.49642857142857,14,2,United Kingdom,1,1,Lapsed
15402.0,149,6,1830.54,1.9459101490553128,7.512912422002219,13.97358778625954,79,6,United Kingdom,1,3,Regular
15403.0,492,2,170.88,1.0986122886681098,5.146796558906795,21.36,6,2,United Kingdom,1,1,Lapsed
15404.0,376,1,257.06,0.6931471805599453,5.5531921160237,16.06625,16,1,United Kingdom,1,1,Lapsed
15405.0,189,2,659.84,1.0986122886681098,6.493511753062391,21.994666666666667,29,2,United Kingdom,1,0,New / Low Engagement
15406.0,31,4,975.87,1.6094379124341005,6.884353582800518,7.998934426229508,108,3,United Kingdom,1,3,Regular
15407.0,34,4,1046.74,1.6094379124341005,6.954390742498122,7.072567567567567,142,4,United Kingdom,1,3,Regular
15408.0,264,1,267.18,0.6931471805599453,5.591658396851496,7.858235294117647,34,1,United Kingdom,1,0,New / Low Engagement
15409.0,721,1,131.25,0.6931471805599453,4.8846940707384086,14.583333333333334,9,1,United Kingdom,1,1,Lapsed
15410.0,84,10,4685.72,2.3978952727983707,8.45248825643265,28.9241975308642,80,10,United Kingdom,1,2,Best Customers
15411.0,26,4,1348.93,1.6094379124341005,7.207808018236269,13.764591836734697,86,4,United Kingdom,1,3,Regular
15412.0,171,1,190.53,0.6931471805599453,5.25504445431457,19.053,10,1,United Kingdom,1,0,New / Low Engagement
15413.0,692,5,6798.72,1.791759469228055,8.824636713845836,271.9488,20,5,United Kingdom,1,1,Lapsed
15414.0,10,3,774.9000000000001,1.3862943611198906,6.654023645899904,19.86923076923077,37,3,United Kingdom,1,0,New / Low Engagement
15415.0,313,1,559.61,0.6931471805599453,6.329025476602274,11.906595744680851,46,1,United Kingdom,1,1,Lapsed
15416.0,65,7,4572.82,2.079441541679836,8.428104020944367,20.05622807017544,189,6,United Kingdom,1,3,Regular
15417.0,85,1,508.8,0.6931471805599453,6.234018491942015,18.17142857142857,28,1,United Kingdom,1,0,New / Low Engagement
15418.0,425,2,449.42,1.0986122886681098,6.110180480812966,6.609117647058824,64,2,United Kingdom,1,1,Lapsed
15419.0,25,1,135.86,0.6931471805599453,4.918958505524352,16.9825,8,1,United Kingdom,1,0,New / Low Engagement
15420.0,434,6,743.0,1.9459101490553128,6.612041034833092,13.267857142857142,52,6,United Kingdom,1,1,Lapsed
15421.0,59,10,3805.34,2.3978952727983707,8.244423376498858,12.04221518987342,170,9,United Kingdom,1,2,Best Customers
15422.0,323,7,1619.97,2.079441541679836,7.390780014470032,13.49975,80,6,United Kingdom,1,3,Regular
15423.0,38,3,266.89,1.3862943611198906,5.590576448492924,19.06357142857143,13,3,United Kingdom,1,0,New / Low Engagement
15424.0,254,3,597.78,1.3862943611198906,6.394894251854076,18.114545454545453,33,2,United Kingdom,1,0,New / Low Engagement
15425.0,400,4,1941.12,1.6094379124341005,7.57153543890927,13.574265734265737,114,4,United Kingdom,1,3,Regular
15426.0,19,9,2156.35,2.302585092994046,7.676635895627521,5.026456876456876,327,7,United Kingdom,1,3,Regular
15427.0,33,3,1430.54,1.3862943611198906,7.266506066865208,4.899109589041096,233,2,United Kingdom,1,3,Regular
15428.0,15,4,762.75,1.6094379124341005,6.638240510485805,17.335227272727273,39,4,United Kingdom,1,3,Regular
15429.0,27,2,397.35,1.0986122886681098,5.987331015826375,4.845731707317073,77,2,United Kingdom,1,0,New / Low Engagement
15430.0,468,2,954.75,1.0986122886681098,6.862496372576522,26.52083333333333,36,2,United Kingdom,1,1,Lapsed
15431.0,503,1,153.24,0.6931471805599453,5.038509830862235,76.62,2,1,United Kingdom,1,1,Lapsed
15432.0,23,2,320.76,1.0986122886681098,5.773805926024342,20.0475,16,2,United Kingdom,1,0,New / Low Engagement
15433.0,214,2,533.3,1.0986122886681098,6.2809574789637255,13.00731707317073,40,2,United Kingdom,1,0,New / Low Engagement
15434.0,8,11,2567.06,2.4849066497880004,7.850906029022887,19.15716417910448,82,10,United Kingdom,1,3,Regular
15435.0,22,1,149.29,0.6931471805599453,5.012566760946003,5.147931034482759,29,1,United Kingdom,1,0,New / Low Engagement
15436.0,12,3,1067.75,1.3862943611198906,6.97424502025097,3.669243986254296,243,3,United Kingdom,1,3,Regular
15437.0,262,2,393.45,1.0986122886681098,5.977492389541099,6.902631578947368,56,2,United Kingdom,1,0,New / Low Engagement
15438.0,131,1,156.57999999999998,0.6931471805599453,5.059933265817542,6.263199999999999,25,1,United Kingdom,1,0,New / Low Engagement
15439.0,405,4,1269.05,1.6094379124341005,7.146811548756396,22.264035087719297,49,3,United Kingdom,1,1,Lapsed
15440.0,55,3,383.68,1.3862943611198906,5.952411819844281,6.188387096774194,50,3,United Kingdom,1,0,New / Low Engagement
15441.0,396,3,1254.21,1.3862943611198906,7.135058168244959,22.00368421052632,45,3,United Kingdom,1,1,Lapsed
15442.0,249,1,594.0,0.6931471805599453,6.38856140554563,297.0,2,1,United Kingdom,1,0,New / Low Engagement
15443.0,2,14,5114.2300000000005,2.70805020110221,8.539977643161697,8.182768000000001,408,14,United Kingdom,1,2,Best Customers
15444.0,9,2,1411.21,1.0986122886681098,7.252911132207154,6.594439252336449,191,2,United Kingdom,1,3,Regular
15445.0,264,2,284.5,1.0986122886681098,5.654242029096065,20.321428571428573,12,2,United Kingdom,1,0,New / Low Engagement
15446.0,377,3,399.75,1.3862943611198906,5.993337791489663,3.5691964285714284,90,3,United Kingdom,1,1,Lapsed
15447.0,331,5,492.88,1.791759469228055,6.202292572699543,16.99586206896552,27,4,United Kingdom,1,1,Lapsed
15448.0,313,2,788.8100000000001,1.0986122886681098,6.6717924102056685,16.098163265306123,49,2,United Kingdom,1,1,Lapsed
15449.0,26,3,974.52,1.3862943611198906,6.882970662159506,16.242,47,3,United Kingdom,1,3,Regular
15450.0,30,1,429.84,0.6931471805599453,6.0657367914825695,14.328,30,1,United Kingdom,1,0,New / Low Engagement
15451.0,434,2,226.86,1.0986122886681098,5.42873140526997,3.781,56,2,United Kingdom,1,1,Lapsed
15452.0,30,6,1785.11,1.9459101490553128,7.487795349685426,8.970402010050252,158,6,United Kingdom,1,3,Regular
15453.0,2,7,1371.77,2.079441541679836,7.224585875348061,4.91673835125448,169,7,United Kingdom,1,3,Regular
15454.0,362,2,305.99,1.0986122886681098,5.726815173766774,7.64975,35,2,United Kingdom,1,1,Lapsed
15455.0,598,1,38.25,0.6931471805599453,3.669951444228417,19.125,2,1,United Kingdom,1,1,Lapsed
15456.0,283,10,2091.52,2.3978952727983707,7.646124360262995,9.21374449339207,128,9,United Kingdom,1,3,Regular
15457.0,262,1,237.07,0.6931471805599453,5.472564748074418,4.087413793103448,56,1,United Kingdom,1,0,New / Low Engagement
15458.0,25,2,370.44,1.0986122886681098,5.917387343711666,28.495384615384616,13,2,United Kingdom,1,0,New / Low Engagement
15459.0,417,2,202.83,1.0986122886681098,5.317286313095639,28.97571428571429,6,2,United Kingdom,1,1,Lapsed
15460.0,354,1,214.26,0.6931471805599453,5.371846599836152,3.826071428571428,53,1,United Kingdom,1,1,Lapsed
15461.0,461,2,429.7,1.0986122886681098,6.065411792060065,214.85,1,2,United Kingdom,1,1,Lapsed
15462.0,94,4,737.05,1.6094379124341005,6.604011572983006,17.976829268292683,32,4,United Kingdom,1,3,Regular
15463.0,29,1,126.14,0.6931471805599453,4.845288841508263,18.02,7,1,United Kingdom,1,0,New / Low Engagement
15464.0,338,1,1044.65,0.6931471805599453,6.952393980600518,6.739677419354839,155,1,United Kingdom,1,1,Lapsed
15465.0,20,32,12100.4,3.49650756146648,9.401076427371155,47.45254901960784,94,32,United Kingdom,1,2,Best Customers
15466.0,85,4,1560.46,1.6094379124341005,7.353376560000536,5.955954198473282,211,4,United Kingdom,1,3,Regular
15467.0,9,3,524.88,1.3862943611198906,6.265073049828404,10.093846153846156,41,3,United Kingdom,1,0,New / Low Engagement
15468.0,51,3,1430.48,1.3862943611198906,7.266464153081855,17.881,80,2,United Kingdom,1,3,Regular
15469.0,50,3,874.25,1.3862943611198906,6.774509559834775,20.33139534883721,38,3,United Kingdom,1,3,Regular
15470.0,576,1,63.42,0.6931471805599453,4.165424143903053,15.855,4,1,United Kingdom,1,1,Lapsed
15471.0,2,3,1292.01,1.3862943611198906,7.164728112694,8.335548387096773,122,3,United Kingdom,1,3,Regular
15472.0,113,1,371.56,0.6931471805599453,5.920398098674122,4.888947368421053,76,1,United Kingdom,1,0,New / Low Engagement
15473.0,14,8,2046.0,2.19722457733622,7.624130585661289,146.14285714285714,5,5,United Kingdom,1,3,Regular
15474.0,596,1,150.35,0.6931471805599453,5.019595035467727,7.913157894736842,19,1,United Kingdom,1,1,Lapsed
15475.0,77,1,454.11,0.6931471805599453,6.120539147973894,15.65896551724138,29,1,United Kingdom,1,0,New / Low Engagement
15476.0,380,4,2209.98,1.6094379124341005,7.701191135135846,27.974430379746835,67,3,United Kingdom,1,3,Regular
15477.0,650,1,368.4,0.6931471805599453,5.911880067765139,184.2,2,1,United Kingdom,1,1,Lapsed
15478.0,40,3,1983.48,1.3862943611198906,7.59311219406702,28.74608695652174,53,3,United Kingdom,1,3,Regular
15479.0,733,1,147.4,0.6931471805599453,4.99991133073328,16.37777777777778,9,1,United Kingdom,1,1,Lapsed
15480.0,116,5,6279.0,1.791759469228055,8.745125259462244,29.204651162790697,199,4,Malta,0,3,Regular
15481.0,401,1,1993.34,0.6931471805599453,7.598068447520948,52.456315789473685,38,1,Norway,0,1,Lapsed
15482.0,16,19,14417.36,2.995732273553991,9.576257673441823,97.4145945945946,74,16,United Kingdom,1,2,Best Customers
15483.0,161,10,817.82,2.3978952727983707,6.707864279478078,3.040223048327137,216,6,United Kingdom,1,3,Regular
15484.0,1,6,4652.1,1.9459101490553128,8.445288943124563,19.383750000000003,180,6,United Kingdom,1,3,Regular
15485.0,30,7,4810.92,2.079441541679836,8.478851451852464,35.11620437956204,80,6,United Kingdom,1,3,Regular
15486.0,527,1,102.0,0.6931471805599453,4.634728988229636,102.0,1,1,United Kingdom,1,1,Lapsed
15487.0,680,1,231.32,0.6931471805599453,5.448115731636431,16.52285714285714,14,1,United Kingdom,1,1,Lapsed
15488.0,93,5,431.92,1.791759469228055,6.070552953426946,39.26545454545455,10,5,United Kingdom,1,0,New / Low Engagement
15489.0,23,8,2419.61,2.19722457733622,7.791774853503108,21.22464912280702,75,8,United Kingdom,1,3,Regular
15490.0,430,1,210.85,0.6931471805599453,5.355878477072568,8.434,22,1,United Kingdom,1,1,Lapsed
15491.0,95,6,3100.09,1.9459101490553128,8.039508941575132,20.130454545454548,108,5,United Kingdom,1,3,Regular
15492.0,28,2,659.46,1.0986122886681098,6.492936561946857,18.84171428571429,32,2,United Kingdom,1,0,New / Low Engagement
15493.0,33,9,4121.68,2.302585092994046,8.324258716306515,6.734771241830066,289,8,United Kingdom,1,3,Regular
15494.0,21,5,3702.6,1.791759469228055,8.217060598573893,10.06141304347826,307,5,United Kingdom,1,3,Regular
15495.0,379,1,246.5,0.6931471805599453,5.511410582008745,12.325,20,1,United Kingdom,1,1,Lapsed
15496.0,631,1,146.14,0.6931471805599453,4.991384514504119,6.642727272727272,22,1,United Kingdom,1,1,Lapsed
15497.0,18,9,8657.39,2.302585092994046,9.066284072032474,71.54867768595041,66,9,United Kingdom,1,2,Best Customers
15498.0,3,44,24972.86,3.80666248977032,10.125584956829314,26.538639744952174,597,31,United Kingdom,1,2,Best Customers
15499.0,724,1,158.65,0.6931471805599453,5.072983919160791,3.8695121951219513,40,1,United Kingdom,1,1,Lapsed
15500.0,8,4,1131.56,1.6094379124341005,7.032235836086242,16.640588235294118,64,4,United Kingdom,1,3,Regular
15501.0,405,2,399.95,1.0986122886681098,5.993836731253038,5.796376811594203,64,2,United Kingdom,1,1,Lapsed
15502.0,16,14,13003.87,2.70805020110221,9.473079181677464,39.40566666666667,231,10,United Kingdom,1,2,Best Customers
15503.0,363,2,257.3,1.0986122886681098,5.554121700101795,2.1991452991452998,112,2,United Kingdom,1,1,Lapsed
15504.0,81,4,402.7,1.6094379124341005,6.000672027858895,6.2921875,42,4,United Kingdom,1,0,New / Low Engagement
15505.0,53,5,3610.96,1.791759469228055,8.192005840278435,37.22639175257732,90,5,United Kingdom,1,3,Regular
15506.0,23,6,2030.33,1.9459101490553128,7.616446029917879,7.437106227106227,180,6,United Kingdom,1,3,Regular
15507.0,172,1,475.86,0.6931471805599453,6.167222946760261,10.574666666666667,41,1,United Kingdom,1,0,New / Low Engagement
15508.0,189,6,1000.27,1.9459101490553128,6.909024473214282,10.8725,78,4,United Kingdom,1,3,Regular
15509.0,380,1,152.41,0.6931471805599453,5.033114075856682,5.861923076923077,26,1,United Kingdom,1,1,Lapsed
15510.0,331,1,250.0,0.6931471805599453,5.525452939131784,250.0,1,1,United Kingdom,1,1,Lapsed
15511.0,12,5,900.53,1.791759469228055,6.804093319959892,5.699556962025317,117,5,United Kingdom,1,3,Regular
15512.0,156,4,331.58,1.6094379124341005,5.806880432659768,10.361875,29,4,United Kingdom,1,0,New / Low Engagement
15513.0,33,35,26437.05,3.58351893845611,10.182559539354743,48.33098720292504,278,27,United Kingdom,1,2,Best Customers
15514.0,12,18,6392.06,2.9444389791664403,8.762968305987819,20.16422712933754,171,15,United Kingdom,1,2,Best Customers
15515.0,387,1,171.81,0.6931471805599453,5.1521927250659,24.544285714285717,7,1,United Kingdom,1,1,Lapsed
15516.0,45,3,62.43,1.3862943611198906,4.149936935645806,4.162,15,2,United Kingdom,1,0,New / Low Engagement
15517.0,233,1,267.03,0.6931471805599453,5.591098914544516,9.89,27,1,United Kingdom,1,0,New / Low Engagement
15518.0,64,15,4189.99,2.772588722239781,8.340692261856846,9.35265625,250,14,United Kingdom,1,2,Best Customers
15519.0,383,2,344.61,1.0986122886681098,5.845310971696471,9.313783783783784,34,2,United Kingdom,1,1,Lapsed
15520.0,2,1,343.5,0.6931471805599453,5.842094090453713,19.08333333333333,18,1,United Kingdom,1,0,New / Low Engagement
15521.0,40,16,7098.24,2.833213344056216,8.867743015046456,17.61349875930521,186,12,United Kingdom,1,2,Best Customers
15522.0,33,2,397.99,1.0986122886681098,5.988936353919148,7.106964285714286,47,2,United Kingdom,1,0,New / Low Engagement
15523.0,84,16,17259.19,2.833213344056216,9.75615797268807,81.41127358490566,65,15,United Kingdom,1,2,Best Customers
15524.0,25,2,591.4,1.0986122886681098,6.384182082393644,65.71111111111111,9,2,United Kingdom,1,0,New / Low Engagement
15525.0,2,4,890.22,1.6094379124341005,6.792591310572915,4.945666666666667,152,4,United Kingdom,1,3,Regular
15526.0,33,2,148.44,1.0986122886681098,5.006894974480533,37.11,4,1,United Kingdom,1,0,New / Low Engagement
15527.0,19,23,5554.89,3.1780538303479458,8.622613905262117,16.884164133738604,226,19,United Kingdom,1,2,Best Customers
15528.0,254,1,229.33,0.6931471805599453,5.439513063214815,8.820384615384615,26,1,United Kingdom,1,0,New / Low Engagement
15529.0,23,12,4783.66,2.5649493574615367,8.473170245981102,6.093834394904459,451,12,United Kingdom,1,2,Best Customers
15530.0,22,5,1808.68,1.791759469228055,7.50090531304958,12.737183098591547,111,5,United Kingdom,1,3,Regular
15531.0,8,2,1972.39,1.0986122886681098,7.587508155013856,9.00634703196347,196,2,United Kingdom,1,3,Regular
15532.0,25,10,3738.85,2.3978952727983707,8.2268007826524,6.059724473257698,417,10,United Kingdom,1,2,Best Customers
15533.0,19,3,807.57,1.3862943611198906,6.695267255355902,9.729759036144578,73,3,United Kingdom,1,0,New / Low Engagement
15534.0,726,1,162.25,0.6931471805599453,5.09528276815654,20.28125,8,1,United Kingdom,1,1,Lapsed
15535.0,173,6,1044.37,1.9459101490553128,6.9521261687176334,8.033615384615384,88,5,United Kingdom,1,3,Regular
15536.0,409,1,259.09,0.6931471805599453,5.561027724964261,16.193125,16,1,United Kingdom,1,1,Lapsed
15537.0,163,1,110.92,0.6931471805599453,4.717784330357226,4.621666666666667,24,1,United Kingdom,1,0,New / Low Engagement
15538.0,538,6,3358.4,1.9459101490553128,8.119517665582903,239.8857142857143,3,6,United Kingdom,1,1,Lapsed
15539.0,7,1,538.46,0.6931471805599453,6.290568639224737,13.13317073170732,41,1,United Kingdom,1,0,New / Low Engagement
15540.0,11,2,460.68,1.0986122886681098,6.134872010402711,14.860645161290323,31,2,United Kingdom,1,0,New / Low Engagement
15541.0,114,1,85.13000000000001,0.6931471805599453,4.455857782801083,2.9355172413793107,29,1,United Kingdom,1,0,New / Low Engagement
15542.0,512,3,855.71,1.3862943611198906,6.753099471599433,3.786327433628319,212,2,United Kingdom,1,1,Lapsed
15543.0,288,2,242.26,1.0986122886681098,5.49413083019029,4.326071428571429,50,2,United Kingdom,1,0,New / Low Engagement
15544.0,9,20,7807.89,3.044522437723423,8.963018107252795,14.704124293785313,175,20,United Kingdom,1,2,Best Customers
15545.0,54,2,288.97,1.0986122886681098,5.669777469353516,3.612125,78,2,United Kingdom,1,0,New / Low Engagement
15546.0,607,2,1079.1,1.0986122886681098,6.984808908424428,89.92500000000001,6,1,United Kingdom,1,1,Lapsed
15547.0,7,26,10057.05,3.295836866004329,9.216128587886784,7.550337837837837,652,23,United Kingdom,1,2,Best Customers
15548.0,596,1,158.09,0.6931471805599453,5.069470079817148,6.8734782608695655,23,1,United Kingdom,1,1,Lapsed
15549.0,77,8,2334.16,2.19722457733622,7.75583569023938,14.497888198757764,139,8,United Kingdom,1,3,Regular
15550.0,4,12,2211.05,2.5649493574615367,7.70167496636506,9.40872340425532,166,10,United Kingdom,1,3,Regular
15551.0,37,7,1679.81,2.079441541679836,7.427031099060926,11.746923076923077,117,5,United Kingdom,1,3,Regular
15552.0,217,2,252.52,1.0986122886681098,5.535442715382666,8.417333333333334,29,2,United Kingdom,1,0,New / Low Engagement
15553.0,60,1,428.93,0.6931471805599453,6.06362240473809,7.798727272727273,51,1,United Kingdom,1,0,New / Low Engagement
15554.0,278,1,217.2,0.6931471805599453,5.38541207339897,15.514285714285714,14,1,United Kingdom,1,0,New / Low Engagement
15555.0,12,36,11243.91,3.610917912644224,9.32767086080425,7.067196731615336,667,32,United Kingdom,1,2,Best Customers
15556.0,24,1,279.77,0.6931471805599453,5.637535828837275,9.024838709677418,31,1,United Kingdom,1,0,New / Low Engagement
15557.0,29,1,468.91,0.6931471805599453,6.152541187005974,24.679473684210528,16,1,United Kingdom,1,0,New / Low Engagement
15558.0,639,1,202.68,0.6931471805599453,5.316550134809097,8.812173913043479,23,1,United Kingdom,1,1,Lapsed
15559.0,568,1,1109.4,0.6931471805599453,7.01247558975254,17.893548387096775,62,1,United Kingdom,1,1,Lapsed
15560.0,398,2,153.52,1.0986122886681098,5.040323537798081,15.352,10,1,United Kingdom,1,1,Lapsed
15561.0,12,8,1934.39,2.19722457733622,7.568064135542929,21.025978260869564,65,7,United Kingdom,1,3,Regular
15562.0,352,3,671.4300000000001,1.3862943611198906,6.510898016839005,20.34636363636364,32,3,United Kingdom,1,1,Lapsed
15563.0,22,7,2859.46,2.079441541679836,7.958737730041506,11.126303501945523,179,6,United Kingdom,1,3,Regular
15564.0,463,2,70.74000000000001,1.0986122886681098,4.273048472104136,17.685000000000002,4,2,United Kingdom,1,1,Lapsed
15565.0,50,2,173.16000000000005,1.0986122886681098,5.159974416926292,21.645000000000003,8,2,United Kingdom,1,0,New / Low Engagement
15566.0,393,2,227.87,1.0986122886681098,5.433154156770248,18.989166666666662,9,2,United Kingdom,1,1,Lapsed
15567.0,19,1,186.01,0.6931471805599453,5.231162091360629,26.572857142857146,7,1,United Kingdom,1,0,New / Low Engagement
15568.0,3,3,758.29,1.3862943611198906,6.63238378610744,14.307358490566036,27,3,United Kingdom,1,0,New / Low Engagement
15569.0,104,10,3583.45,2.3978952727983707,8.184360324248784,25.596071428571427,123,9,United Kingdom,1,3,Regular
15570.0,7,25,8736.49,3.258096538021482,9.07537824204928,11.967794520547946,442,23,United Kingdom,1,2,Best Customers
15571.0,12,14,3892.35,2.70805020110221,8.267025248526863,6.48725,442,13,United Kingdom,1,2,Best Customers
15572.0,5,10,3965.2,2.3978952727983707,8.28556373645173,11.560349854227404,259,8,United Kingdom,1,2,Best Customers
15573.0,32,5,1188.42,1.791759469228055,7.081221072332061,5.632322274881517,181,5,United Kingdom,1,3,Regular
15574.0,178,6,1101.44,1.9459101490553128,7.005281184071375,4.788869565217391,191,5,United Kingdom,1,3,Regular
15575.0,620,1,30.1,0.6931471805599453,3.4372078191851885,10.033333333333331,3,1,United Kingdom,1,1,Lapsed
15576.0,38,1,921.37,0.6931471805599453,6.826946444575113,21.427209302325583,43,1,United Kingdom,1,0,New / Low Engagement
15577.0,151,5,396.03,1.791759469228055,5.984011844582797,6.712372881355932,58,4,United Kingdom,1,0,New / Low Engagement
15578.0,162,1,127.1,0.6931471805599453,4.852811208902689,9.776923076923076,13,1,United Kingdom,1,0,New / Low Engagement
15579.0,69,5,1250.63,1.791759469228055,7.132201980826739,7.767888198757765,140,5,United Kingdom,1,3,Regular
15580.0,377,8,1375.39,2.19722457733622,7.227219408567087,6.112844444444445,150,8,United Kingdom,1,3,Regular
15581.0,121,38,7480.4,3.6635616461296463,8.920175219230595,10.93625730994152,542,30,United Kingdom,1,2,Best Customers
15582.0,25,3,682.9100000000001,1.3862943611198906,6.527826330017913,15.52068181818182,39,3,United Kingdom,1,0,New / Low Engagement
15583.0,376,1,95.96,0.6931471805599453,4.574298522321004,2.4605128205128204,37,1,United Kingdom,1,1,Lapsed
15584.0,24,6,1268.2,1.9459101490553128,7.146142059709041,5.764545454545455,174,6,United Kingdom,1,3,Regular
15585.0,177,1,455.3,0.6931471805599453,6.123150487933357,14.687096774193549,31,1,United Kingdom,1,0,New / Low Engagement
15586.0,593,3,1139.1,1.3862943611198906,7.038871256839674,29.976315789473688,30,3,United Kingdom,1,1,Lapsed
15587.0,50,7,1522.08,2.079441541679836,7.328489879421069,108.72,3,7,United Kingdom,1,3,Regular
15588.0,678,1,579.6,0.6931471805599453,6.36406205159053,144.9,4,1,United Kingdom,1,1,Lapsed
15589.0,256,3,478.53,1.3862943611198906,6.172806457538428,16.50103448275862,28,2,United Kingdom,1,0,New / Low Engagement
15590.0,382,5,1496.6,1.791759469228055,7.311619105723327,17.20229885057471,75,4,United Kingdom,1,3,Regular
15591.0,583,3,217.9,1.3862943611198906,5.388615004528817,31.12857142857143,6,3,United Kingdom,1,1,Lapsed
15592.0,47,1,388.58,0.6931471805599453,5.965069235748451,16.190833333333334,24,1,United Kingdom,1,0,New / Low Engagement
15593.0,71,1,199.8,0.6931471805599453,5.302309387817574,39.96,5,1,United Kingdom,1,0,New / Low Engagement
15594.0,16,5,1771.78,1.791759469228055,7.48030421490088,17.201747572815535,85,5,United Kingdom,1,3,Regular
15595.0,488,1,357.6,0.6931471805599453,5.8822075611710325,89.39999999999999,4,1,United Kingdom,1,1,Lapsed
15596.0,101,9,2727.72,2.302585092994046,7.911587913758826,17.598193548387094,82,9,United Kingdom,1,3,Regular
15597.0,35,2,563.37,1.0986122886681098,6.335710064774309,15.226216216216216,35,2,United Kingdom,1,0,New / Low Engagement
15598.0,53,2,548.02,1.0986122886681098,6.308134870718474,15.222777777777775,32,2,United Kingdom,1,0,New / Low Engagement
15599.0,27,3,1250.06,1.3862943611198906,7.131746470947484,15.060963855421686,77,3,United Kingdom,1,3,Regular
15600.0,428,4,1199.31,1.6094379124341005,7.090335135747115,16.89169014084507,55,4,United Kingdom,1,1,Lapsed
15601.0,11,30,14191.74,3.4339872044851463,9.560485845241873,17.222985436893204,310,27,United Kingdom,1,2,Best Customers
15602.0,8,16,3137.96,2.833213344056216,8.051646813849006,25.10368,62,16,United Kingdom,1,2,Best Customers
15603.0,79,2,88.48,1.0986122886681098,4.494015136621929,22.12,4,2,United Kingdom,1,0,New / Low Engagement
15604.0,52,1,216.39,0.6931471805599453,5.381692975469088,12.728823529411766,17,1,United Kingdom,1,0,New / Low Engagement
15605.0,36,9,1741.95,2.302585092994046,7.463334358935301,17.595454545454547,80,9,United Kingdom,1,3,Regular
15606.0,61,17,5230.99,2.8903717578961645,8.562546981820223,36.07579310344828,84,17,United Kingdom,1,2,Best Customers
15607.0,337,9,1708.97,2.302585092994046,7.444231105483161,15.67862385321101,95,9,United Kingdom,1,3,Regular
15608.0,28,5,1785.98,1.791759469228055,7.488282323154996,17.009333333333334,93,4,United Kingdom,1,3,Regular
15609.0,184,1,298.48,0.6931471805599453,5.702047637362485,18.655,16,1,United Kingdom,1,0,New / Low Engagement
15610.0,52,1,112.46,0.6931471805599453,4.731450351898421,18.743333333333336,6,1,United Kingdom,1,0,New / Low Engagement
15611.0,10,26,2997.28,3.295836866004329,8.00579406989851,31.88595744680851,43,24,United Kingdom,1,2,Best Customers
15612.0,36,2,195.15,1.0986122886681098,5.278879672655561,32.525,4,2,United Kingdom,1,0,New / Low Engagement
15613.0,610,1,433.72,0.6931471805599453,6.074702145678038,16.063703703703702,27,1,United Kingdom,1,1,Lapsed
15614.0,438,4,3147.36,1.6094379124341005,8.054636961321624,38.8562962962963,73,3,United Kingdom,1,3,Regular
15615.0,10,47,21373.97,3.871201010907891,9.969975890295204,23.72249722530522,292,38,United Kingdom,1,2,Best Customers
15616.0,438,1,317.11,0.6931471805599453,5.762397234916117,24.39307692307693,13,1,United Kingdom,1,1,Lapsed
15617.0,396,3,828.5500000000001,1.3862943611198906,6.720883385089365,19.727380952380955,41,3,United Kingdom,1,1,Lapsed
15618.0,33,4,776.851,1.6094379124341005,6.656534989127213,17.263355555555556,39,3,United Kingdom,1,3,Regular
15619.0,11,1,336.4,0.6931471805599453,5.821269170111868,112.13333333333333,3,1,United Kingdom,1,0,New / Low Engagement
15620.0,57,4,1942.36,1.6094379124341005,7.57217371270921,15.05705426356589,114,4,United Kingdom,1,3,Regular
15621.0,4,4,1293.03,1.6094379124341005,7.165516658717914,80.814375,11,3,United Kingdom,1,3,Regular
15622.0,43,17,7852.610000000001,2.8903717578961645,8.968728577678917,18.43335680751174,331,10,United Kingdom,1,2,Best Customers
15623.0,141,8,2437.05,2.19722457733622,7.798953818444536,22.56527777777778,91,8,United Kingdom,1,3,Regular
15624.0,117,4,588.13,1.6094379124341005,6.3786468723710446,17.297941176470587,26,4,United Kingdom,1,0,New / Low Engagement
15625.0,104,9,3236.4,2.302585092994046,8.08252581749986,18.926315789473684,106,9,United Kingdom,1,3,Regular
15626.0,75,3,1067.52,1.3862943611198906,6.974029792412757,13.344,73,3,United Kingdom,1,3,Regular
15627.0,457,2,566.9,1.0986122886681098,6.341945346883387,23.620833333333334,23,2,United Kingdom,1,1,Lapsed
15628.0,5,17,5333.08,2.8903717578961645,8.581871702754723,17.83638795986622,136,17,United Kingdom,1,2,Best Customers
15629.0,450,4,2240.9,1.6094379124341005,7.715078999604354,29.102597402597404,39,3,United Kingdom,1,1,Lapsed
15630.0,45,3,1481.4,1.3862943611198906,7.30141767497115,18.5175,76,3,United Kingdom,1,3,Regular
15631.0,642,1,596.67,0.6931471805599453,6.393038762166311,15.299230769230768,39,1,United Kingdom,1,1,Lapsed
15632.0,16,8,3285.31,2.19722457733622,8.097520633770152,19.67251497005988,107,8,United Kingdom,1,3,Regular
15633.0,509,13,4335.96,2.6390573296152584,8.374928920827651,24.636136363636364,77,13,United Kingdom,1,3,Regular
15634.0,17,2,554.65,1.0986122886681098,6.320138599631656,16.313235294117646,34,2,United Kingdom,1,0,New / Low Engagement
15635.0,396,1,100.35,0.6931471805599453,4.618579872898009,50.175,2,1,United Kingdom,1,1,Lapsed
15636.0,90,4,1444.58,1.6094379124341005,7.276265904096536,25.343508771929823,39,4,United Kingdom,1,3,Regular
15637.0,53,5,797.59,1.791759469228055,6.682847672637373,19.45341463414634,37,5,United Kingdom,1,3,Regular
15638.0,379,6,2265.2,1.9459101490553128,7.725859698946466,90.608,20,5,United Kingdom,1,3,Regular
15639.0,134,3,1065.08,1.3862943611198906,6.971743648814227,15.435942028985506,61,3,United Kingdom,1,3,Regular
15640.0,4,29,23494.31,3.4011973816621555,10.064556105746531,31.409505347593583,303,25,United Kingdom,1,2,Best Customers
15641.0,105,12,5345.55,2.5649493574615367,8.584206772065448,17.188263665594857,249,12,United Kingdom,1,2,Best Customers
15642.0,730,1,105.78,0.6931471805599453,4.67077064307204,17.63,6,1,United Kingdom,1,1,Lapsed
15643.0,192,3,664.0,1.3862943611198906,6.499787040655854,20.12121212121212,31,2,United Kingdom,1,0,New / Low Engagement
15644.0,166,4,803.54,1.6094379124341005,6.6902706855196055,3.4635344827586207,166,3,United Kingdom,1,3,Regular
15645.0,19,3,1055.17,1.3862943611198906,6.962404436158021,15.517205882352942,59,3,United Kingdom,1,3,Regular
15646.0,158,5,784.8100000000001,1.791759469228055,6.666715032927835,11.541323529411766,65,5,United Kingdom,1,3,Regular
15647.0,415,1,169.0,0.6931471805599453,5.135798437050262,15.363636363636363,11,1,United Kingdom,1,1,Lapsed
15648.0,204,2,639.5,1.0986122886681098,6.4622491213367885,26.64583333333333,23,2,United Kingdom,1,0,New / Low Engagement
15649.0,336,4,1660.35,1.6094379124341005,7.415385803851587,150.9409090909091,8,4,United Kingdom,1,3,Regular
15650.0,522,2,553.88,1.0986122886681098,6.318751874152122,15.385555555555555,33,2,United Kingdom,1,1,Lapsed
15651.0,37,5,1259.06,1.791759469228055,7.138914617859392,20.98433333333333,52,4,United Kingdom,1,3,Regular
15652.0,91,5,1405.94,1.791759469228055,7.249172412281871,13.78372549019608,93,5,United Kingdom,1,3,Regular
15653.0,93,2,877.44,1.0986122886681098,6.7781476070590925,146.24,4,2,United Kingdom,1,0,New / Low Engagement
15654.0,9,2,922.53,1.0986122886681098,6.828203284222655,43.93,15,2,United Kingdom,1,0,New / Low Engagement
15655.0,243,1,560.6700000000001,0.6931471805599453,6.330914488818843,16.49029411764706,34,1,United Kingdom,1,0,New / Low Engagement
15656.0,45,4,748.5,1.6094379124341005,6.619406317542652,15.925531914893616,46,4,United Kingdom,1,3,Regular
15657.0,23,1,30.0,0.6931471805599453,3.4339872044851463,30.0,1,1,United Kingdom,1,0,New / Low Engagement
15658.0,190,8,2117.27,2.19722457733622,7.658354996790167,20.757549019607843,79,8,United Kingdom,1,3,Regular
15659.0,44,3,532.49,1.3862943611198906,6.279440326423679,25.356666666666666,14,3,United Kingdom,1,0,New / Low Engagement
15660.0,25,15,2603.69,2.772588722239781,7.865068945186791,17.24298013245033,73,12,United Kingdom,1,2,Best Customers
15661.0,317,8,1215.95,2.19722457733622,7.104103007509184,27.635227272727278,27,8,United Kingdom,1,3,Regular
15662.0,661,2,283.73,1.0986122886681098,5.6515413628105104,23.644166666666667,12,2,United Kingdom,1,1,Lapsed
15663.0,106,1,138.14,0.6931471805599453,4.935480620495495,15.348888888888888,9,1,United Kingdom,1,0,New / Low Engagement
15664.0,51,4,1254.03,1.6094379124341005,7.134914755662649,17.914714285714286,54,4,United Kingdom,1,3,Regular
15665.0,168,5,3987.07,1.791759469228055,8.291062683585658,13.940804195804196,163,5,United Kingdom,1,3,Regular
15666.0,472,2,632.94,1.0986122886681098,6.451954312734866,9.446865671641792,62,2,United Kingdom,1,1,Lapsed
15667.0,40,1,301.32000000000005,0.6931471805599453,5.711486059041234,23.17846153846154,13,1,United Kingdom,1,0,New / Low Engagement
15668.0,218,1,76.32000000000001,0.6931471805599453,4.34795265434013,76.32000000000001,1,1,United Kingdom,1,0,New / Low Engagement
15669.0,40,4,684.34,1.6094379124341005,6.529915065486092,20.73757575757576,31,4,United Kingdom,1,3,Regular
15670.0,297,2,325.2,1.0986122886681098,5.787510690186913,17.11578947368421,19,2,United Kingdom,1,0,New / Low Engagement
15671.0,19,7,2657.13,2.079441541679836,7.885378147031288,34.065769230769234,52,7,United Kingdom,1,3,Regular
15672.0,725,1,45.3,0.6931471805599453,3.8351419610921886,15.1,3,1,United Kingdom,1,1,Lapsed
15673.0,88,9,6204.32,2.302585092994046,8.73316226762241,23.15044776119403,177,9,United Kingdom,1,2,Best Customers
15674.0,73,13,6948.2300000000005,2.6390573296152584,8.846386141054115,19.795527065527068,262,13,United Kingdom,1,2,Best Customers
15675.0,81,4,542.04,1.6094379124341005,6.297182982045862,15.486857142857142,32,4,United Kingdom,1,0,New / Low Engagement
15676.0,19,3,3435.76,1.3862943611198906,8.142284446073054,17.00871287128713,191,3,United Kingdom,1,3,Regular
15677.0,49,3,1305.63,1.3862943611198906,7.175206582498185,18.13375,63,3,United Kingdom,1,3,Regular
15678.0,53,3,1825.94,1.3862943611198906,7.510397715116243,19.84717391304348,77,3,United Kingdom,1,3,Regular
15679.0,24,4,781.28,1.6094379124341005,6.6622127327244485,7.102545454545455,98,4,United Kingdom,1,3,Regular
15680.0,9,10,4028.69,2.3978952727983707,8.301444728905073,17.07072033898305,155,10,United Kingdom,1,2,Best Customers
15681.0,25,14,2989.7000000000003,2.70805020110221,8.003262752696768,33.97386363636364,48,10,United Kingdom,1,2,Best Customers
15682.0,599,2,318.24,1.0986122886681098,5.765943171007808,12.7296,25,2,United Kingdom,1,1,Lapsed
15683.0,117,2,524.54,1.0986122886681098,6.2644263054030525,20.174615384615382,25,2,United Kingdom,1,0,New / Low Engagement
15684.0,547,3,173.95,1.3862943611198906,5.164500218813697,15.813636363636364,9,3,United Kingdom,1,1,Lapsed
15685.0,450,1,55.98,0.6931471805599453,4.0427003290697625,3.2929411764705883,17,1,United Kingdom,1,1,Lapsed
15686.0,420,1,90.0,0.6931471805599453,4.51085950651685,90.0,1,1,United Kingdom,1,1,Lapsed
15687.0,9,9,2993.1,2.302585092994046,8.004398964555403,18.030722891566263,119,8,United Kingdom,1,3,Regular
15688.0,419,1,190.57,0.6931471805599453,5.25525327707701,7.058148148148148,26,1,United Kingdom,1,1,Lapsed
15689.0,120,3,521.03,1.3862943611198906,6.2577250574955965,21.70958333333333,20,3,United Kingdom,1,0,New / Low Engagement
15690.0,4,2,239.76,1.0986122886681098,5.48380058667957,12.618947368421052,19,2,United Kingdom,1,0,New / Low Engagement
15691.0,252,4,571.3,1.6094379124341005,6.349663329415057,40.80714285714286,12,4,United Kingdom,1,0,New / Low Engagement
15692.0,28,1,191.04,0.6931471805599453,5.25770368366274,15.92,12,1,United Kingdom,1,0,New / Low Engagement
15693.0,659,1,37.5,0.6931471805599453,3.6506582412937383,37.5,1,1,United Kingdom,1,1,Lapsed
15694.0,1,24,9978.48,3.218875824868201,9.20828626373962,69.77958041958041,55,24,United Kingdom,1,2,Best Customers
15695.0,267,4,1131.04,1.6094379124341005,7.031776593827884,19.170169491525424,55,3,United Kingdom,1,3,Regular
15696.0,33,13,3881.22,2.6390573296152584,8.264162433941818,17.562081447963802,163,13,United Kingdom,1,2,Best Customers
15697.0,690,1,246.75,0.6931471805599453,5.5124201732100975,17.625,14,1,United Kingdom,1,1,Lapsed
15698.0,624,1,46.2,0.6931471805599453,3.8543938925915096,23.1,2,1,United Kingdom,1,1,Lapsed
15699.0,18,1,309.65,0.6931471805599453,5.738666876509702,17.202777777777776,18,1,United Kingdom,1,0,New / Low Engagement
15700.0,172,2,696.68,1.0986122886681098,6.54776054491873,8.10093023255814,85,2,United Kingdom,1,0,New / Low Engagement
15701.0,2,4,1529.0,1.6094379124341005,7.333023014386481,6.647826086956521,193,4,United Kingdom,1,3,Regular
15702.0,476,2,140.39,1.0986122886681098,4.951522029603749,4.679666666666666,30,2,Nigeria,0,1,Lapsed
15703.0,265,1,211.5,0.6931471805599453,5.358941988364472,42.3,5,1,United Kingdom,1,0,New / Low Engagement
15704.0,140,6,3734.66,1.9459101490553128,8.225679788783415,18.3071568627451,129,5,United Kingdom,1,3,Regular
15705.0,201,1,143.1,0.6931471805599453,4.970507503005476,23.85,6,1,United Kingdom,1,0,New / Low Engagement
15706.0,64,4,1060.56,1.6094379124341005,6.967494803332995,19.28290909090909,50,4,United Kingdom,1,3,Regular
15707.0,35,4,916.98,1.6094379124341005,6.822175603890787,4.473073170731707,126,4,United Kingdom,1,3,Regular
15708.0,41,9,3887.15,2.302585092994046,8.265688745083045,11.534569732937683,135,9,United Kingdom,1,3,Regular
15709.0,284,2,327.85,1.0986122886681098,5.79560171974736,12.142592592592594,26,2,United Kingdom,1,0,New / Low Engagement
15710.0,417,1,898.87,0.6931471805599453,6.802250308446763,8.171545454545454,110,1,United Kingdom,1,1,Lapsed
15711.0,557,2,420.25,1.0986122886681098,6.043226481666571,16.81,25,2,United Kingdom,1,1,Lapsed
15712.0,9,12,3472.41,2.5649493574615367,8.152892099332306,20.91813253012048,86,12,United Kingdom,1,2,Best Customers
15713.0,143,4,839.64,1.6094379124341005,6.734163506497175,16.146923076923077,48,4,United Kingdom,1,3,Regular
15714.0,12,5,783.96,1.791759469228055,6.665632761070125,16.3325,45,5,United Kingdom,1,3,Regular
15715.0,556,5,658.02,1.791759469228055,6.490753883055643,17.316315789473684,33,3,United Kingdom,1,1,Lapsed
15716.0,146,11,2485.26,2.4849066497880004,7.818534852281762,8.68972027972028,188,11,United Kingdom,1,3,Regular
15717.0,234,5,607.0,1.791759469228055,6.410174881966167,25.291666666666668,17,5,United Kingdom,1,3,Regular
15718.0,540,1,293.79,0.6931471805599453,5.686263238437263,16.32166666666667,18,1,United Kingdom,1,1,Lapsed
15719.0,33,31,10195.97,3.4657359027997265,9.22984589631812,5.760435028248587,449,31,United Kingdom,1,2,Best Customers
15720.0,24,2,739.22,1.0986122886681098,6.606947439311428,4.831503267973856,152,2,United Kingdom,1,0,New / Low Engagement
15721.0,12,1,471.4,0.6931471805599453,6.157826084323207,5.611904761904762,80,1,United Kingdom,1,0,New / Low Engagement
15722.0,36,11,5234.0,2.4849066497880004,8.563122123304638,29.40449438202247,91,9,United Kingdom,1,2,Best Customers
15723.0,365,4,930.7,1.6094379124341005,6.83701087445638,7.566666666666667,108,4,United Kingdom,1,1,Lapsed
15724.0,201,3,310.85,1.3862943611198906,5.742522302972132,18.28529411764706,17,3,United Kingdom,1,0,New / Low Engagement
15725.0,15,1,415.25,0.6931471805599453,6.031286041294654,12.9765625,32,1,United Kingdom,1,0,New / Low Engagement
15726.0,390,1,321.91,0.6931471805599453,5.777373646625042,13.99608695652174,23,1,United Kingdom,1,1,Lapsed
15727.0,17,15,9371.71,2.772588722239781,9.145557554333983,13.681328467153284,426,14,United Kingdom,1,2,Best Customers
15728.0,380,2,544.6,1.0986122886681098,6.301886106529253,45.38333333333333,10,2,United Kingdom,1,1,Lapsed
15729.0,213,3,192.55,1.3862943611198906,5.265535877023657,17.504545454545454,10,3,United Kingdom,1,0,New / Low Engagement
15730.0,66,5,1726.58,1.791759469228055,7.454476864265657,15.554774774774774,102,5,United Kingdom,1,3,Regular
15731.0,554,1,125.3,0.6931471805599453,4.838660029356445,15.6625,8,1,United Kingdom,1,1,Lapsed
15732.0,212,10,1543.97,2.3978952727983707,7.342759771667596,15.595656565656563,53,9,United Kingdom,1,3,Regular
15733.0,283,1,162.3,0.6931471805599453,5.095588999976419,16.23,10,1,United Kingdom,1,0,New / Low Engagement
15734.0,115,4,2263.3,1.6094379124341005,7.725020939378476,52.63488372093024,36,4,United Kingdom,1,3,Regular
15735.0,421,1,327.68,0.6931471805599453,5.795084633062987,17.246315789473684,19,1,United Kingdom,1,1,Lapsed
15736.0,435,2,1767.12,1.0986122886681098,7.477672114197468,17.671200000000002,95,1,United Kingdom,1,1,Lapsed
15737.0,15,8,1188.12,2.19722457733622,7.080968816745364,16.734084507042255,60,7,United Kingdom,1,3,Regular
15738.0,19,41,13043.32,3.737669618283368,9.476108068960336,27.06082987551867,70,37,United Kingdom,1,2,Best Customers
15739.0,66,1,449.12,0.6931471805599453,6.109514213881797,56.14,8,1,United Kingdom,1,0,New / Low Engagement
15740.0,49,1,154.88,0.6931471805599453,5.049086480470509,17.20888888888889,9,1,United Kingdom,1,0,New / Low Engagement
15741.0,458,2,208.62,1.0986122886681098,5.345296367742031,17.385,11,2,United Kingdom,1,1,Lapsed
15742.0,619,1,156.87,0.6931471805599453,5.061771909543635,3.82609756097561,41,1,United Kingdom,1,1,Lapsed
15743.0,16,4,775.96,1.6094379124341005,6.655388868991024,9.022790697674418,59,4,United Kingdom,1,3,Regular
15744.0,78,1,34.8,0.6931471805599453,3.5779478934066544,11.6,3,1,United Kingdom,1,0,New / Low Engagement
15745.0,19,4,1094.59,1.6094379124341005,6.999048309928502,17.65467741935484,57,4,United Kingdom,1,3,Regular
15746.0,134,1,196.88,0.6931471805599453,5.287660786359508,7.031428571428571,28,1,United Kingdom,1,0,New / Low Engagement
15747.0,13,9,2499.81,2.302585092994046,7.824369958379627,11.573194444444445,116,9,United Kingdom,1,3,Regular
15748.0,40,3,609.81,1.3862943611198906,6.414785945181643,16.939166666666665,34,2,United Kingdom,1,0,New / Low Engagement
15749.0,235,3,44534.3,1.3862943611198906,10.70403741211812,4453.43,5,2,United Kingdom,1,3,Regular
15750.0,3,18,6452.991,2.9444389791664403,8.772453978126894,10.275463375796178,389,17,United Kingdom,1,2,Best Customers
15751.0,461,11,1380.44,2.4849066497880004,7.230881712367113,10.618769230769232,90,7,United Kingdom,1,3,Regular
15752.0,40,9,3924.91,2.302585092994046,8.275353450477873,6.697798634812287,359,9,United Kingdom,1,3,Regular
15753.0,305,1,79.2,0.6931471805599453,4.384523514872469,79.2,1,1,United Kingdom,1,1,Lapsed
15754.0,51,9,3037.61,2.302585092994046,8.019155452993521,23.187862595419848,114,9,United Kingdom,1,3,Regular
15755.0,10,17,5993.12,2.8903717578961645,8.69853426769623,16.153962264150945,281,17,United Kingdom,1,2,Best Customers
15756.0,61,4,528.01,1.6094379124341005,6.271007335271311,2.764450261780105,160,4,United Kingdom,1,0,New / Low Engagement
15757.0,66,6,2940.36,1.9459101490553128,7.986627338407268,15.235025906735752,162,6,United Kingdom,1,3,Regular
15758.0,25,1,205.25,0.6931471805599453,5.32908902521479,22.80555555555556,9,1,United Kingdom,1,0,New / Low Engagement
15759.0,218,7,830.9300000000001,2.079441541679836,6.7237483026663085,48.87823529411765,10,7,United Kingdom,1,3,Regular
15760.0,631,2,13916.34,1.0986122886681098,9.540890823673994,6958.17,1,1,Norway,0,1,Lapsed
15761.0,443,1,143.05,0.6931471805599453,4.970160461530537,28.610000000000003,5,1,United Kingdom,1,1,Lapsed
15762.0,65,2,583.75,1.0986122886681098,6.371184405464288,15.777027027027026,37,2,United Kingdom,1,0,New / Low Engagement
15763.0,32,2,1086.92,1.0986122886681098,6.992022895300703,17.818360655737706,58,2,United Kingdom,1,0,New / Low Engagement
15764.0,88,8,4503.08,2.19722457733622,8.412738931651127,18.08465863453815,187,6,United Kingdom,1,3,Regular
15765.0,667,1,370.63,0.6931471805599453,5.917898735650893,14.8252,25,1,United Kingdom,1,1,Lapsed
15766.0,64,3,831.0600000000001,1.3862943611198906,6.723904553605634,31.96384615384616,21,3,United Kingdom,1,0,New / Low Engagement
15768.0,116,34,15308.89,3.555348061489413,9.636254303779412,12.672922185430464,437,33,United Kingdom,1,2,Best Customers
15769.0,7,46,88612.52,3.8501476017100575,11.392039720888391,397.3655605381166,26,40,United Kingdom,1,2,Best Customers
15770.0,613,1,321.45,0.6931471805599453,5.7759480854563865,17.858333333333334,18,1,United Kingdom,1,1,Lapsed
15771.0,604,3,1006.54,1.3862943611198906,6.915266995265976,35.94785714285714,26,3,United Kingdom,1,1,Lapsed
15772.0,418,1,280.88,0.6931471805599453,5.641481448458822,17.555,16,1,United Kingdom,1,1,Lapsed
15773.0,6,2,774.52,1.0986122886681098,6.653533772097066,16.479148936170212,46,2,United Kingdom,1,0,New / Low Engagement
15774.0,69,6,1288.34,1.9459101490553128,7.161885738522525,11.712181818181817,88,6,United Kingdom,1,3,Regular
15775.0,245,2,150.5,1.0986122886681098,5.020585624949423,16.72222222222222,9,2,United Kingdom,1,0,New / Low Engagement
15776.0,133,1,241.62,0.6931471805599453,5.491496433342773,13.423333333333334,18,1,United Kingdom,1,0,New / Low Engagement
15777.0,241,7,1762.61,2.079441541679836,7.475118123687712,45.195128205128206,29,6,United Kingdom,1,3,Regular
15778.0,431,1,307.95000000000005,0.6931471805599453,5.733179451506989,18.114705882352943,17,1,United Kingdom,1,1,Lapsed
15779.0,463,2,124.08,1.0986122886681098,4.82895353258964,15.510000000000002,8,2,United Kingdom,1,1,Lapsed
15780.0,184,3,475.28,1.3862943611198906,6.166005916582974,16.38896551724138,26,3,United Kingdom,1,0,New / Low Engagement
15781.0,25,3,345.46000000000004,1.3862943611198906,5.847767371850795,17.273000000000003,20,3,United Kingdom,1,0,New / Low Engagement
15782.0,10,4,4014.1,1.6094379124341005,8.297817532670948,65.80491803278689,51,4,United Kingdom,1,3,Regular
15783.0,11,1,246.3,0.6931471805599453,5.510602174527371,17.592857142857145,14,1,United Kingdom,1,0,New / Low Engagement
15784.0,468,2,848.33,1.0986122886681098,6.744447803369461,19.72860465116279,33,2,United Kingdom,1,1,Lapsed
15785.0,33,16,5969.93,2.833213344056216,8.694657973148848,26.533022222222225,102,12,United Kingdom,1,2,Best Customers
15786.0,46,5,8501.62,1.791759469228055,9.048129630277788,18.28305376344086,358,4,United Kingdom,1,3,Regular
15787.0,26,3,933.26,1.3862943611198906,6.839754772081388,4.6663,156,2,United Kingdom,1,3,Regular
15788.0,509,1,221.83,0.6931471805599453,5.406409148898877,15.845,14,1,United Kingdom,1,1,Lapsed
15789.0,358,6,1962.01,1.9459101490553128,7.58223428850699,14.217463768115945,110,5,United Kingdom,1,3,Regular
15790.0,10,1,218.75,0.6931471805599453,5.392490536565286,6.4338235294117645,34,1,United Kingdom,1,0,New / Low Engagement
15791.0,44,5,3608.34,1.791759469228055,8.191280209127546,21.60682634730539,121,5,United Kingdom,1,3,Regular
15792.0,400,2,933.84,1.0986122886681098,6.8403753916508245,16.383157894736843,57,2,United Kingdom,1,1,Lapsed
15793.0,15,8,2399.57,2.19722457733622,7.783461488137377,79.98566666666667,12,8,United Kingdom,1,3,Regular
15794.0,736,2,777.0,1.0986122886681098,6.656726524178391,51.8,15,2,United Kingdom,1,1,Lapsed
15795.0,150,8,1979.87,2.19722457733622,7.591291421122726,15.11351145038168,111,7,United Kingdom,1,3,Regular
15796.0,1,17,5171.63,2.8903717578961645,8.551136542218323,17.65061433447099,138,17,United Kingdom,1,2,Best Customers
15797.0,113,6,2821.08,1.9459101490553128,7.945229480699816,235.09,12,6,United Kingdom,1,3,Regular
15798.0,493,3,1535.37,1.3862943611198906,7.33717777011605,18.49843373493976,73,3,United Kingdom,1,1,Lapsed
15799.0,76,4,1421.34,1.6094379124341005,7.2600586816427235,9.22948051948052,143,4,United Kingdom,1,3,Regular
15800.0,107,7,1227.07,2.079441541679836,7.113199110339793,5.289094827586206,198,4,United Kingdom,1,3,Regular
15801.0,46,3,1063.95,1.3862943611198906,6.97068312868461,16.62421875,61,3,United Kingdom,1,3,Regular
15802.0,143,1,451.42,0.6931471805599453,6.11461095192969,451.42,1,1,United Kingdom,1,0,New / Low Engagement
15803.0,51,4,1929.66,1.6094379124341005,7.565617192352807,37.836470588235294,48,4,United Kingdom,1,3,Regular
15804.0,1,13,4206.39,2.6390573296152584,8.344597781932357,16.05492366412214,170,13,United Kingdom,1,2,Best Customers
15805.0,23,30,10148.93,3.4339872044851463,9.225222087894428,19.185122873345936,337,22,United Kingdom,1,2,Best Customers
15806.0,46,3,784.58,1.3862943611198906,6.666422298467717,25.30903225806452,24,3,United Kingdom,1,0,New / Low Engagement
15807.0,50,5,1817.52,1.791759469228055,7.505778262441902,20.65363636363636,85,4,United Kingdom,1,3,Regular
15808.0,306,21,17180.25,3.091042453358316,9.751573951913556,22.254209844559583,348,21,United Kingdom,1,2,Best Customers
15809.0,36,7,1274.44,2.079441541679836,7.15104649609911,21.973103448275864,51,7,United Kingdom,1,3,Regular
15810.0,79,8,2999.04,2.19722457733622,8.006380900894692,18.066506024096384,89,8,United Kingdom,1,3,Regular
15811.0,22,7,3486.15,2.079441541679836,8.156840062670438,12.76978021978022,205,7,United Kingdom,1,3,Regular
15812.0,107,12,5201.47,2.5649493574615367,8.55688879179273,41.61176,87,12,United Kingdom,1,2,Best Customers
15813.0,208,2,1303.91,1.0986122886681098,7.173889351861321,32.59775,40,2,United Kingdom,1,0,New / Low Engagement
15814.0,17,6,2634.44,1.9459101490553128,7.876805429957567,26.88204081632653,83,5,United Kingdom,1,3,Regular
15815.0,64,5,2100.6,1.791759469228055,7.65045423837133,42.86938775510204,33,5,United Kingdom,1,3,Regular
15816.0,542,2,144.15,1.0986122886681098,4.977767690470639,13.104545454545455,11,1,United Kingdom,1,1,Lapsed
15817.0,421,3,2766.4,1.3862943611198906,7.925663530235284,18.2,133,3,United Kingdom,1,1,Lapsed
15818.0,588,1,340.5,0.6931471805599453,5.833347679010845,30.954545454545453,11,1,United Kingdom,1,1,Lapsed
15819.0,49,10,3934.79,2.3978952727983707,8.277866903090251,15.133807692307691,182,8,United Kingdom,1,2,Best Customers
15820.0,320,1,206.98,0.6931471805599453,5.337441921232086,12.175294117647056,17,1,United Kingdom,1,1,Lapsed
15821.0,44,2,570.96,1.0986122886681098,6.349069058864647,9.209032258064516,57,2,United Kingdom,1,0,New / Low Engagement
15822.0,3,6,1840.06,1.9459101490553128,7.5180967716851645,28.308615384615383,46,6,United Kingdom,1,3,Regular
15823.0,372,3,3882.17,1.3862943611198906,8.26440710935535,25.04625806451613,155,3,United Kingdom,1,3,Regular
15824.0,453,2,890.94,1.0986122886681098,6.793398865743655,34.26692307692308,24,2,United Kingdom,1,1,Lapsed
15825.0,172,1,532.94,0.6931471805599453,6.2802834730968256,26.647,20,1,United Kingdom,1,0,New / Low Engagement
15826.0,56,4,2598.28,1.6094379124341005,7.862989762582375,21.83428571428572,100,3,United Kingdom,1,3,Regular
15827.0,73,28,3603.14,3.367295829986474,8.189838463700722,16.604331797235023,124,22,United Kingdom,1,2,Best Customers
15828.0,375,1,1108.82,0.6931471805599453,7.011953118994513,14.984054054054052,74,1,United Kingdom,1,1,Lapsed
15829.0,99,2,636.14,1.0986122886681098,6.456989411643809,12.473333333333333,44,2,United Kingdom,1,0,New / Low Engagement
15830.0,38,1,576.0,0.6931471805599453,6.3578422665081,14.76923076923077,39,1,United Kingdom,1,0,New / Low Engagement
15831.0,58,3,794.64,1.3862943611198906,6.67914682223686,12.04,63,3,United Kingdom,1,0,New / Low Engagement
15832.0,254,1,836.79,0.6931471805599453,6.730767472418783,15.49611111111111,54,1,United Kingdom,1,0,New / Low Engagement
15833.0,738,1,80.4,0.6931471805599453,4.399375273008495,16.080000000000002,5,1,United Kingdom,1,1,Lapsed
15834.0,70,7,3764.39,2.079441541679836,8.23360672052674,10.065213903743317,333,5,United Kingdom,1,3,Regular
15835.0,44,4,954.09,1.6094379124341005,6.861805576878038,19.0818,47,4,United Kingdom,1,3,Regular
15836.0,50,1,137.37,0.6931471805599453,4.929931256681293,13.737,10,1,United Kingdom,1,0,New / Low Engagement
15837.0,65,2,777.01,1.0986122886681098,6.656739377566224,14.9425,52,2,United Kingdom,1,0,New / Low Engagement
15838.0,11,34,73205.5,3.555348061489413,11.201039493821318,355.36650485436894,61,29,United Kingdom,1,2,Best Customers
15839.0,33,3,1048.49,1.3862943611198906,6.9560596108684605,16.911129032258064,56,3,United Kingdom,1,3,Regular
15840.0,59,2,355.56,1.0986122886681098,5.876502528638301,13.168888888888889,26,2,United Kingdom,1,0,New / Low Engagement
15841.0,73,9,2742.41,2.302585092994046,7.916956951149568,29.808804347826086,60,9,United Kingdom,1,3,Regular
15842.0,393,2,548.8000000000001,1.0986122886681098,6.309554575731146,21.952,24,2,United Kingdom,1,1,Lapsed
15843.0,304,1,118.95,0.6931471805599453,4.787074989285704,14.86875,8,1,United Kingdom,1,1,Lapsed
15844.0,46,1,130.73999999999998,0.6931471805599453,4.880830283212546,11.885454545454545,11,1,United Kingdom,1,0,New / Low Engagement
15845.0,18,11,4426.28,2.4849066497880004,8.395540678981433,25.4383908045977,129,11,United Kingdom,1,2,Best Customers
15846.0,385,1,107.01,0.6931471805599453,4.682223815430383,3.69,27,1,United Kingdom,1,1,Lapsed
15847.0,38,5,822.57,1.791759469228055,6.713648549040965,17.136875,39,5,United Kingdom,1,3,Regular
15848.0,622,1,137.99,0.6931471805599453,4.934401988096667,4.058529411764706,34,1,United Kingdom,1,1,Lapsed
15850.0,19,6,1006.75,1.9459101490553128,6.915475401997275,3.237138263665595,269,6,United Kingdom,1,3,Regular
15851.0,527,1,109.73,0.6931471805599453,4.707094805710017,13.71625,8,1,United Kingdom,1,1,Lapsed
15852.0,187,3,257.26,1.3862943611198906,5.553966829418505,7.795757575757576,31,3,United Kingdom,1,0,New / Low Engagement
15853.0,52,1,110.8,0.6931471805599453,4.716711560720999,3.693333333333333,29,1,United Kingdom,1,0,New / Low Engagement
15854.0,4,21,5578.28,3.091042453358316,8.626815014791914,21.79015625,168,19,United Kingdom,1,2,Best Customers
15855.0,137,6,1052.72,1.9459101490553128,6.9600820391599045,11.081263157894735,72,6,United Kingdom,1,3,Regular
15856.0,4,52,32275.95,3.970291913552122,10.382108632170135,29.288520871143376,384,44,United Kingdom,1,2,Best Customers
15857.0,19,2,570.48,1.0986122886681098,6.348229486996957,23.77,21,2,United Kingdom,1,0,New / Low Engagement
15858.0,16,13,3552.41,2.6390573296152584,8.175662984803958,8.166459770114942,273,13,United Kingdom,1,2,Best Customers
15859.0,432,1,438.46,0.6931471805599453,6.085546700469121,19.93,22,1,United Kingdom,1,1,Lapsed
15860.0,41,17,2361.3,2.8903717578961645,7.767390999699713,6.884256559766764,249,17,United Kingdom,1,2,Best Customers
15861.0,12,12,4369.2,2.5649493574615367,8.382564053632766,5.544670050761421,452,10,United Kingdom,1,2,Best Customers
15862.0,8,13,2512.29,2.6390573296152584,7.829347930805947,5.044759036144578,417,10,United Kingdom,1,2,Best Customers
15863.0,26,5,355.1,1.791759469228055,5.875211590283732,4.611688311688312,74,5,United Kingdom,1,0,New / Low Engagement
15864.0,22,7,2180.76,2.079441541679836,7.687887169509484,94.81565217391304,18,7,United Kingdom,1,3,Regular
15865.0,41,5,2241.42,1.791759469228055,7.7153109188261455,17.78904761904762,119,5,United Kingdom,1,3,Regular
15866.0,101,1,211.89,0.6931471805599453,5.360775600387647,4.927674418604651,43,1,United Kingdom,1,0,New / Low Engagement
15867.0,5,31,8923.3,3.4657359027997265,9.09653317219939,8.748333333333333,547,30,United Kingdom,1,2,Best Customers
15868.0,583,1,94.53,0.6931471805599453,4.559440334281917,23.6325,4,1,United Kingdom,1,1,Lapsed
15869.0,277,3,321.11,1.3862943611198906,5.774893102114154,9.444411764705883,29,2,United Kingdom,1,0,New / Low Engagement
15870.0,33,4,857.46,1.6094379124341005,6.755140086357464,5.996223776223776,127,3,United Kingdom,1,3,Regular
15871.0,437,1,33.099999999999994,0.6931471805599453,3.529297384289471,6.619999999999999,5,1,United Kingdom,1,1,Lapsed
15872.0,15,4,729.25,1.6094379124341005,6.59338694126785,3.878989361702128,164,3,United Kingdom,1,3,Regular
15873.0,500,4,313.92,1.6094379124341005,5.752318638316266,52.31999999999999,3,2,United Kingdom,1,1,Lapsed
15874.0,64,21,11284.76,3.091042453358316,9.331297033018553,32.99637426900585,262,16,United Kingdom,1,2,Best Customers
15875.0,646,1,108.52,0.6931471805599453,4.696107180980193,4.718260869565217,18,1,United Kingdom,1,1,Lapsed
15876.0,409,2,1449.14,1.0986122886681098,7.27941538247794,131.74,11,2,United Kingdom,1,1,Lapsed
15877.0,2,2,490.33,1.0986122886681098,6.197115999797643,3.891507936507936,122,2,United Kingdom,1,0,New / Low Engagement
15878.0,562,2,330.77,1.0986122886681098,5.804441957755378,6.485686274509804,47,2,United Kingdom,1,1,Lapsed
15879.0,404,4,1137.8,1.6094379124341005,7.037730355403882,6.356424581005586,171,4,United Kingdom,1,1,Lapsed
15880.0,369,1,329.03,0.6931471805599453,5.799183559419454,3.427395833333333,95,1,United Kingdom,1,1,Lapsed
15881.0,312,5,501.39,1.791759469228055,6.2193767104972935,17.289310344827587,26,3,United Kingdom,1,3,Regular
15882.0,199,8,1124.66,2.19722457733622,7.026124809283575,19.062033898305085,49,6,United Kingdom,1,3,Regular
15883.0,2,2,396.48,1.0986122886681098,5.9851446183631625,8.091428571428573,42,2,United Kingdom,1,0,New / Low Engagement
15884.0,432,2,244.6,1.0986122886681098,5.503704196272987,17.47142857142857,14,2,United Kingdom,1,1,Lapsed
15885.0,93,15,1951.82,2.772588722239781,7.577029760730524,16.972347826086956,83,15,United Kingdom,1,2,Best Customers
15886.0,60,4,1052.87,1.6094379124341005,6.960224381835903,16.98177419354839,58,3,United Kingdom,1,3,Regular
15887.0,407,3,1027.15,1.3862943611198906,6.935516349767528,27.760810810810813,27,3,United Kingdom,1,1,Lapsed
15888.0,81,3,429.16,1.3862943611198906,6.064157232501422,11.004102564102563,33,3,United Kingdom,1,0,New / Low Engagement
15889.0,157,8,1427.6,2.19722457733622,7.264450222720872,4.742857142857143,256,8,United Kingdom,1,3,Regular
15890.0,395,5,535.65,1.791759469228055,6.285346112927534,53.565,10,3,United Kingdom,1,1,Lapsed
15891.0,227,1,511.68,0.6931471805599453,6.239651868861623,8.528,60,1,United Kingdom,1,0,New / Low Engagement
15892.0,669,1,128.2,0.6931471805599453,4.861361591348501,3.3736842105263154,38,1,United Kingdom,1,1,Lapsed
15893.0,482,1,305.28000000000003,0.6931471805599453,5.724499716244923,305.28000000000003,1,1,United Kingdom,1,1,Lapsed
15894.0,253,2,258.25,1.0986122886681098,5.557792847109637,6.97972972972973,35,2,United Kingdom,1,0,New / Low Engagement
15895.0,150,1,179.17,0.6931471805599453,5.1939008496276085,16.288181818181815,11,1,United Kingdom,1,0,New / Low Engagement
15897.0,194,2,208.59,1.0986122886681098,5.345153241385068,9.481363636363636,17,1,United Kingdom,1,0,New / Low Engagement
15898.0,1,25,4996.45,3.258096538021482,8.516683061322004,8.071809369951534,281,24,United Kingdom,1,2,Best Customers
15899.0,369,1,56.25,0.6931471805599453,4.047427642434349,14.0625,4,1,United Kingdom,1,1,Lapsed
15900.0,24,4,886.57,1.6094379124341005,6.788487391478677,7.036269841269841,100,4,United Kingdom,1,3,Regular
15901.0,17,7,687.72,2.079441541679836,6.5348348023497,4.193414634146341,145,6,United Kingdom,1,3,Regular
15902.0,380,1,145.01,0.6931471805599453,4.983675112513472,8.056111111111111,18,1,United Kingdom,1,1,Lapsed
15903.0,10,12,8939.84,2.5649493574615367,9.098384823485164,77.06758620689655,58,12,United Kingdom,1,2,Best Customers
15904.0,8,1,164.68,0.6931471805599453,5.110058217087329,5.489333333333334,30,1,United Kingdom,1,0,New / Low Engagement
15905.0,543,1,114.69,0.6931471805599453,4.750914200040797,5.213181818181818,22,1,United Kingdom,1,1,Lapsed
15906.0,20,10,2530.19,2.3978952727983707,7.836444826870208,12.588009950248756,143,8,United Kingdom,1,3,Regular
15907.0,4,3,882.72,1.3862943611198906,6.784140270382827,3.905840707964602,175,3,United Kingdom,1,3,Regular
15908.0,491,2,758.62,1.0986122886681098,6.6328183082386944,18.9655,37,2,United Kingdom,1,1,Lapsed
15909.0,174,1,191.94,0.6931471805599453,5.262379259742407,27.42,7,1,United Kingdom,1,0,New / Low Engagement
15910.0,1,15,2661.17,2.772588722239781,7.886896858674058,4.292209677419355,394,15,United Kingdom,1,2,Best Customers
15911.0,624,8,1700.24,2.19722457733622,7.43911267591754,6.590077519379845,162,7,United Kingdom,1,1,Lapsed
15912.0,178,9,1074.7,2.302585092994046,6.98072689143796,11.31263157894737,83,6,United Kingdom,1,3,Regular
15913.0,534,1,6.300000000000001,0.6931471805599453,1.9878743481543453,6.300000000000001,1,1,United Kingdom,1,1,Lapsed
15914.0,378,2,205.99,1.0986122886681098,5.332670482919699,15.845384615384615,13,1,United Kingdom,1,1,Lapsed
15915.0,402,1,364.45,0.6931471805599453,5.901129470926401,3.225221238938053,105,1,United Kingdom,1,1,Lapsed
15916.0,16,13,3145.24,2.6390573296152584,8.053963368057506,10.278562091503268,227,12,United Kingdom,1,2,Best Customers
15917.0,248,5,530.17,1.791759469228055,6.275082120663786,3.7335915492957743,127,4,United Kingdom,1,3,Regular
15918.0,191,3,582.88,1.3862943611198906,6.369695482262378,9.555409836065571,49,3,United Kingdom,1,0,New / Low Engagement
15919.0,20,2,525.69,1.0986122886681098,6.266612140168987,4.308934426229508,103,2,United Kingdom,1,0,New / Low Engagement
15920.0,154,9,569.14,2.302585092994046,6.345881944705495,5.319065420560747,93,5,United Kingdom,1,3,Regular
15921.0,173,4,775.26,1.6094379124341005,6.654487515612376,9.813417721518988,69,4,United Kingdom,1,3,Regular
15922.0,373,1,369.5,0.6931471805599453,5.914853444736141,33.59090909090909,11,1,United Kingdom,1,1,Lapsed
15923.0,373,1,127.08,0.6931471805599453,4.852655068688459,6.051428571428572,21,1,United Kingdom,1,1,Lapsed
15924.0,731,1,102.82,0.6931471805599453,4.642658630399083,6.854666666666666,14,1,United Kingdom,1,1,Lapsed
15925.0,194,1,207.15,0.6931471805599453,5.3382589736409845,17.2625,12,1,United Kingdom,1,0,New / Low Engagement
15926.0,542,1,134.44,0.6931471805599453,4.90852873782488,19.205714285714286,7,1,United Kingdom,1,1,Lapsed
15927.0,647,1,106.54,0.6931471805599453,4.6778628713815325,7.102666666666667,13,1,United Kingdom,1,1,Lapsed
15928.0,656,1,293.53,0.6931471805599453,5.685380865475649,26.684545454545454,11,1,United Kingdom,1,1,Lapsed
15929.0,644,1,594.0,0.6931471805599453,6.38856140554563,594.0,1,1,United Kingdom,1,1,Lapsed
15930.0,67,1,426.63,0.6931471805599453,6.058258335716989,20.31571428571429,21,1,United Kingdom,1,0,New / Low Engagement
15931.0,428,1,239.9,0.6931471805599453,5.484381909620826,17.135714285714286,14,1,United Kingdom,1,1,Lapsed
15932.0,4,8,2495.87,2.19722457733622,7.822793226449505,21.703217391304342,93,8,United Kingdom,1,3,Regular
15933.0,21,3,1107.46,1.3862943611198906,7.010726943606016,14.965675675675676,63,3,United Kingdom,1,3,Regular
15934.0,418,2,2190.66,1.0986122886681098,7.692414526548134,75.53999999999999,29,2,United Kingdom,1,1,Lapsed
15935.0,239,2,416.86,1.0986122886681098,6.035146448194105,34.73833333333334,12,2,United Kingdom,1,0,New / Low Engagement
15936.0,379,2,282.79,1.0986122886681098,5.648234528023389,14.883684210526315,16,2,United Kingdom,1,1,Lapsed
15937.0,64,1,145.35000000000002,0.6931471805599453,4.986001013137895,20.76428571428572,7,1,United Kingdom,1,0,New / Low Engagement
15938.0,112,9,734.8100000000001,2.302585092994046,6.600971933227955,18.84128205128205,27,9,United Kingdom,1,3,Regular
15939.0,90,16,9060.39,2.833213344056216,9.111777808902684,56.27571428571428,52,15,United Kingdom,1,2,Best Customers
15940.0,311,1,35.8,0.6931471805599453,3.605497845174885,35.8,1,1,United Kingdom,1,1,Lapsed
15941.0,637,1,405.0,0.6931471805599453,6.0063531596017325,67.5,6,1,United Kingdom,1,1,Lapsed
15942.0,134,1,337.44,0.6931471805599453,5.8243468240563,24.102857142857143,14,1,United Kingdom,1,0,New / Low Engagement
15943.0,650,2,271.29,1.0986122886681098,5.606867674804115,22.6075,12,2,United Kingdom,1,1,Lapsed
15944.0,277,4,2164.24,1.6094379124341005,7.680286488796148,56.95368421052631,25,4,United Kingdom,1,3,Regular
15945.0,365,4,646.27,1.6094379124341005,6.472763518115628,23.081071428571427,24,4,United Kingdom,1,1,Lapsed
15946.0,503,3,2304.18,1.3862943611198906,7.742914043488088,88.62230769230769,25,2,United Kingdom,1,1,Lapsed
15947.0,83,1,1708.24,0.6931471805599453,7.443804106257556,58.9048275862069,29,1,United Kingdom,1,0,New / Low Engagement
15948.0,8,3,1509.09,1.3862943611198906,7.319924530681809,15.885157894736844,63,3,United Kingdom,1,3,Regular
15949.0,17,2,364.72,1.0986122886681098,5.901868013296226,19.19578947368421,12,2,United Kingdom,1,0,New / Low Engagement
15950.0,32,10,7120.91,2.3978952727983707,8.87093122685813,18.11936386768448,225,10,United Kingdom,1,2,Best Customers
15951.0,9,3,1013.17,1.3862943611198906,6.921825822958919,17.172372881355933,44,3,United Kingdom,1,3,Regular
15952.0,34,4,781.91,1.6094379124341005,6.663017746855669,9.30845238095238,65,4,United Kingdom,1,3,Regular
15953.0,15,18,3440.34,2.9444389791664403,8.143616209402149,20.60083832335329,102,18,United Kingdom,1,2,Best Customers
15954.0,589,1,190.75,0.6931471805599453,5.256192440247365,9.5375,20,1,United Kingdom,1,1,Lapsed
15955.0,24,22,8085.98,3.1354942159291497,8.99801063998778,23.64321637426901,222,18,United Kingdom,1,2,Best Customers
15956.0,551,2,617.6,1.0986122886681098,6.42745886025097,34.31111111111111,18,2,United Kingdom,1,1,Lapsed
15957.0,32,3,921.25,1.3862943611198906,6.826816336476785,6.309931506849315,121,2,United Kingdom,1,3,Regular
15958.0,74,4,462.12,1.6094379124341005,6.137986199770749,7.109538461538461,50,4,United Kingdom,1,0,New / Low Engagement
15959.0,682,3,542.89,1.3862943611198906,6.298747020527224,7.646338028169014,58,1,United Kingdom,1,1,Lapsed
15960.0,374,4,410.95,1.6094379124341005,6.020901982761599,15.805769230769233,24,4,United Kingdom,1,1,Lapsed
15961.0,379,1,451.29,0.6931471805599453,6.114323567019841,10.745,42,1,United Kingdom,1,1,Lapsed
15962.0,449,1,289.48,0.6931471805599453,5.6715347271060805,5.263272727272728,43,1,United Kingdom,1,1,Lapsed
15963.0,20,2,470.76,1.0986122886681098,6.156470381692249,16.812857142857144,26,2,United Kingdom,1,0,New / Low Engagement
15964.0,663,1,269.21000000000004,0.6931471805599453,5.5991994344637614,13.4605,20,1,United Kingdom,1,1,Lapsed
15965.0,17,13,2771.94,2.6390573296152584,7.927663408165679,8.34921686746988,202,11,United Kingdom,1,2,Best Customers
15966.0,451,1,426.53,0.6931471805599453,6.058024461353231,15.797407407407407,27,1,United Kingdom,1,1,Lapsed
15967.0,23,12,2966.0,2.5649493574615367,7.995306620290822,6.179166666666666,316,11,United Kingdom,1,2,Best Customers
15968.0,388,1,404.55,0.6931471805599453,6.005244170516354,5.056875,70,1,United Kingdom,1,1,Lapsed
15969.0,3,5,1127.05,1.791759469228055,7.0282457573167605,32.20142857142857,31,5,United Kingdom,1,3,Regular
15970.0,304,2,1017.32,1.0986122886681098,6.925909489562179,42.38833333333333,19,2,United Kingdom,1,0,New / Low Engagement
15971.0,18,18,5902.83,2.9444389791664403,8.683356571827812,140.54357142857145,12,17,United Kingdom,1,2,Best Customers
15972.0,456,5,1769.33,1.791759469228055,7.4789212488679375,12.728992805755396,104,4,United Kingdom,1,1,Lapsed
15973.0,367,3,680.62,1.3862943611198906,6.524472317807621,61.874545454545455,8,3,United Kingdom,1,1,Lapsed
15974.0,39,7,3442.15,2.079441541679836,8.14414202904651,19.557670454545452,141,7,United Kingdom,1,3,Regular
15975.0,84,1,371.01,0.6931471805599453,5.91892073563227,15.45875,24,1,United Kingdom,1,0,New / Low Engagement
15976.0,165,6,1694.41,1.9459101490553128,7.435679878469993,4.482566137566137,265,6,United Kingdom,1,3,Regular
15977.0,17,2,1054.73,1.0986122886681098,6.961987749755856,16.226615384615386,48,2,United Kingdom,1,0,New / Low Engagement
15978.0,77,3,3279.42,1.3862943611198906,8.095726741961132,25.42186046511628,107,3,United Kingdom,1,3,Regular
15979.0,603,1,329.22,0.6931471805599453,5.799759099003686,14.964545454545451,22,1,United Kingdom,1,1,Lapsed
15980.0,89,7,6543.68,2.079441541679836,8.786407784864547,56.90156521739131,101,4,United Kingdom,1,3,Regular
15981.0,25,21,9362.77,3.091042453358316,9.14460326615622,32.50961805555556,151,21,United Kingdom,1,2,Best Customers
15982.0,605,1,324.51,0.6931471805599453,5.78539318314292,7.211333333333333,45,1,United Kingdom,1,1,Lapsed
15983.0,22,8,3110.37,2.19722457733622,8.04281842264472,12.055697674418605,137,8,United Kingdom,1,3,Regular
15984.0,3,30,8393.02,3.4339872044851463,9.035274826544974,11.990028571428573,458,25,United Kingdom,1,2,Best Customers
15985.0,123,7,2715.28,2.079441541679836,7.907018576148396,26.10846153846154,50,6,United Kingdom,1,3,Regular
15986.0,30,2,354.42,1.0986122886681098,5.87330018875734,14.1768,25,2,United Kingdom,1,0,New / Low Engagement
15987.0,12,8,1535.99,2.19722457733622,7.3375812373365585,9.08869822485207,143,7,United Kingdom,1,3,Regular
15988.0,19,3,738.89,1.3862943611198906,6.606501526500262,6.157416666666666,114,3,United Kingdom,1,0,New / Low Engagement
15989.0,376,2,368.31,1.0986122886681098,5.911636399748068,4.282674418604652,81,2,United Kingdom,1,1,Lapsed
15990.0,44,7,1997.75,2.079441541679836,7.600277264148164,11.286723163841808,117,7,United Kingdom,1,3,Regular
15991.0,534,1,150.55,0.6931471805599453,5.020915603503812,25.09166666666667,6,1,United Kingdom,1,1,Lapsed
15992.0,4,3,896.6,1.3862943611198906,6.799724534768432,16.603703703703705,53,3,United Kingdom,1,3,Regular
15993.0,9,7,2777.67,2.079441541679836,7.929727674940442,5.115414364640884,335,5,United Kingdom,1,3,Regular
15994.0,55,3,1175.68,1.3862943611198906,7.070452192639792,10.885925925925926,93,3,United Kingdom,1,3,Regular
15995.0,414,1,694.54,0.6931471805599453,6.544688522290589,6.314,108,1,United Kingdom,1,1,Lapsed
15996.0,88,7,1386.4,2.079441541679836,7.235186770951201,8.013872832369943,140,7,United Kingdom,1,3,Regular
15998.0,37,16,8274.14,2.833213344056216,9.02101111853115,5.806414035087719,682,15,United Kingdom,1,2,Best Customers
15999.0,736,1,20.4,0.6931471805599453,3.0633909220278057,20.4,1,1,United Kingdom,1,1,Lapsed
16000.0,3,3,12393.7,1.3862943611198906,9.4250242408686,1377.0777777777778,9,1,United Kingdom,1,3,Regular
16001.0,381,1,583.39,0.6931471805599453,6.37056856816272,20.11689655172414,29,1,United Kingdom,1,1,Lapsed
16002.0,625,1,169.21,0.6931471805599453,5.137032968819882,4.028809523809524,42,1,United Kingdom,1,1,Lapsed
16003.0,30,10,5613.83,2.3978952727983707,8.63316659066791,27.65433497536946,146,8,United Kingdom,1,2,Best Customers
16004.0,475,5,2146.39,1.791759469228055,7.672008430194929,23.848777777777777,63,4,United Kingdom,1,1,Lapsed
16005.0,12,10,2365.49,2.3978952727983707,7.769163123687681,4.887376033057851,315,9,United Kingdom,1,3,Regular
16006.0,211,2,332.82,1.0986122886681098,5.810601925550271,4.266923076923077,75,2,United Kingdom,1,0,New / Low Engagement
16007.0,48,7,3053.06,2.079441541679836,8.024227131951013,4.646971080669711,337,7,United Kingdom,1,3,Regular
16008.0,24,15,5339.13,2.772588722239781,8.583005276227205,21.103280632411067,63,15,United Kingdom,1,2,Best Customers
16009.0,22,4,972.11,1.6094379124341005,6.880497128211273,11.855,68,4,United Kingdom,1,3,Regular
16010.0,246,11,1694.86,2.4849066497880004,7.435945265774832,5.864567474048442,122,10,United Kingdom,1,3,Regular
16011.0,8,29,5601.01,3.4011973816621555,8.630880740895218,13.17884705882353,181,29,United Kingdom,1,2,Best Customers
16012.0,35,5,2978.59,1.791759469228055,7.999540986141301,12.462719665271967,207,5,United Kingdom,1,3,Regular
16013.0,4,84,56078.44,4.442651256490317,10.934524535923948,259.6224074074074,54,49,United Kingdom,1,2,Best Customers
16014.0,38,5,1100.28,1.791759469228055,7.004228418650054,4.001018181818182,219,5,United Kingdom,1,3,Regular
16015.0,4,3,704.55,1.3862943611198906,6.55897764050377,3.892541436464088,146,3,United Kingdom,1,0,New / Low Engagement
16016.0,3,11,2083.4,2.4849066497880004,7.64223632303506,7.014814814814815,181,10,United Kingdom,1,3,Regular
16017.0,47,5,1545.58,1.791759469228055,7.343801320499442,11.889076923076924,99,5,United Kingdom,1,3,Regular
16018.0,39,4,698.13,1.6094379124341005,6.549836704913068,12.466607142857145,48,4,United Kingdom,1,3,Regular
16019.0,47,27,17329.16,3.332204510175204,9.760203615211752,43.00039702233251,256,23,United Kingdom,1,2,Best Customers
16020.0,17,3,851.01,1.3862943611198906,6.747598263849638,18.500217391304343,42,2,United Kingdom,1,0,New / Low Engagement
16021.0,395,2,487.03,1.0986122886681098,6.190376879373448,3.86531746031746,117,2,United Kingdom,1,1,Lapsed
16022.0,260,1,602.63,0.6931471805599453,6.402961427447865,8.48774647887324,68,1,United Kingdom,1,0,New / Low Engagement
16023.0,46,3,719.81,1.3862943611198906,6.58037557967181,7.126831683168317,90,3,United Kingdom,1,0,New / Low Engagement
16024.0,12,3,483.99,1.3862943611198906,6.184128272168217,5.694,78,2,United Kingdom,1,0,New / Low Engagement
16025.0,30,1,439.66,0.6931471805599453,6.0882736030360425,15.702142857142857,28,1,United Kingdom,1,0,New / Low Engagement
16026.0,43,1,236.09,0.6931471805599453,5.468439815884993,7.3778125,30,1,United Kingdom,1,0,New / Low Engagement
16027.0,92,15,2048.36,2.772588722239781,7.62528282826746,58.52457142857144,20,15,United Kingdom,1,2,Best Customers
16028.0,596,1,82.2,0.6931471805599453,4.421247347827163,16.44,5,1,United Kingdom,1,1,Lapsed
16029.0,39,107,117763.62,4.68213122712422,11.676443165530092,318.28005405405406,57,71,United Kingdom,1,2,Best Customers
16030.0,310,1,331.24,0.6931471805599453,5.805857599322498,11.422068965517242,28,1,United Kingdom,1,1,Lapsed
16031.0,92,2,547.9,1.0986122886681098,6.307916275555844,5.590816326530612,91,2,United Kingdom,1,0,New / Low Engagement
16032.0,456,6,1965.72,1.9459101490553128,7.5841224595020655,9.36057142857143,130,6,United Kingdom,1,3,Regular
16033.0,6,27,10608.81,3.332204510175204,9.269534323813378,7.806335540838852,605,25,United Kingdom,1,2,Best Customers
16034.0,196,6,911.32,1.9459101490553128,6.815990805724307,16.27357142857143,43,6,United Kingdom,1,3,Regular
16035.0,560,1,217.73,0.6931471805599453,5.387838092486448,10.368095238095238,21,1,United Kingdom,1,1,Lapsed
16036.0,87,4,2556.84,1.6094379124341005,7.846918431316224,18.263142857142856,120,4,United Kingdom,1,3,Regular
16037.0,270,5,1509.34,1.791759469228055,7.320090070025923,21.25830985915493,62,5,United Kingdom,1,3,Regular
16038.0,8,3,471.78,1.3862943611198906,6.158630164012735,18.14538461538461,24,3,United Kingdom,1,0,New / Low Engagement
16039.0,424,2,456.4,1.0986122886681098,6.125558281588681,14.2625,27,2,United Kingdom,1,1,Lapsed
16040.0,65,7,2416.9,2.079441541679836,7.790654673826565,19.3352,95,7,United Kingdom,1,3,Regular
16041.0,31,3,3166.4,1.3862943611198906,8.060666341057626,527.7333333333333,6,2,United Kingdom,1,3,Regular
16042.0,22,8,2245.32,2.19722457733622,7.717048600661738,17.40558139534884,88,6,United Kingdom,1,3,Regular
16043.0,38,8,1856.59,2.19722457733622,7.52703522763887,25.4327397260274,56,8,United Kingdom,1,3,Regular
16044.0,435,1,340.84000000000003,0.6931471805599453,5.83434279133577,17.938947368421054,19,1,United Kingdom,1,1,Lapsed
16045.0,120,8,3434.93,2.19722457733622,8.14204291037043,23.208986486486484,111,7,United Kingdom,1,3,Regular
16046.0,562,1,235.78,0.6931471805599453,5.46713143998349,10.717272727272729,22,1,United Kingdom,1,1,Lapsed
16047.0,682,1,107.14,0.6931471805599453,4.683426683953859,107.14,1,1,EIRE,0,1,Lapsed
16048.0,373,4,818.7900000000001,1.6094379124341005,6.709048209898743,22.74416666666667,30,3,United Kingdom,1,1,Lapsed
16049.0,40,6,1852.15,1.9459101490553128,7.524642172820218,3.818865979381444,383,6,United Kingdom,1,3,Regular
16050.0,174,3,300.7,1.3862943611198906,5.709433146165015,14.319047619047618,19,3,United Kingdom,1,0,New / Low Engagement
16051.0,682,1,188.44,0.6931471805599453,5.244072351695641,15.703333333333331,12,1,United Kingdom,1,1,Lapsed
16052.0,54,1,362.06,0.6931471805599453,5.894568109862285,10.648823529411764,34,1,United Kingdom,1,0,New / Low Engagement
16053.0,33,6,3634.84,1.9459101490553128,8.198595449928707,18.73628865979381,169,5,United Kingdom,1,3,Regular
16054.0,145,4,2111.88,1.6094379124341005,7.655807224711368,17.31049180327869,109,4,United Kingdom,1,3,Regular
16055.0,221,1,134.8,0.6931471805599453,4.911183215124596,16.85,8,1,United Kingdom,1,0,New / Low Engagement
16056.0,45,1,650.75,0.6931471805599453,6.479661052813611,9.859848484848484,66,1,United Kingdom,1,0,New / Low Engagement
16057.0,16,10,3854.85,2.3978952727983707,8.257346754558858,17.682798165137616,175,7,United Kingdom,1,2,Best Customers
16058.0,406,1,62.7,0.6931471805599453,4.154184562578117,31.35,2,1,United Kingdom,1,1,Lapsed
16059.0,66,12,3053.57,2.5649493574615367,8.024394108834924,7.809641943734015,233,12,United Kingdom,1,2,Best Customers
16060.0,401,3,541.95,1.3862943611198906,6.29701723466291,22.58125,22,3,United Kingdom,1,1,Lapsed
16061.0,431,1,89.65,0.6931471805599453,4.50700593720086,29.883333333333336,3,1,United Kingdom,1,1,Lapsed
16062.0,10,8,2863.45,2.19722457733622,7.960131638643054,15.478108108108108,134,7,United Kingdom,1,3,Regular
16063.0,260,1,335.32,0.6931471805599453,5.818063087688587,14.57913043478261,23,1,United Kingdom,1,0,New / Low Engagement
16064.0,725,1,109.31,0.6931471805599453,4.7032945839812905,6.43,17,1,United Kingdom,1,1,Lapsed
16065.0,365,8,1992.13,2.19722457733622,7.597461546384569,5.643427762039661,214,6,United Kingdom,1,3,Regular
16066.0,17,5,1521.04,1.791759469228055,7.327806819285222,15.05980198019802,77,5,United Kingdom,1,3,Regular
16067.0,563,3,3269.11,1.3862943611198906,8.092578902469247,48.07514705882353,60,3,United Kingdom,1,1,Lapsed
16068.0,594,1,115.73,0.6931471805599453,4.759863575664572,3.3065714285714285,34,1,United Kingdom,1,1,Lapsed
16069.0,418,1,457.7,0.6931471805599453,6.128396401603126,18.308,25,1,United Kingdom,1,1,Lapsed
16070.0,22,2,852.15,1.0986122886681098,6.748935381973274,25.82272727272727,32,2,United Kingdom,1,0,New / Low Engagement
16071.0,45,4,1076.8,1.6094379124341005,6.982677205499396,14.750684931506848,62,4,United Kingdom,1,3,Regular
16072.0,288,4,4180.09,1.6094379124341005,8.338327257075614,7.87210922787194,414,3,United Kingdom,1,3,Regular
16073.0,297,1,122.4,0.6931471805599453,4.815431111471288,122.4,1,1,United Kingdom,1,1,Lapsed
16074.0,390,1,252.5,0.6931471805599453,5.535363823031238,10.1,23,1,United Kingdom,1,1,Lapsed
16075.0,503,2,736.9300000000001,1.0986122886681098,6.603848969153328,17.973902439024393,41,2,United Kingdom,1,1,Lapsed
16076.0,3,10,2234.73,2.3978952727983707,7.712323075642278,17.323488372093024,71,9,United Kingdom,1,3,Regular
16077.0,626,1,2300.4,0.6931471805599453,7.741272912389358,287.55,8,1,United Kingdom,1,1,Lapsed
16078.0,284,2,362.99,1.0986122886681098,5.897126394731892,9.307435897435898,39,2,United Kingdom,1,0,New / Low Engagement
16079.0,17,3,1352.0,1.3862943611198906,7.210079628170788,64.38095238095238,18,3,United Kingdom,1,3,Regular
16080.0,82,4,602.5600000000001,1.6094379124341005,6.40284545564545,20.08533333333333,29,4,United Kingdom,1,3,Regular
16081.0,56,8,4278.96,2.19722457733622,8.361698942737778,11.627608695652174,235,8,United Kingdom,1,3,Regular
16082.0,670,1,106.75,0.6931471805599453,4.6798137289838575,6.671875,16,1,United Kingdom,1,1,Lapsed
16083.0,101,4,2351.42,1.6094379124341005,7.763199864505109,33.11859154929578,61,4,United Kingdom,1,3,Regular
16084.0,299,1,436.18,0.6931471805599453,6.0803450096018565,11.47842105263158,38,1,United Kingdom,1,1,Lapsed
16085.0,23,12,2341.03,2.5649493574615367,7.758773353640096,6.242746666666667,259,12,United Kingdom,1,3,Regular
16086.0,59,10,2687.73,2.3978952727983707,7.896824242153531,20.83511627906977,66,10,United Kingdom,1,3,Regular
16087.0,389,5,1739.92,1.791759469228055,7.462168988109326,173.99200000000002,6,5,United Kingdom,1,3,Regular
16088.0,576,2,1437.43,1.0986122886681098,7.271307520007092,239.5716666666667,3,2,United Kingdom,1,1,Lapsed
16089.0,386,2,263.49,1.0986122886681098,5.57780344340028,5.606170212765957,42,2,United Kingdom,1,1,Lapsed
16090.0,624,1,180.56,0.6931471805599453,5.201586177588265,10.03111111111111,18,1,United Kingdom,1,1,Lapsed
16091.0,155,2,315.06,1.0986122886681098,5.755932068980957,17.503333333333334,16,2,United Kingdom,1,0,New / Low Engagement
16092.0,115,6,1587.94,1.9459101490553128,7.370822406226574,17.64377777777778,60,5,United Kingdom,1,3,Regular
16093.0,107,1,17.0,0.6931471805599453,2.8903717578961645,17.0,1,1,United Kingdom,1,0,New / Low Engagement
16094.0,12,11,3695.56,2.4849066497880004,8.215157936435828,18.854897959183678,101,10,United Kingdom,1,2,Best Customers
16095.0,456,1,447.05,0.6931471805599453,6.104904833330228,14.901666666666667,30,1,United Kingdom,1,1,Lapsed
16096.0,264,4,1584.97,1.6094379124341005,7.368951486505174,24.01469696969697,58,4,United Kingdom,1,3,Regular
16097.0,240,1,185.05,0.6931471805599453,5.226015454792631,18.505,10,1,United Kingdom,1,0,New / Low Engagement
16098.0,88,14,4010.7,2.70805020110221,8.296970370613005,26.738,83,14,United Kingdom,1,2,Best Customers
16099.0,50,7,1573.2,2.079441541679836,7.36150248570835,22.8,44,7,United Kingdom,1,3,Regular
16100.0,463,1,582.64,0.6931471805599453,6.3692843543958215,15.747027027027029,37,1,United Kingdom,1,1,Lapsed
16101.0,71,4,3229.16,1.6094379124341005,8.08028695059357,16.818541666666665,153,4,United Kingdom,1,3,Regular
16102.0,42,3,1842.14,1.3862943611198906,7.519225917888408,32.31824561403509,41,3,United Kingdom,1,3,Regular
16103.0,7,22,6191.71,3.1354942159291497,8.731128072778827,30.95855,111,21,United Kingdom,1,2,Best Customers
16104.0,62,9,2774.46,2.302585092994046,7.928571778208674,11.958879310344829,187,8,United Kingdom,1,3,Regular
16105.0,249,5,2386.19,1.791759469228055,7.777872220992624,21.692636363636364,92,5,United Kingdom,1,3,Regular
16106.0,66,1,108.38,0.6931471805599453,4.694828057918627,18.063333333333333,6,1,United Kingdom,1,0,New / Low Engagement
16107.0,18,7,3204.1600000000003,2.079441541679836,8.072517290105589,103.36,16,7,United Kingdom,1,3,Regular
16108.0,85,4,2235.92,1.6094379124341005,7.712855198669154,16.56237037037037,124,4,United Kingdom,1,3,Regular
16109.0,219,3,939.48,1.3862943611198906,6.846390383230553,30.305806451612906,30,3,United Kingdom,1,3,Regular
16110.0,45,4,1781.59,1.6094379124341005,7.485822641897419,4.143232558139535,343,4,United Kingdom,1,3,Regular
16111.0,428,1,549.33,0.6931471805599453,6.310518098298484,7.525068493150686,72,1,United Kingdom,1,1,Lapsed
16112.0,143,4,195.74,1.6094379124341005,5.281883060084612,12.23375,15,4,United Kingdom,1,0,New / Low Engagement
16113.0,183,1,161.38,0.6931471805599453,5.089939267434301,5.379333333333333,30,1,United Kingdom,1,0,New / Low Engagement
16114.0,171,1,135.75000000000003,0.6931471805599453,4.918154441302091,16.968750000000004,8,1,United Kingdom,1,0,New / Low Engagement
16115.0,10,12,2553.8,2.5649493574615367,7.845729221687434,6.094988066825776,230,12,United Kingdom,1,2,Best Customers
16116.0,212,1,612.78,0.6931471805599453,6.419636557751217,18.02294117647059,34,1,United Kingdom,1,0,New / Low Engagement
16117.0,190,3,654.4,1.3862943611198906,6.485245736264714,7.352808988764044,64,3,United Kingdom,1,0,New / Low Engagement
16118.0,653,1,4376.25,0.6931471805599453,8.384175952306427,106.73780487804878,41,1,United Kingdom,1,1,Lapsed
16119.0,8,8,1720.81,2.19722457733622,7.451131342082467,31.86685185185185,37,8,United Kingdom,1,3,Regular
16120.0,59,6,2967.51,1.9459101490553128,7.995815422409789,32.25554347826087,84,2,United Kingdom,1,3,Regular
16121.0,57,5,1450.04,1.791759469228055,7.280035819699258,4.215232558139535,256,4,United Kingdom,1,3,Regular
16122.0,73,6,895.62,1.9459101490553128,6.798632137963742,16.585555555555555,28,6,United Kingdom,1,3,Regular
16123.0,52,1,307.78000000000003,0.6931471805599453,5.732629049213781,19.23625,16,1,United Kingdom,1,0,New / Low Engagement
16124.0,317,4,1772.49,1.6094379124341005,7.480704635629976,21.615731707317074,63,4,United Kingdom,1,3,Regular
16125.0,367,14,4292.35,2.70805020110221,8.364822592970278,14.955923344947736,168,14,United Kingdom,1,2,Best Customers
16126.0,29,15,14644.6,2.772588722239781,9.591895228036805,38.43727034120735,144,15,United Kingdom,1,2,Best Customers
16127.0,39,2,801.3100000000001,1.0986122886681098,6.6874950668474575,10.684133333333332,75,2,United Kingdom,1,0,New / Low Engagement
16128.0,18,11,3801.05,2.4849066497880004,8.243295673935073,20.88489010989011,155,10,United Kingdom,1,2,Best Customers
16129.0,407,3,1396.05,1.3862943611198906,7.242118149597153,14.5421875,91,3,United Kingdom,1,1,Lapsed
16130.0,422,4,987.48,1.6094379124341005,6.896168409730217,17.95418181818182,53,4,United Kingdom,1,1,Lapsed
16131.0,52,12,9957.42,2.5649493574615367,9.206173703456702,45.46767123287671,131,8,United Kingdom,1,2,Best Customers
16132.0,544,2,664.1999999999999,1.0986122886681098,6.500087747318773,39.07058823529411,14,2,United Kingdom,1,1,Lapsed
16133.0,4,56,22992.26,4.04305126783455,10.042956408487395,42.26518382352941,303,50,United Kingdom,1,2,Best Customers
16134.0,22,5,2145.34,1.791759469228055,7.671519344937621,18.49431034482759,85,5,United Kingdom,1,3,Regular
16135.0,263,2,819.45,1.0986122886681098,6.709852970221159,21.011538461538464,35,2,United Kingdom,1,0,New / Low Engagement
16136.0,60,4,946.8,1.6094379124341005,6.854143509533488,20.582608695652176,44,4,United Kingdom,1,3,Regular
16137.0,680,1,422.7,0.6931471805599453,6.049025657632513,15.096428571428572,28,1,United Kingdom,1,1,Lapsed
16138.0,379,3,910.35,1.3862943611198906,6.814927016670943,24.604054054054053,35,3,United Kingdom,1,1,Lapsed
16139.0,19,5,1111.15,1.791759469228055,7.014050357799739,19.493859649122808,47,5,United Kingdom,1,3,Regular
16140.0,66,3,1433.46,1.3862943611198906,7.268543750752409,22.3978125,50,3,United Kingdom,1,3,Regular
16141.0,88,2,955.94,1.0986122886681098,6.863740693562717,19.1188,47,2,United Kingdom,1,0,New / Low Engagement
16142.0,250,1,535.34,0.6931471805599453,6.284768288327816,14.46864864864865,37,1,United Kingdom,1,0,New / Low Engagement
16143.0,3,12,4555.08,2.5649493574615367,8.424217883675421,20.426367713004485,107,12,United Kingdom,1,2,Best Customers
16144.0,247,1,175.2,0.6931471805599453,5.171619713502079,175.2,1,1,United Kingdom,1,0,New / Low Engagement
16145.0,9,19,6805.4400000000005,2.995732273553991,8.825624501810465,17.185454545454547,217,19,United Kingdom,1,2,Best Customers
16146.0,157,4,946.38,1.6094379124341005,6.8537002798593925,23.082439024390244,34,4,United Kingdom,1,3,Regular
16147.0,134,5,2398.91,1.791759469228055,7.783186515632894,17.639044117647057,113,5,United Kingdom,1,3,Regular
16148.0,296,2,386.62,1.0986122886681098,5.960025478272602,42.95777777777778,9,2,United Kingdom,1,0,New / Low Engagement
16149.0,5,3,422.22,1.3862943611198906,6.047892138406625,14.074,30,3,United Kingdom,1,0,New / Low Engagement
16150.0,43,10,4002.17,2.3978952727983707,8.294841826239715,18.52856481481481,143,10,United Kingdom,1,2,Best Customers
16152.0,269,1,1829.04,0.6931471805599453,7.512093103520083,63.07034482758621,29,1,United Kingdom,1,0,New / Low Engagement
16153.0,50,11,5133.49,2.4849066497880004,8.543735799027143,22.714557522123894,161,11,United Kingdom,1,2,Best Customers
16155.0,382,5,796.9,1.791759469228055,6.681983276314235,16.602083333333333,45,4,United Kingdom,1,1,Lapsed
16156.0,9,20,6188.18,3.044522437723423,8.730557885174893,23.709501915708813,199,18,United Kingdom,1,2,Best Customers
16157.0,16,3,656.69,1.3862943611198906,6.488733695691184,36.48277777777778,12,3,United Kingdom,1,0,New / Low Engagement
16158.0,522,9,628.32,2.302585092994046,6.444639871372223,17.952,29,8,United Kingdom,1,1,Lapsed
16159.0,282,4,1232.79,1.6094379124341005,7.1178460117013564,23.7075,31,4,United Kingdom,1,3,Regular
16160.0,65,2,1025.44,1.0986122886681098,6.933851783703411,51.272000000000006,20,2,United Kingdom,1,0,New / Low Engagement
16161.0,2,43,12580.06,3.784189633918261,9.439947787436015,11.093527336860667,458,42,United Kingdom,1,2,Best Customers
16162.0,252,1,37.4,0.6931471805599453,3.648057459593681,18.7,2,1,United Kingdom,1,0,New / Low Engagement
16163.0,232,6,2407.98,1.9459101490553128,7.786958700380325,35.4114705882353,59,6,United Kingdom,1,3,Regular
16164.0,17,3,822.48,1.3862943611198906,6.713539262741108,24.19058823529412,27,3,United Kingdom,1,0,New / Low Engagement
16165.0,505,1,79.9,0.6931471805599453,4.393213824064446,79.9,1,1,United Kingdom,1,1,Lapsed
16166.0,428,2,435.83,1.0986122886681098,6.079544103390923,19.810454545454544,18,2,United Kingdom,1,1,Lapsed
16167.0,414,5,1386.12,1.791759469228055,7.234984934236417,22.00190476190476,51,4,United Kingdom,1,3,Regular
16168.0,11,66,10360.67,4.204692619390966,9.245868699733846,33.85839869281046,131,56,United Kingdom,1,2,Best Customers
16169.0,8,4,1822.97,1.6094379124341005,7.508770723130596,21.44670588235294,71,4,United Kingdom,1,3,Regular
16170.0,51,20,6869.0,3.044522437723423,8.834919385216395,15.611363636363636,254,20,United Kingdom,1,2,Best Customers
16171.0,59,1,73.19999999999999,0.6931471805599453,4.306764150173335,24.399999999999995,3,1,United Kingdom,1,0,New / Low Engagement
16172.0,95,8,1884.55,2.19722457733622,7.541974834511754,16.677433628318585,81,7,United Kingdom,1,3,Regular
16173.0,16,6,1418.32,1.9459101490553128,7.257933162659462,16.884761904761906,70,6,United Kingdom,1,3,Regular
16174.0,126,7,2246.75,2.079441541679836,7.717684994864882,34.565384615384616,28,7,United Kingdom,1,3,Regular
16175.0,94,7,1836.44,2.079441541679836,7.516128577492644,18.739183673469388,59,7,United Kingdom,1,3,Regular
16176.0,421,4,2052.69,1.6094379124341005,7.627393454073833,28.50958333333333,53,4,United Kingdom,1,3,Regular
16177.0,50,8,2247.31,2.19722457733622,7.717934101862074,19.045,79,7,United Kingdom,1,3,Regular
16178.0,138,2,612.6,1.0986122886681098,6.419343250053046,24.504,24,2,United Kingdom,1,0,New / Low Engagement
16179.0,61,1,215.83,0.6931471805599453,5.379113636376126,19.62090909090909,11,1,United Kingdom,1,0,New / Low Engagement
16180.0,100,13,16249.87,2.6390573296152584,9.69590172478629,49.69379204892967,171,11,United Kingdom,1,2,Best Customers
16181.0,73,1,305.54,0.6931471805599453,5.725348252570762,27.77636363636364,11,1,United Kingdom,1,0,New / Low Engagement
16182.0,72,9,9971.65,2.302585092994046,9.207601625030192,195.52254901960785,20,9,United Kingdom,1,2,Best Customers
16183.0,67,4,1077.81,1.6094379124341005,6.983613860781381,26.2880487804878,32,4,United Kingdom,1,3,Regular
16184.0,64,6,1158.79,1.9459101490553128,7.055994233228931,25.750888888888888,26,6,United Kingdom,1,3,Regular
16185.0,17,3,644.72,1.3862943611198906,6.470365973289328,16.118000000000002,39,3,United Kingdom,1,0,New / Low Engagement
16186.0,23,26,8718.43,3.295836866004329,9.073309147794037,17.26421782178218,172,23,United Kingdom,1,2,Best Customers
16187.0,32,15,6911.4400000000005,2.772588722239781,8.841077965865253,23.428610169491527,160,11,United Kingdom,1,2,Best Customers
16188.0,45,5,1087.66,1.791759469228055,6.992702861144837,14.698108108108109,72,5,United Kingdom,1,3,Regular
16189.0,16,2,215.48,1.0986122886681098,5.3774981644224775,19.58909090909091,9,2,United Kingdom,1,0,New / Low Engagement
16190.0,40,8,2723.55,2.19722457733622,7.910058555845948,22.886974789915968,89,8,United Kingdom,1,3,Regular
16191.0,3,24,15677.820000000002,3.218875824868201,9.660066035970551,67.57681034482759,113,17,United Kingdom,1,2,Best Customers
16192.0,736,1,351.3,0.6931471805599453,5.864483085347192,31.93636363636364,11,1,United Kingdom,1,1,Lapsed
16193.0,237,2,630.4300000000001,1.0986122886681098,6.44798708845731,16.59026315789474,38,2,United Kingdom,1,0,New / Low Engagement
16194.0,375,1,308.6,0.6931471805599453,5.735281141715572,38.575,8,1,United Kingdom,1,1,Lapsed
16195.0,723,1,323.25,0.6931471805599453,5.781514823196553,20.203125,16,1,United Kingdom,1,1,Lapsed
16196.0,489,1,93.3,0.6931471805599453,4.546481189639412,23.325,4,1,United Kingdom,1,1,Lapsed
16197.0,469,9,2016.71,2.302585092994046,7.609718483946528,21.68505376344086,52,9,United Kingdom,1,3,Regular
16198.0,75,2,1030.0410000000002,1.0986122886681098,6.93832425044256,31.21336363636364,31,2,United Kingdom,1,0,New / Low Engagement
16199.0,392,7,942.75,2.079441541679836,6.8498613005632345,94.275,2,7,United Kingdom,1,3,Regular
16200.0,4,12,5608.1,2.5649493574615367,8.632145557839339,9.148613376835238,361,9,United Kingdom,1,2,Best Customers
16201.0,3,5,2112.12,1.791759469228055,7.6559208072954945,17.03322580645161,86,5,United Kingdom,1,3,Regular
16202.0,361,9,2501.99,2.302585092994046,7.82524129621804,20.17733870967742,105,7,United Kingdom,1,3,Regular
16203.0,59,6,943.84,1.9459101490553128,6.851015600989507,14.30060606060606,56,6,United Kingdom,1,3,Regular
16204.0,23,3,918.71,1.3862943611198906,6.824058402960337,9.096138613861386,86,3,United Kingdom,1,3,Regular
16205.0,31,7,1820.11,2.079441541679836,7.5072014842733426,9.239137055837563,147,7,United Kingdom,1,3,Regular
16206.0,55,13,2589.87,2.6390573296152584,7.859749005625252,10.791125,187,12,United Kingdom,1,2,Best Customers
16207.0,25,1,394.38,0.6931471805599453,5.979847327767791,20.75684210526316,19,1,United Kingdom,1,0,New / Low Engagement
16208.0,45,10,3440.4500000000003,2.3978952727983707,8.14364817318428,13.598616600790514,180,10,United Kingdom,1,3,Regular
16209.0,89,9,4146.78,2.302585092994046,8.330328530334388,61.89223880597015,51,9,United Kingdom,1,3,Regular
16210.0,2,35,33750.97,3.58351893845611,10.426794064967565,131.8397265625,145,31,United Kingdom,1,2,Best Customers
16211.0,89,3,1090.59,1.3862943611198906,6.995390627927437,30.294166666666666,35,3,United Kingdom,1,3,Regular
16212.0,19,4,1293.71,1.6094379124341005,7.166042010831792,16.586025641025643,71,4,United Kingdom,1,3,Regular
16213.0,79,1,159.0,0.6931471805599453,5.075173815233827,26.5,6,1,United Kingdom,1,0,New / Low Engagement
16214.0,171,4,2038.25,1.6094379124341005,7.62033737218069,20.7984693877551,84,4,United Kingdom,1,3,Regular
16215.0,81,1,242.35,0.6931471805599453,5.494500736279464,17.310714285714287,14,1,United Kingdom,1,0,New / Low Engagement
16216.0,267,1,914.93,0.6931471805599453,6.81993994254006,24.72783783783784,37,1,United Kingdom,1,0,New / Low Engagement
16217.0,235,2,304.25,1.0986122886681098,5.721131112990814,20.28333333333333,13,2,United Kingdom,1,0,New / Low Engagement
16218.0,30,13,3968.67,2.6390573296152584,8.2864382468006,29.18139705882353,82,12,United Kingdom,1,2,Best Customers
16219.0,501,1,40.8,0.6931471805599453,3.7328963395307104,40.8,1,1,United Kingdom,1,1,Lapsed
16221.0,37,9,2019.92,2.302585092994046,7.611308132255964,8.451548117154813,177,9,United Kingdom,1,3,Regular
16222.0,318,2,1272.05,1.0986122886681098,7.149170875083796,8.772758620689656,133,2,United Kingdom,1,1,Lapsed
16223.0,375,2,1087.05,1.0986122886681098,6.992142382242301,8.83780487804878,101,2,United Kingdom,1,1,Lapsed
16224.0,57,5,1616.54,1.791759469228055,7.388661755590151,13.935689655172414,107,5,United Kingdom,1,3,Regular
16225.0,45,15,2859.31,2.772588722239781,7.958685289548343,9.531033333333331,189,13,United Kingdom,1,2,Best Customers
16226.0,203,5,672.17,1.791759469228055,6.511997898043821,21.68290322580645,23,5,United Kingdom,1,3,Regular
16227.0,225,3,1027.22,1.3862943611198906,6.935584430900813,30.212352941176476,28,3,United Kingdom,1,3,Regular
16228.0,385,3,885.71,1.3862943611198906,6.78751798409388,16.402037037037037,45,2,United Kingdom,1,1,Lapsed
16229.0,87,6,2867.86,1.9459101490553128,7.961670017300314,16.294659090909093,144,6,United Kingdom,1,3,Regular
16230.0,190,2,542.03,1.0986122886681098,6.297164567026571,15.486571428571429,32,2,United Kingdom,1,0,New / Low Engagement
16231.0,379,4,1074.47,1.6094379124341005,6.98051305431595,10.7447,69,4,United Kingdom,1,1,Lapsed
16232.0,44,7,2712.97,2.079441541679836,7.906167786538584,25.83780952380952,60,6,United Kingdom,1,3,Regular
16233.0,71,9,1818.31,2.302585092994046,7.50621258730723,24.90835616438356,49,9,United Kingdom,1,3,Regular
16234.0,476,3,333.18,1.3862943611198906,5.811679769965997,22.212,13,3,United Kingdom,1,1,Lapsed
16235.0,41,9,2053.71,2.302585092994046,7.627889997750669,17.858347826086955,80,9,United Kingdom,1,3,Regular
16236.0,78,1,432.2,0.6931471805599453,6.071199515126835,21.61,20,1,United Kingdom,1,0,New / Low Engagement
16237.0,437,1,136.65,0.6931471805599453,4.9247142315886165,19.52142857142857,7,1,United Kingdom,1,1,Lapsed
16238.0,423,1,63.66,0.6931471805599453,4.169142772297287,10.61,6,1,United Kingdom,1,1,Lapsed
16239.0,57,6,1492.2,1.9459101490553128,7.308676747040429,42.63428571428572,24,6,United Kingdom,1,3,Regular
16240.0,24,2,3718.8,1.0986122886681098,8.221425182381026,27.546666666666667,126,2,United Kingdom,1,3,Regular
16241.0,10,16,3992.86,2.833213344056216,8.292513460782537,4.15058212058212,500,15,United Kingdom,1,2,Best Customers
16242.0,8,14,7404.650000000001,2.70805020110221,8.909998501377611,11.018824404761906,348,13,United Kingdom,1,2,Best Customers
16243.0,34,2,409.1,1.0986122886681098,6.016401032398013,8.02156862745098,49,2,United Kingdom,1,0,New / Low Engagement
16244.0,212,2,1522.75,1.0986122886681098,7.328929680795481,16.733516483516482,88,2,United Kingdom,1,3,Regular
16245.0,24,3,1413.66,1.3862943611198906,7.254644498519316,15.707333333333334,80,3,United Kingdom,1,3,Regular
16246.0,460,2,821.35,1.0986122886681098,6.712166095187278,9.333522727272728,79,2,United Kingdom,1,1,Lapsed
16247.0,170,1,114.56,0.6931471805599453,4.749789875598035,7.16,16,1,United Kingdom,1,0,New / Low Engagement
16248.0,62,1,152.94,0.6931471805599453,5.036562916106171,21.84857142857143,7,1,United Kingdom,1,0,New / Low Engagement
16249.0,53,5,1800.07,1.791759469228055,7.496136211716589,26.08797101449275,67,5,United Kingdom,1,3,Regular
16250.0,261,3,565.24,1.3862943611198906,6.339018016597153,16.149714285714285,29,3,United Kingdom,1,0,New / Low Engagement
16251.0,512,1,128.31,0.6931471805599453,4.86221262230776,6.4155,20,1,United Kingdom,1,1,Lapsed
16252.0,383,1,295.09000000000003,0.6931471805599453,5.690663462163048,14.051904761904764,21,1,United Kingdom,1,1,Lapsed
16253.0,67,7,7272.2,2.079441541679836,8.89195163874524,24.485521885521884,218,7,United Kingdom,1,3,Regular
16254.0,378,3,967.44,1.3862943611198906,6.875686529456631,13.073513513513516,65,3,United Kingdom,1,1,Lapsed
16255.0,17,15,4530.0,2.772588722239781,8.418697944667139,8.917322834645669,231,15,United Kingdom,1,2,Best Customers
16256.0,267,3,1629.37,1.3862943611198906,7.396562261906629,56.1851724137931,27,3,United Kingdom,1,3,Regular
16257.0,177,1,46.95,0.6931471805599453,3.8701588013294472,23.475,2,1,United Kingdom,1,0,New / Low Engagement
16258.0,45,15,11942.52,2.772588722239781,9.387944150869624,34.71662790697675,253,13,United Kingdom,1,2,Best Customers
16259.0,410,3,340.94,1.3862943611198906,5.834635283074963,4.011058823529412,75,2,United Kingdom,1,1,Lapsed
16260.0,51,1,1035.45,0.6931471805599453,6.9435566914455205,57.525000000000006,18,1,United Kingdom,1,0,New / Low Engagement
16261.0,17,6,1041.16,1.9459101490553128,6.949050761389309,6.387484662576688,118,6,United Kingdom,1,3,Regular
16262.0,378,1,755.15,0.6931471805599453,6.62823976919675,16.416304347826088,46,1,United Kingdom,1,1,Lapsed
16263.0,423,1,348.16,0.6931471805599453,5.855530269867149,16.57904761904762,19,1,United Kingdom,1,1,Lapsed
16264.0,438,2,823.53,1.0986122886681098,6.714813527026006,13.07190476190476,62,2,United Kingdom,1,1,Lapsed
16265.0,9,12,6935.17,2.5649493574615367,8.844505027963939,20.57913946587537,192,11,United Kingdom,1,2,Best Customers
16266.0,74,14,1757.95,2.70805020110221,7.472472319091938,16.127981651376146,73,12,United Kingdom,1,3,Regular
16267.0,591,1,186.66,0.6931471805599453,5.234631814861904,26.665714285714284,7,1,United Kingdom,1,1,Lapsed
16268.0,71,2,667.65,1.0986122886681098,6.5052607543188055,14.836666666666666,45,1,United Kingdom,1,0,New / Low Engagement
16269.0,438,1,717.57,0.6931471805599453,6.577263125964925,13.539056603773586,53,1,United Kingdom,1,1,Lapsed
16270.0,353,1,1141.24,0.6931471805599453,7.040746525754151,21.134074074074075,54,1,United Kingdom,1,1,Lapsed
16271.0,3,10,3397.82,2.3978952727983707,8.131183591541872,11.363946488294316,176,10,United Kingdom,1,3,Regular
16272.0,117,1,411.7,0.6931471805599453,6.022720936758536,16.468,25,1,United Kingdom,1,0,New / Low Engagement
16273.0,648,2,318.34000000000003,1.0986122886681098,5.766256365911556,21.22266666666667,15,2,United Kingdom,1,1,Lapsed
16274.0,373,1,351.75,0.6931471805599453,5.865759590732924,5.411538461538462,64,1,United Kingdom,1,1,Lapsed
16275.0,197,3,2151.11,1.3862943611198906,7.674204035216971,19.37936936936937,105,3,United Kingdom,1,3,Regular
16276.0,177,3,2629.3900000000003,1.3862943611198906,7.874887403151471,101.13038461538464,20,3,United Kingdom,1,3,Regular
16277.0,734,1,188.69,0.6931471805599453,5.245391160738632,8.203913043478261,23,1,United Kingdom,1,1,Lapsed
16278.0,100,3,1117.84,1.3862943611198906,7.020047713280759,20.32436363636364,50,3,United Kingdom,1,3,Regular
16279.0,21,9,5698.28,2.302585092994046,8.648095130054656,16.374367816091954,243,9,United Kingdom,1,2,Best Customers
16280.0,725,1,238.05,0.6931471805599453,5.476672735072112,14.878125,16,1,United Kingdom,1,1,Lapsed
16281.0,72,3,3424.02,1.3862943611198906,8.138862590095334,87.79538461538462,27,3,United Kingdom,1,3,Regular
16282.0,340,3,1307.5800000000002,1.3862943611198906,7.176697858809751,39.623636363636365,31,3,United Kingdom,1,3,Regular
16283.0,6,8,4350.32,2.19722457733622,8.378234526327475,7.474776632302405,385,8,United Kingdom,1,3,Regular
16284.0,31,3,1018.48,1.3862943611198906,6.927047972362546,7.657744360902256,108,3,United Kingdom,1,3,Regular
16285.0,646,1,176.9,0.6931471805599453,5.18122159467179,5.706451612903226,31,1,United Kingdom,1,1,Lapsed
16286.0,477,2,328.95,1.0986122886681098,5.798941127829431,19.35,17,2,United Kingdom,1,1,Lapsed
16287.0,170,5,1006.98,1.791759469228055,6.915703607164632,23.97571428571429,18,5,United Kingdom,1,3,Regular
16288.0,470,1,129.85,0.6931471805599453,4.874051628976154,18.55,7,1,United Kingdom,1,1,Lapsed
16289.0,462,1,136.31,0.6931471805599453,4.92224114333366,6.490952380952381,21,1,United Kingdom,1,1,Lapsed
16290.0,465,4,1957.7,1.6094379124341005,7.580036266860698,15.787903225806453,85,4,United Kingdom,1,1,Lapsed
16291.0,682,1,117.72,0.6931471805599453,4.77676777941907,117.72,1,1,Portugal,0,1,Lapsed
16292.0,122,5,1253.76,1.791759469228055,7.134699598218368,20.22193548387097,51,5,United Kingdom,1,3,Regular
16293.0,22,15,4279.2,2.772588722239781,8.36175501645604,19.018666666666665,168,10,United Kingdom,1,2,Best Customers
16294.0,477,1,126.05,0.6931471805599453,4.8445807097661735,15.75625,8,1,United Kingdom,1,1,Lapsed
16295.0,10,4,1328.55,1.6094379124341005,7.192595818099261,16.817088607594936,70,4,United Kingdom,1,3,Regular
16296.0,626,4,1313.67,1.6094379124341005,7.181340962548159,17.752297297297297,56,4,United Kingdom,1,1,Lapsed
16297.0,269,1,301.9,0.6931471805599453,5.713402718033191,15.095,20,1,United Kingdom,1,0,New / Low Engagement
16298.0,23,7,1085.7,2.079441541679836,6.990900860068806,23.1,32,7,United Kingdom,1,3,Regular
16299.0,477,1,193.65,0.6931471805599453,5.271203074056465,16.1375,12,1,United Kingdom,1,1,Lapsed
16300.0,430,3,1367.32,1.3862943611198906,7.221338988956571,5.745042016806722,190,3,United Kingdom,1,1,Lapsed
16301.0,737,1,107.33,0.6931471805599453,4.6851821239574765,17.888333333333332,6,1,United Kingdom,1,1,Lapsed
16302.0,127,1,233.22,0.6931471805599453,5.456260844613992,21.201818181818183,11,1,United Kingdom,1,0,New / Low Engagement
16303.0,26,7,7928.27,2.079441541679836,8.97831625490603,27.721223776223777,156,7,United Kingdom,1,2,Best Customers
16304.0,695,1,381.66,0.6931471805599453,5.9471468664568565,15.2664,25,1,United Kingdom,1,1,Lapsed
16305.0,139,1,361.22,0.6931471805599453,5.8922517620363895,16.41909090909091,22,1,United Kingdom,1,0,New / Low Engagement
16306.0,214,7,1124.72,2.079441541679836,7.02617810992586,16.78686567164179,55,7,United Kingdom,1,3,Regular
16307.0,429,3,1194.92,1.3862943611198906,7.0866710426412585,15.932266666666669,69,3,United Kingdom,1,1,Lapsed
16308.0,38,7,5120.0,2.079441541679836,8.54110501146255,731.4285714285714,1,7,United Kingdom,1,3,Regular
16309.0,106,2,706.57,1.0986122886681098,6.56183656455249,16.823095238095238,39,2,United Kingdom,1,0,New / Low Engagement
16310.0,414,2,460.08,1.0986122886681098,6.133571563732811,16.431428571428572,26,2,United Kingdom,1,1,Lapsed
16311.0,18,2,616.26,1.0986122886681098,6.425290328985104,16.655675675675674,35,2,United Kingdom,1,0,New / Low Engagement
16312.0,432,1,171.15,0.6931471805599453,5.148366189784533,17.115000000000002,10,1,United Kingdom,1,1,Lapsed
16313.0,3,2,274.15000000000003,1.0986122886681098,5.617316403505768,17.134375000000002,16,2,United Kingdom,1,0,New / Low Engagement
16314.0,390,3,1491.4,1.3862943611198906,7.308140841347003,24.05483870967742,58,3,United Kingdom,1,1,Lapsed
16315.0,331,2,402.71,1.0986122886681098,6.00069679842156,17.50913043478261,21,2,United Kingdom,1,1,Lapsed
16316.0,64,13,5744.91,2.6390573296152584,8.656243576346606,19.343131313131316,193,12,United Kingdom,1,2,Best Customers
16317.0,120,5,2192.51,1.791759469228055,7.693258279519971,18.73940170940171,103,5,United Kingdom,1,3,Regular
16318.0,35,1,328.15000000000003,0.6931471805599453,5.796513573913886,17.27105263157895,19,1,United Kingdom,1,0,New / Low Engagement
16319.0,218,1,404.4,0.6931471805599453,6.004874234017899,134.8,3,1,United Kingdom,1,0,New / Low Engagement
16320.0,172,6,5628.99,1.9459101490553128,8.635862944933224,23.356804979253116,193,6,Unspecified,0,3,Regular
16321.0,72,7,604.5500000000001,2.079441541679836,6.40613713596706,26.284782608695654,15,5,Australia,0,3,Regular
16322.0,1,2,326.75,1.0986122886681098,5.792251122643809,8.83108108108108,28,2,United Kingdom,1,0,New / Low Engagement
16323.0,196,2,353.66,1.0986122886681098,5.871159584064333,88.415,4,2,United Kingdom,1,0,New / Low Engagement
16324.0,128,3,408.59,1.3862943611198906,6.01515665936477,3.680990990990992,100,2,United Kingdom,1,0,New / Low Engagement
16325.0,47,12,3597.5,2.5649493574615367,8.188272370947859,26.068840579710145,104,12,United Kingdom,1,2,Best Customers
16326.0,6,24,4721.25,3.218875824868201,8.460040659911929,10.109743040685224,243,23,United Kingdom,1,2,Best Customers
16327.0,14,16,10159.64,2.833213344056216,9.226276711274537,11.584538198403648,289,16,United Kingdom,1,2,Best Customers
16328.0,563,1,310.83,0.6931471805599453,5.742458167518031,19.426875,16,1,United Kingdom,1,1,Lapsed
16329.0,428,4,1664.92,1.6094379124341005,7.418132802366146,16.008846153846154,83,4,United Kingdom,1,1,Lapsed
16330.0,18,7,625.38,2.079441541679836,6.439957215686664,5.345128205128205,105,5,United Kingdom,1,3,Regular
16331.0,432,6,2037.7,1.9459101490553128,7.620067628803093,59.93235294117648,33,4,United Kingdom,1,3,Regular
16332.0,28,11,2000.01,2.4849066497880004,7.601407332072496,10.15233502538071,158,11,United Kingdom,1,3,Regular
16333.0,8,22,26626.8,3.1354942159291497,10.189711061801596,591.7066666666667,9,13,United Kingdom,1,2,Best Customers
16334.0,492,1,263.73,0.6931471805599453,5.578710438662941,4.883888888888889,54,1,United Kingdom,1,1,Lapsed
16335.0,552,7,2753.52,2.079441541679836,7.9209984777323,7.6274792243767315,193,7,United Kingdom,1,1,Lapsed
16336.0,421,4,3517.69,1.6094379124341005,8.165844040232853,51.73073529411765,64,3,United Kingdom,1,3,Regular
16337.0,37,1,151.05,0.6931471805599453,5.024209414123374,15.105,10,1,United Kingdom,1,0,New / Low Engagement
16338.0,157,1,214.8,0.6931471805599453,5.374352052824034,19.527272727272727,11,1,United Kingdom,1,0,New / Low Engagement
16339.0,284,1,94.05,0.6931471805599453,4.554403068934438,5.225,17,1,United Kingdom,1,0,New / Low Engagement
16340.0,107,3,1496.24,1.3862943611198906,7.311378692210931,4.191148459383753,277,3,United Kingdom,1,3,Regular
16341.0,25,7,3850.79,2.079441541679836,8.256293254297947,24.372088607594936,103,6,United Kingdom,1,3,Regular
16342.0,75,4,322.41,1.6094379124341005,5.778920868124441,21.494000000000003,10,4,United Kingdom,1,0,New / Low Engagement
16343.0,16,3,614.12,1.3862943611198906,6.421817370723925,7.873333333333333,54,2,United Kingdom,1,0,New / Low Engagement
16344.0,158,4,842.42,1.6094379124341005,6.73746505457173,18.31347826086957,43,4,United Kingdom,1,3,Regular
16345.0,44,2,1178.79,1.0986122886681098,7.07309173552017,10.914722222222222,95,2,United Kingdom,1,0,New / Low Engagement
16346.0,385,1,224.51,0.6931471805599453,5.418364503857487,14.967333333333332,15,1,United Kingdom,1,1,Lapsed
16347.0,11,11,3442.96,2.4849066497880004,8.144377251078316,10.067134502923976,209,10,United Kingdom,1,2,Best Customers
16348.0,32,8,1744.42,2.19722457733622,7.464750493354978,6.894940711462451,180,7,United Kingdom,1,3,Regular
16349.0,291,1,53.5,0.6931471805599453,3.9982007016691994,5.944444444444445,9,1,United Kingdom,1,1,Lapsed
16350.0,21,9,2253.89,2.302585092994046,7.720856470259167,18.47450819672131,72,8,United Kingdom,1,3,Regular
16351.0,333,13,3330.03,2.6390573296152584,8.111036844457537,17.80764705882353,124,13,United Kingdom,1,3,Regular
16352.0,18,2,494.44,1.0986122886681098,6.205446256629806,17.658571428571427,28,2,United Kingdom,1,0,New / Low Engagement
16353.0,4,38,9795.46,3.6635616461296463,9.189776374911586,56.62115606936417,76,32,United Kingdom,1,2,Best Customers
16354.0,63,5,1119.46,1.791759469228055,7.021494594254829,7.996142857142857,116,5,United Kingdom,1,3,Regular
16355.0,375,1,416.35,0.6931471805599453,6.033925198296746,8.673958333333333,47,1,United Kingdom,1,1,Lapsed
16356.0,198,6,415.87,1.9459101490553128,6.032774422594961,7.0486440677966105,27,5,United Kingdom,1,3,Regular
16357.0,33,4,868.37,1.6094379124341005,6.767768811403081,18.47595744680851,43,4,United Kingdom,1,3,Regular
16358.0,1,5,2919.65,1.791759469228055,7.97956147322974,18.958766233766237,118,5,United Kingdom,1,3,Regular
16359.0,7,16,2697.75,2.833213344056216,7.900543981829017,21.582,78,16,United Kingdom,1,2,Best Customers
16360.0,5,6,3450.41,1.9459101490553128,8.146538122184259,5.425172955974842,365,6,United Kingdom,1,3,Regular
16361.0,10,4,891.21,1.6094379124341005,6.793701530880624,8.569326923076924,87,4,United Kingdom,1,3,Regular
16362.0,32,6,922.16,1.9459101490553128,6.827802567258844,10.246222222222222,67,4,United Kingdom,1,3,Regular
16363.0,53,1,109.36,0.6931471805599453,4.703747749349086,21.872000000000003,5,1,United Kingdom,1,0,New / Low Engagement
16364.0,12,2,705.79,1.0986122886681098,6.560733592071543,13.572884615384616,48,2,United Kingdom,1,0,New / Low Engagement
16365.0,18,15,3167.34,2.772588722239781,8.060963070407913,25.543064516129032,97,14,United Kingdom,1,2,Best Customers
16366.0,19,4,1548.13,1.6094379124341005,7.3454487620083295,19.847820512820515,74,4,United Kingdom,1,3,Regular
16367.0,37,3,1350.48,1.3862943611198906,7.208955567234827,6.055964125560538,196,3,United Kingdom,1,3,Regular
16368.0,2,3,621.44,1.3862943611198906,6.433647238151309,6.904888888888889,74,3,United Kingdom,1,0,New / Low Engagement
16369.0,18,7,2656.56,2.079441541679836,7.885163687571769,15.719289940828402,115,7,United Kingdom,1,3,Regular
16370.0,82,4,1301.91,1.6094379124341005,7.172355503365555,5.890995475113122,143,4,United Kingdom,1,3,Regular
16371.0,449,1,157.2,0.6931471805599453,5.063860055333554,14.29090909090909,11,1,United Kingdom,1,1,Lapsed
16372.0,33,5,1290.31,1.791759469228055,7.163412485956439,4.096222222222222,271,4,United Kingdom,1,3,Regular
16373.0,382,2,309.49,1.0986122886681098,5.738151694735743,10.672068965517242,25,2,United Kingdom,1,1,Lapsed
16374.0,66,5,1723.4,1.791759469228055,7.45263444287298,4.98092485549133,276,5,United Kingdom,1,3,Regular
16375.0,470,2,104.0,1.0986122886681098,4.653960350157523,8.0,11,1,United Kingdom,1,1,Lapsed
16376.0,9,2,974.96,1.0986122886681098,6.883421601966684,7.991475409836066,104,2,United Kingdom,1,0,New / Low Engagement
16377.0,267,2,1308.48,1.0986122886681098,7.17738539082617,130.848,6,2,United Kingdom,1,0,New / Low Engagement
16378.0,247,3,362.95,1.3862943611198906,5.897016495564267,15.780434782608696,22,3,United Kingdom,1,0,New / Low Engagement
16379.0,4,4,2157.4,1.6094379124341005,7.677122485453491,19.975925925925928,87,4,United Kingdom,1,3,Regular
16380.0,61,1,1743.15,0.6931471805599453,7.46402260994466,56.23064516129032,28,1,United Kingdom,1,0,New / Low Engagement
16381.0,396,2,247.85,1.0986122886681098,5.516850305304563,4.06311475409836,60,2,United Kingdom,1,1,Lapsed
16382.0,408,2,353.1,1.0986122886681098,5.869579359117858,8.025,42,2,United Kingdom,1,1,Lapsed
16383.0,75,7,2896.69,2.079441541679836,7.971669146834533,7.241725,239,7,United Kingdom,1,3,Regular
16384.0,90,4,1358.95,1.6094379124341005,7.215203213348377,16.77716049382716,80,4,United Kingdom,1,3,Regular
16385.0,60,5,881.35,1.791759469228055,6.782588802689242,7.731140350877193,94,5,United Kingdom,1,3,Regular
16386.0,29,3,1068.16,1.3862943611198906,6.974628572416427,7.684604316546763,127,3,United Kingdom,1,3,Regular
16387.0,323,5,882.46,1.791759469228055,6.783846016258317,10.1432183908046,68,5,United Kingdom,1,3,Regular
16388.0,654,1,186.05,0.6931471805599453,5.231375960794155,14.311538461538465,13,1,United Kingdom,1,1,Lapsed
16389.0,53,4,1382.0700000000002,1.6094379124341005,7.2320609449898114,40.64911764705883,33,4,United Kingdom,1,3,Regular
16390.0,537,3,467.5,1.3862943611198906,6.149536101678477,22.261904761904763,16,3,United Kingdom,1,1,Lapsed
16391.0,401,4,1052.26,1.6094379124341005,6.959645395236081,3.4613815789473685,261,4,United Kingdom,1,1,Lapsed
16392.0,270,3,756.7,1.3862943611198906,6.630287528937328,5.254861111111111,125,3,United Kingdom,1,0,New / Low Engagement
16393.0,2,23,5297.77,3.1780538303479458,8.575229997134835,7.092061579651942,313,23,United Kingdom,1,2,Best Customers
16394.0,57,5,1555.34,1.791759469228055,7.350092189866152,18.73903614457831,61,5,United Kingdom,1,3,Regular
16395.0,61,14,3518.41,2.70805020110221,8.166048640907043,5.549542586750788,416,12,United Kingdom,1,2,Best Customers
16396.0,476,1,137.8,0.6931471805599453,4.933034048072704,17.225,8,1,United Kingdom,1,1,Lapsed
16397.0,628,1,123.13,0.6931471805599453,4.821329403527856,13.681111111111113,9,1,United Kingdom,1,1,Lapsed
16398.0,154,2,1705.8,1.0986122886681098,7.442375551313843,20.80243902439024,75,2,United Kingdom,1,3,Regular
16399.0,19,3,630.22,1.3862943611198906,6.447654454707758,5.729272727272727,97,3,United Kingdom,1,0,New / Low Engagement
16400.0,95,9,3059.85,2.302585092994046,8.0264479341511,11.460112359550562,214,9,United Kingdom,1,3,Regular
16401.0,1,23,6849.15,3.1780538303479458,8.832025828826737,18.868181818181817,110,21,United Kingdom,1,2,Best Customers
16402.0,265,2,293.45,1.0986122886681098,5.685109209390579,5.148245614035088,55,2,United Kingdom,1,0,New / Low Engagement
16403.0,312,1,177.5,0.6931471805599453,5.184588601219693,17.75,10,1,United Kingdom,1,1,Lapsed
16404.0,70,1,443.05,0.6931471805599453,6.095937168704513,19.26304347826087,23,1,United Kingdom,1,0,New / Low Engagement
16405.0,302,2,167.25,1.0986122886681098,5.125450968524837,33.45,3,2,United Kingdom,1,1,Lapsed
16406.0,19,3,528.36,1.3862943611198906,6.271668729703804,3.5700000000000003,135,3,United Kingdom,1,0,New / Low Engagement
16407.0,13,14,2761.65,2.70805020110221,7.923945642994425,12.274,120,12,United Kingdom,1,2,Best Customers
16408.0,591,1,231.93,0.6931471805599453,5.450737979243263,5.154,45,1,United Kingdom,1,1,Lapsed
16409.0,36,12,5652.74,2.5649493574615367,8.640072552052924,7.293858064516129,335,12,United Kingdom,1,2,Best Customers
16410.0,734,1,130.32,0.6931471805599453,4.877637092633392,26.064,5,1,United Kingdom,1,1,Lapsed
16411.0,19,4,756.39,1.6094379124341005,6.629878312317422,4.178950276243094,139,4,United Kingdom,1,3,Regular
16412.0,54,5,593.19,1.791759469228055,6.387199133536505,4.862213114754099,84,5,United Kingdom,1,3,Regular
16413.0,57,2,522.03,1.0986122886681098,6.259638823796495,7.676911764705882,55,2,United Kingdom,1,0,New / Low Engagement
16414.0,22,5,551.21,1.791759469228055,6.313928408712741,8.74936507936508,58,5,United Kingdom,1,3,Regular
16415.0,44,3,696.76,1.3862943611198906,6.547875204094456,4.805241379310345,120,3,United Kingdom,1,0,New / Low Engagement
16416.0,27,9,2957.88,2.302585092994046,7.992566097336566,15.90258064516129,146,8,United Kingdom,1,3,Regular
16417.0,493,1,35.7,0.6931471805599453,3.6027767550605247,35.7,1,1,United Kingdom,1,1,Lapsed
16418.0,45,5,1028.74,1.791759469228055,6.937061622174111,6.59448717948718,121,5,United Kingdom,1,3,Regular
16419.0,113,8,1463.7,2.19722457733622,7.289405722324261,16.263333333333335,62,7,United Kingdom,1,3,Regular
16420.0,396,1,75.0,0.6931471805599453,4.330733340286331,37.5,2,1,United Kingdom,1,1,Lapsed
16421.0,376,3,526.27,1.3862943611198906,6.26771275130897,13.849210526315789,35,3,United Kingdom,1,1,Lapsed
16422.0,17,109,61920.87,4.700480365792417,11.033628708065988,88.71184813753582,111,92,United Kingdom,1,2,Best Customers
16423.0,25,1,346.12,0.6931471805599453,5.849670541490095,19.22888888888889,18,1,United Kingdom,1,0,New / Low Engagement
16424.0,191,2,443.06,1.0986122886681098,6.09595968843743,34.081538461538464,10,2,United Kingdom,1,0,New / Low Engagement
16425.0,302,1,302.7,0.6931471805599453,5.716040372051703,14.414285714285716,21,1,United Kingdom,1,1,Lapsed
16426.0,2,10,1863.76,2.3978952727983707,7.530887637470042,5.279773371104816,211,7,United Kingdom,1,3,Regular
16427.0,263,2,241.06,1.0986122886681098,5.489185629310458,26.784444444444446,8,2,United Kingdom,1,0,New / Low Engagement
16428.0,414,3,638.49,1.3862943611198906,6.46067098368006,5.02748031496063,121,2,United Kingdom,1,1,Lapsed
16429.0,106,1,284.55,0.6931471805599453,5.654417145110872,142.275,2,1,United Kingdom,1,0,New / Low Engagement
16430.0,57,7,1117.94,2.079441541679836,7.02013708757141,39.92642857142857,19,7,United Kingdom,1,3,Regular
16431.0,213,3,623.28,1.3862943611198906,6.436598985674353,8.201052631578946,51,2,United Kingdom,1,0,New / Low Engagement
16432.0,64,1,287.40000000000003,0.6931471805599453,5.664348405410794,35.925000000000004,8,1,United Kingdom,1,0,New / Low Engagement
16433.0,28,2,384.52,1.0986122886681098,5.954593072332077,11.309411764705882,33,2,United Kingdom,1,0,New / Low Engagement
16434.0,29,12,2673.69,2.5649493574615367,7.891588764764124,14.853833333333334,126,12,United Kingdom,1,2,Best Customers
16435.0,512,3,1003.07,1.3862943611198906,6.911817018936809,8.02456,119,2,United Kingdom,1,1,Lapsed
16436.0,668,3,319.14,1.3862943611198906,5.768758400118552,7.978499999999999,37,3,United Kingdom,1,1,Lapsed
16437.0,381,2,301.25,1.0986122886681098,5.711254489494902,14.345238095238097,17,2,United Kingdom,1,1,Lapsed
16438.0,6,5,798.35,1.791759469228055,6.683798897410901,6.04810606060606,74,5,United Kingdom,1,3,Regular
16439.0,722,1,310.70000000000005,0.6931471805599453,5.742041186773292,34.522222222222226,9,1,United Kingdom,1,1,Lapsed
16440.0,8,6,3856.97,1.9459101490553128,8.257896417385673,12.563420195439738,202,6,United Kingdom,1,3,Regular
16441.0,67,5,1019.13,1.791759469228055,6.927685349137523,11.989764705882353,67,5,United Kingdom,1,3,Regular
16442.0,2,5,891.98,1.791759469228055,6.794564184209122,3.611255060728745,226,5,United Kingdom,1,3,Regular
16443.0,521,1,162.24,0.6931471805599453,5.095221510537605,162.24,1,1,United Kingdom,1,1,Lapsed
16444.0,46,17,3625.88,2.8903717578961645,8.1961280535412,9.773261455525606,217,16,United Kingdom,1,2,Best Customers
16445.0,34,4,583.16,1.6094379124341005,6.370174917907327,3.239777777777777,143,3,United Kingdom,1,0,New / Low Engagement
16446.0,1,2,168472.5,1.0986122886681098,12.034533746376653,56157.5,3,2,United Kingdom,1,2,Best Customers
16447.0,136,3,727.1,1.3862943611198906,6.590438401400665,10.69264705882353,59,3,United Kingdom,1,0,New / Low Engagement
16448.0,198,2,361.12,1.0986122886681098,5.891975648607239,7.2224,45,2,United Kingdom,1,0,New / Low Engagement
16449.0,198,2,707.69,1.0986122886681098,6.563418195373777,17.69225,40,2,United Kingdom,1,0,New / Low Engagement
16450.0,150,3,1505.73,1.3862943611198906,7.317697018672935,35.016976744186046,36,3,United Kingdom,1,3,Regular
16451.0,88,3,1013.15,1.3862943611198906,6.921806102204797,15.586923076923076,61,3,United Kingdom,1,3,Regular
16452.0,631,2,332.17,1.0986122886681098,5.808652870224797,18.45388888888889,14,2,United Kingdom,1,1,Lapsed
16453.0,531,2,251.71,1.0986122886681098,5.532242586226923,16.78066666666667,15,2,United Kingdom,1,1,Lapsed
16454.0,45,4,30.950000000000003,1.6094379124341005,3.464172180823544,7.737500000000001,4,4,United Kingdom,1,0,New / Low Engagement
16455.0,64,11,3995.57,2.4849066497880004,8.293191772238593,19.490585365853654,111,10,United Kingdom,1,2,Best Customers
16456.0,99,13,6000.94,2.6390573296152584,8.699838029282567,15.3476726342711,226,12,United Kingdom,1,2,Best Customers
16457.0,218,1,208.36,0.6931471805599453,5.34405525822189,23.151111111111117,9,1,United Kingdom,1,0,New / Low Engagement
16458.0,3,30,5690.89,3.4339872044851463,8.646797633654067,14.936719160104987,91,30,United Kingdom,1,2,Best Customers
16459.0,730,1,71.78999999999999,0.6931471805599453,4.287578583130166,14.358,5,1,United Kingdom,1,1,Lapsed
16460.0,28,3,811.23,1.3862943611198906,6.699783551285148,6.145681818181818,128,3,United Kingdom,1,0,New / Low Engagement
16461.0,178,3,1545.83,1.3862943611198906,7.343962954424815,6.134246031746032,223,3,United Kingdom,1,3,Regular
16462.0,74,3,136.0,1.3862943611198906,4.919980925828125,45.333333333333336,1,3,United Kingdom,1,0,New / Low Engagement
16463.0,21,4,1422.4,1.6094379124341005,7.260803654865171,17.346341463414635,74,4,United Kingdom,1,3,Regular
16464.0,20,3,1298.66,1.3862943611198906,7.169857970780942,5.646347826086957,152,3,United Kingdom,1,3,Regular
16465.0,421,2,746.24,1.0986122886681098,6.616386418672361,15.546666666666669,45,2,United Kingdom,1,1,Lapsed
16466.0,34,15,3767.09,2.772588722239781,8.234323520761322,11.21157738095238,207,15,United Kingdom,1,2,Best Customers
16467.0,509,7,2869.16,2.079441541679836,7.962123056328662,119.54833333333332,14,7,United Kingdom,1,3,Regular
16468.0,74,3,787.52,1.3862943611198906,6.670157770697776,17.500444444444444,38,3,United Kingdom,1,0,New / Low Engagement
16469.0,24,5,803.9,1.791759469228055,6.690718046099688,4.14381443298969,167,4,United Kingdom,1,3,Regular
16470.0,52,11,2416.85,2.4849066497880004,7.79063399451105,5.164209401709401,286,10,United Kingdom,1,3,Regular
16471.0,275,4,1189.98,1.6094379124341005,7.082531776603052,19.19322580645161,48,4,United Kingdom,1,3,Regular
16472.0,434,2,789.6,1.0986122886681098,6.672792150862585,20.246153846153845,39,2,United Kingdom,1,1,Lapsed
16473.0,165,4,470.83,1.6094379124341005,6.156618751217421,16.815357142857142,26,4,United Kingdom,1,0,New / Low Engagement
16474.0,7,7,1810.65,2.079441541679836,7.501993311212868,5.372848664688427,237,6,United Kingdom,1,3,Regular
16475.0,88,4,544.3,1.6094379124341005,6.301336101932016,19.439285714285717,23,4,United Kingdom,1,0,New / Low Engagement
16476.0,432,1,350.35,0.6931471805599453,5.861782877638206,14.597916666666668,24,1,United Kingdom,1,1,Lapsed
16477.0,64,11,4094.37,2.4849066497880004,8.317612346295839,16.64378048780488,177,11,United Kingdom,1,2,Best Customers
16478.0,25,3,331.0,1.3862943611198906,5.805134968916488,19.47058823529412,15,3,United Kingdom,1,0,New / Low Engagement
16479.0,10,2,300.83,1.0986122886681098,5.709863944972069,8.595142857142857,35,1,United Kingdom,1,0,New / Low Engagement
16480.0,76,1,769.29,0.6931471805599453,6.646767067319571,14.514905660377355,51,1,United Kingdom,1,0,New / Low Engagement
16481.0,682,1,453.38,0.6931471805599453,6.118933852353786,28.33625,16,1,United Kingdom,1,1,Lapsed
16482.0,16,1,220.62,0.6931471805599453,5.400964203508179,12.256666666666668,18,1,United Kingdom,1,0,New / Low Engagement
16483.0,192,1,139.35,0.6931471805599453,4.944139302807892,7.334210526315789,19,1,United Kingdom,1,0,New / Low Engagement
16484.0,174,2,404.3,1.0986122886681098,6.004627533634263,16.172,25,2,United Kingdom,1,0,New / Low Engagement
16485.0,77,5,2287.19,1.791759469228055,7.735516391009938,15.883263888888887,126,5,United Kingdom,1,3,Regular
16486.0,538,1,134.36,0.6931471805599453,4.907937895857914,19.19428571428572,7,1,United Kingdom,1,1,Lapsed
16487.0,577,2,209.4,1.0986122886681098,5.349010480863555,5.982857142857143,28,2,United Kingdom,1,1,Lapsed
16488.0,33,3,498.8,1.3862943611198906,6.214208018400852,17.2,28,3,United Kingdom,1,0,New / Low Engagement
16489.0,380,2,303.7,1.0986122886681098,5.719327685991663,50.61666666666667,4,2,United Kingdom,1,1,Lapsed
16490.0,436,1,205.41000000000005,0.6931471805599453,5.329864482046166,15.800769230769232,13,1,United Kingdom,1,1,Lapsed
16491.0,47,2,1533.16,1.0986122886681098,7.33573827896526,17.622528735632184,86,2,United Kingdom,1,3,Regular
16492.0,541,1,385.56,0.6931471805599453,5.957287095306396,16.763478260869565,23,1,United Kingdom,1,1,Lapsed
16493.0,80,7,2132.09,2.079441541679836,7.665326911674032,19.20801801801802,77,7,United Kingdom,1,3,Regular
16494.0,297,1,826.53,0.6931471805599453,6.7184453603705006,16.5306,47,1,United Kingdom,1,0,New / Low Engagement
16495.0,3,3,648.26,1.3862943611198906,6.475833252811612,7.366590909090909,78,2,United Kingdom,1,0,New / Low Engagement
16496.0,9,6,2330.77,1.9459101490553128,7.754382914819036,16.88963768115942,120,5,United Kingdom,1,3,Regular
16497.0,50,23,6695.28,3.1780538303479458,8.809307427304605,19.86729970326409,239,17,United Kingdom,1,2,Best Customers
16498.0,161,2,100.97,1.0986122886681098,4.624678652376135,6.731333333333334,15,2,United Kingdom,1,0,New / Low Engagement
16499.0,360,8,2578.34,2.19722457733622,7.855288831236204,17.90513888888889,104,8,United Kingdom,1,3,Regular
16500.0,5,9,843.9100000000001,2.302585092994046,6.739230112808961,24.82088235294118,24,8,United Kingdom,1,3,Regular
16501.0,383,1,1191.23,0.6931471805599453,7.0835807820323895,5.98608040201005,181,1,United Kingdom,1,1,Lapsed
16502.0,620,2,258.55,1.0986122886681098,5.558949362273238,6.30609756097561,41,1,United Kingdom,1,1,Lapsed
16503.0,107,11,3614.34,2.4849066497880004,8.192941182728983,16.9687323943662,161,10,United Kingdom,1,2,Best Customers
16504.0,25,1,465.88,0.6931471805599453,6.14607226533442,5.613012048192771,76,1,United Kingdom,1,0,New / Low Engagement
16505.0,32,1,777.6,0.6931471805599453,6.657497435176356,194.4,4,1,United Kingdom,1,0,New / Low Engagement
16506.0,20,2,90.3,1.0986122886681098,4.514150787600923,30.100000000000005,3,2,United Kingdom,1,0,New / Low Engagement
16507.0,572,1,142.71,0.6931471805599453,4.967797380086156,3.755526315789474,37,1,United Kingdom,1,1,Lapsed
16508.0,630,1,240.95,0.6931471805599453,5.488731093239328,5.603488372093023,42,1,United Kingdom,1,1,Lapsed
16509.0,297,1,363.7000000000001,0.6931471805599453,5.8990750978146345,27.97692307692308,13,1,United Kingdom,1,1,Lapsed
16510.0,372,6,1777.5,1.9459101490553128,7.48352559138851,15.870535714285714,94,6,United Kingdom,1,3,Regular
16511.0,22,6,1760.49,1.9459101490553128,7.4739153207853315,5.79108552631579,235,6,United Kingdom,1,3,Regular
16513.0,5,4,874.59,1.6094379124341005,6.774897944843427,24.98828571428572,33,4,United Kingdom,1,3,Regular
16515.0,52,10,3179.06,2.3978952727983707,8.064655343520753,13.470593220338984,184,10,United Kingdom,1,3,Regular
16516.0,30,1,101.7,0.6931471805599453,4.631812116934513,16.95,6,1,United Kingdom,1,0,New / Low Engagement
16517.0,277,1,162.70000000000002,0.6931471805599453,5.098035484377089,9.57058823529412,17,1,United Kingdom,1,0,New / Low Engagement
16518.0,61,4,959.37,1.6094379124341005,6.867318626874623,14.108382352941176,61,4,United Kingdom,1,3,Regular
16519.0,25,4,439.06,1.6094379124341005,6.086911081251995,12.196111111111112,32,4,United Kingdom,1,0,New / Low Engagement
16520.0,186,6,2148.38,1.9459101490553128,7.672934707441458,6.103352272727273,251,6,United Kingdom,1,3,Regular
16521.0,415,3,1140.11,1.3862943611198906,7.039756751876076,4.810590717299577,212,2,United Kingdom,1,1,Lapsed
16522.0,436,2,433.36,1.0986122886681098,6.0738736833487,24.07555555555556,16,2,United Kingdom,1,1,Lapsed
16523.0,2,28,11916.33,3.367295829986474,9.385748922240507,32.11948787061995,180,24,United Kingdom,1,2,Best Customers
16524.0,446,2,306.19,1.0986122886681098,5.727466448660353,5.777169811320754,50,2,United Kingdom,1,1,Lapsed
16525.0,2,48,24151.3,3.8918202981106265,10.092134892641097,68.41728045325779,115,48,United Kingdom,1,2,Best Customers
16526.0,172,2,717.21,1.0986122886681098,6.576762005393183,20.491714285714288,30,2,United Kingdom,1,0,New / Low Engagement
16527.0,81,2,1232.94,1.0986122886681098,7.117967580916939,16.889589041095892,66,2,United Kingdom,1,0,New / Low Engagement
16528.0,4,1,244.41,0.6931471805599453,5.502930281242811,14.377058823529412,17,1,United Kingdom,1,0,New / Low Engagement
16529.0,190,4,1986.8,1.6094379124341005,7.594783778533905,15.521875,87,4,United Kingdom,1,3,Regular
16530.0,668,1,48.35,0.6931471805599453,3.8989377658794906,16.116666666666667,3,1,United Kingdom,1,1,Lapsed
16531.0,22,11,2298.33,2.4849066497880004,7.740373055132061,16.654565217391305,109,11,United Kingdom,1,3,Regular
16532.0,18,5,8756.64,1.791759469228055,9.07768174124132,1459.4399999999998,2,5,United Kingdom,1,3,Regular
16533.0,19,3,1082.81,1.3862943611198906,6.988237889884059,6.1523295454545455,112,3,United Kingdom,1,3,Regular
16534.0,642,1,635.9,0.6931471805599453,6.45661265737732,17.663888888888888,36,1,United Kingdom,1,1,Lapsed
16535.0,5,3,972.04,1.3862943611198906,6.880425191310181,13.690704225352112,67,3,United Kingdom,1,3,Regular
16536.0,110,1,548.12,0.6931471805599453,6.308316996859543,10.15037037037037,49,1,United Kingdom,1,0,New / Low Engagement
16537.0,641,1,23.35,0.6931471805599453,3.192531849528599,5.8375,3,1,United Kingdom,1,1,Lapsed
16538.0,541,3,395.07,1.3862943611198906,5.981590963309683,9.635853658536584,35,2,United Kingdom,1,1,Lapsed
16539.0,3,10,3289.66,2.3978952727983707,8.098843431543079,25.111908396946564,83,10,United Kingdom,1,3,Regular
16540.0,414,1,205.75,0.6931471805599453,5.3315103339038,7.094827586206897,25,1,United Kingdom,1,1,Lapsed
16541.0,735,1,424.03,0.6931471805599453,6.052159754668478,11.158684210526316,38,1,United Kingdom,1,1,Lapsed
16542.0,54,2,257.32,1.0986122886681098,5.55419912645002,18.38,13,2,United Kingdom,1,0,New / Low Engagement
16543.0,592,1,292.21,0.6931471805599453,5.680889075842892,16.233888888888888,18,1,United Kingdom,1,1,Lapsed
16544.0,520,4,376.7000000000001,1.6094379124341005,5.934100229718411,34.24545454545455,8,2,United Kingdom,1,1,Lapsed
16545.0,165,2,689.8199999999999,1.0986122886681098,6.537879297793204,86.22749999999999,6,2,United Kingdom,1,0,New / Low Engagement
16546.0,291,5,5307.07,1.791759469228055,8.576983583006438,60.307613636363634,75,4,United Kingdom,1,3,Regular
16547.0,546,1,104.26,0.6931471805599453,4.656433479925632,4.1704,25,1,United Kingdom,1,1,Lapsed
16548.0,599,1,30.15,0.6931471805599453,3.4388142452334622,5.025,6,1,United Kingdom,1,1,Lapsed
16549.0,10,34,12781.8,3.555348061489413,9.455855796266077,4.132492725509215,836,31,United Kingdom,1,2,Best Customers
16550.0,109,18,8813.58,2.9444389791664403,9.084162447639006,11.673615894039736,274,18,United Kingdom,1,2,Best Customers
16551.0,96,7,2237.12,2.079441541679836,7.713391506737356,25.421818181818185,67,7,United Kingdom,1,3,Regular
16552.0,243,2,379.73,1.0986122886681098,5.942090462490183,22.33705882352941,17,2,United Kingdom,1,0,New / Low Engagement
16553.0,163,33,16584.01,3.5263605246161616,9.716254554335448,56.79455479452054,195,16,United Kingdom,1,2,Best Customers
16554.0,42,8,2841.7200000000003,2.19722457733622,7.952516619287596,17.016287425149702,108,8,United Kingdom,1,3,Regular
16555.0,35,6,1915.68,1.9459101490553128,7.558349801620829,29.025454545454547,59,3,United Kingdom,1,3,Regular
16556.0,67,17,8012.58,2.8903717578961645,8.988892881537227,16.623609958506226,280,17,United Kingdom,1,2,Best Customers
16557.0,24,2,281.85,1.0986122886681098,5.644916721789165,25.622727272727275,11,2,United Kingdom,1,0,New / Low Engagement
16558.0,1,38,13304.11,3.6635616461296463,9.495903450946196,17.668140770252325,383,36,United Kingdom,1,2,Best Customers
16559.0,397,1,175.0,0.6931471805599453,5.170483995038151,10.294117647058824,17,1,United Kingdom,1,1,Lapsed
16560.0,27,8,3048.38,2.19722457733622,8.02269357024902,15.395858585858589,140,8,United Kingdom,1,3,Regular
16561.0,6,2,511.12,1.0986122886681098,6.238558972577978,16.48774193548387,29,2,United Kingdom,1,0,New / Low Engagement
16562.0,477,1,223.86,0.6931471805599453,5.415477986321614,6.584117647058824,34,1,United Kingdom,1,1,Lapsed
16563.0,54,6,4412.56,1.9459101490553128,8.392436899020652,49.57932584269663,55,6,United Kingdom,1,3,Regular
16564.0,569,1,87.80000000000001,0.6931471805599453,4.486386649998124,17.560000000000002,5,1,United Kingdom,1,1,Lapsed
16565.0,364,4,773.05,1.6094379124341005,6.651636470986475,70.27727272727272,7,4,United Kingdom,1,1,Lapsed
16566.0,15,5,614.66,1.791759469228055,6.422694863102173,34.147777777777776,14,5,United Kingdom,1,3,Regular
16567.0,194,2,865.6,1.0986122886681098,6.764577509305809,24.731428571428573,34,2,United Kingdom,1,0,New / Low Engagement
16568.0,428,2,1020.9,1.0986122886681098,6.929418918618163,204.18,5,2,United Kingdom,1,1,Lapsed
16569.0,3,5,1455.23,1.791759469228055,7.28360618331412,41.578,27,5,United Kingdom,1,3,Regular
16570.0,15,20,7434.31,3.044522437723423,8.913995552712347,30.847759336099585,114,17,United Kingdom,1,2,Best Customers
16571.0,27,10,4248.74,2.3978952727983707,8.354613083576517,16.661725490196076,151,10,United Kingdom,1,2,Best Customers
16572.0,127,3,1009.6,1.3862943611198906,6.918299492857808,17.712280701754388,40,3,United Kingdom,1,3,Regular
16573.0,85,2,663.61,1.0986122886681098,6.499200402451892,15.800238095238097,40,2,United Kingdom,1,0,New / Low Engagement
16574.0,71,3,1301.78,1.3862943611198906,7.172255721733736,15.136976744186049,86,3,United Kingdom,1,3,Regular
16576.0,420,2,540.87,1.0986122886681098,6.295026120271936,16.39,32,2,United Kingdom,1,1,Lapsed
16577.0,667,1,380.0,0.6931471805599453,5.942799375126701,16.52173913043478,23,1,United Kingdom,1,1,Lapsed
16578.0,626,1,156.6,0.6931471805599453,5.060060177423779,17.4,9,1,United Kingdom,1,1,Lapsed
16579.0,426,1,295.05,0.6931471805599453,5.690528358977785,21.075,14,1,United Kingdom,1,1,Lapsed
16581.0,183,1,105.84,0.6931471805599453,4.67133238824176,11.76,9,1,United Kingdom,1,0,New / Low Engagement
16582.0,113,1,313.62,0.6931471805599453,5.751365561394358,52.27,6,1,United Kingdom,1,0,New / Low Engagement
16583.0,374,2,297.95,1.0986122886681098,5.7002763353269135,16.552777777777777,18,2,United Kingdom,1,1,Lapsed
16584.0,80,5,3156.17,1.791759469228055,8.057431335698642,38.48987804878049,61,5,United Kingdom,1,3,Regular
16585.0,594,2,341.59000000000003,1.0986122886681098,5.8365343969059404,18.977222222222224,16,2,United Kingdom,1,1,Lapsed
16586.0,249,3,1462.78,1.3862943611198906,7.288777410005061,52.24214285714286,27,3,United Kingdom,1,3,Regular
16587.0,232,1,225.15,0.6931471805599453,5.421198495923853,17.31923076923077,13,1,United Kingdom,1,0,New / Low Engagement
16588.0,386,4,1361.28,1.6094379124341005,7.216915045610148,19.172957746478872,64,4,United Kingdom,1,3,Regular
16589.0,71,4,612.36,1.6094379124341005,6.418952039250639,13.917272727272728,39,4,United Kingdom,1,3,Regular
16590.0,401,2,605.9,1.0986122886681098,6.408364032841809,20.893103448275863,26,2,United Kingdom,1,1,Lapsed
16591.0,69,1,213.5,0.6931471805599453,5.368309738368072,21.35,10,1,United Kingdom,1,0,New / Low Engagement
16592.0,4,28,7807.91,3.367295829986474,8.963020668432987,18.24278037383177,221,18,United Kingdom,1,2,Best Customers
16593.0,51,8,1071.14,2.19722457733622,6.977411930118625,13.732564102564105,57,8,United Kingdom,1,3,Regular
16594.0,75,1,181.09,0.6931471805599453,5.204501070343752,3.416792452830189,53,1,United Kingdom,1,0,New / Low Engagement
16595.0,61,5,1757.75,1.791759469228055,7.472358608428599,3.888827433628319,337,5,United Kingdom,1,3,Regular
16596.0,16,4,458.98,1.6094379124341005,6.131183010277065,19.124166666666667,23,4,United Kingdom,1,0,New / Low Engagement
16597.0,4,1,90.04,0.6931471805599453,4.511298970378021,12.862857142857145,7,1,United Kingdom,1,0,New / Low Engagement
16598.0,286,1,145.05,0.6931471805599453,4.983949028833751,14.505,10,1,United Kingdom,1,0,New / Low Engagement
16599.0,386,1,172.8,0.6931471805599453,5.157905212831292,14.4,12,1,United Kingdom,1,1,Lapsed
16600.0,4,13,2153.41,2.6390573296152584,7.675272183150189,15.058811188811188,106,13,United Kingdom,1,2,Best Customers
16601.0,41,3,677.0,1.3862943611198906,6.519147287940395,9.81159420289855,60,3,United Kingdom,1,0,New / Low Engagement
16602.0,36,2,763.33,1.0986122886681098,6.638999633081288,19.08325,37,2,United Kingdom,1,0,New / Low Engagement
16603.0,75,2,482.47,1.0986122886681098,6.180989265398516,14.19029411764706,34,2,United Kingdom,1,0,New / Low Engagement
16604.0,563,2,432.4500000000001,1.0986122886681098,6.071776449314649,36.0375,10,2,United Kingdom,1,1,Lapsed
16605.0,724,1,60.48,0.6931471805599453,4.118711918670395,60.48,1,1,United Kingdom,1,1,Lapsed
16606.0,404,2,357.66,1.0986122886681098,5.882374864520278,16.257272727272728,16,2,United Kingdom,1,1,Lapsed
16607.0,18,25,5706.87,3.258096538021482,8.649601203284814,19.15057046979866,212,24,United Kingdom,1,2,Best Customers
16608.0,454,2,1286.62,1.0986122886681098,7.160550832078174,10.633223140495868,94,2,United Kingdom,1,1,Lapsed
16609.0,15,7,5493.46,2.079441541679836,8.611495590853199,19.903840579710145,155,7,United Kingdom,1,3,Regular
16610.0,219,1,75.66,0.6931471805599453,4.339380059952409,12.61,6,1,United Kingdom,1,0,New / Low Engagement
16611.0,186,6,1785.13,1.9459101490553128,7.487806547141364,16.228454545454547,86,6,United Kingdom,1,3,Regular
16612.0,33,9,3245.4300000000003,2.302585092994046,8.085311210034273,19.4337125748503,105,9,United Kingdom,1,3,Regular
16613.0,70,1,618.59,0.6931471805599453,6.429057968967668,20.619666666666667,30,1,United Kingdom,1,0,New / Low Engagement
16614.0,183,3,1179.79,1.3862943611198906,7.073938984975659,24.07734693877551,37,3,United Kingdom,1,3,Regular
16615.0,626,1,291.5,0.6931471805599453,5.678464666671911,15.342105263157896,19,1,United Kingdom,1,1,Lapsed
16616.0,15,2,500.42,1.0986122886681098,6.2174440732414,15.164242424242424,31,2,United Kingdom,1,0,New / Low Engagement
16617.0,236,1,151.85,0.6931471805599453,5.029457048336844,30.37,5,1,United Kingdom,1,0,New / Low Engagement
16618.0,31,5,2647.59,1.791759469228055,7.881782701906185,27.579062500000003,79,4,United Kingdom,1,3,Regular
16619.0,264,4,1938.33,1.6094379124341005,7.570097831581847,16.709741379310348,103,4,United Kingdom,1,3,Regular
16620.0,4,6,1758.93,1.9459101490553128,7.473029314513969,18.712021276595745,78,6,United Kingdom,1,3,Regular
16621.0,52,4,813.48,1.6094379124341005,6.70254987279894,28.05103448275862,22,4,United Kingdom,1,3,Regular
16622.0,544,1,225.4,0.6931471805599453,5.422303346329028,18.78333333333333,12,1,United Kingdom,1,1,Lapsed
16623.0,246,4,1015.24,1.6094379124341005,6.923864820715205,19.906666666666663,44,4,United Kingdom,1,3,Regular
16624.0,81,2,810.57,1.0986122886681098,6.698970643246788,16.886875,44,2,United Kingdom,1,0,New / Low Engagement
16625.0,275,5,1654.03,1.791759469228055,7.411574414535091,16.707373737373736,82,5,United Kingdom,1,3,Regular
16626.0,1,17,4413.1,2.8903717578961645,8.392559241748096,24.65418994413408,86,17,United Kingdom,1,2,Best Customers
16627.0,79,1,322.8,0.6931471805599453,5.780126041243535,16.14,20,1,United Kingdom,1,0,New / Low Engagement
16628.0,30,7,2318.1,2.079441541679836,7.7489344583611635,18.5448,84,7,United Kingdom,1,3,Regular
16629.0,74,2,408.63,1.0986122886681098,6.01525431323072,6.8105,58,2,United Kingdom,1,0,New / Low Engagement
16630.0,407,1,106.8,0.6931471805599453,4.680277658474897,26.700000000000003,4,1,United Kingdom,1,1,Lapsed
16631.0,482,7,1892.52,2.079441541679836,7.546192809736556,23.6565,46,6,United Kingdom,1,3,Regular
16632.0,486,2,406.4,1.0986122886681098,6.009795503792706,15.05185185185185,22,2,United Kingdom,1,1,Lapsed
16633.0,17,6,2883.1,1.9459101490553128,7.966968171867508,18.967763157894737,115,6,United Kingdom,1,3,Regular
16634.0,223,6,1649.81,1.9459101490553128,7.409021355529088,19.87722891566265,72,6,United Kingdom,1,3,Regular
16635.0,407,1,473.0,0.6931471805599453,6.161207321695077,18.92,25,1,United Kingdom,1,1,Lapsed
16636.0,438,4,3802.04,1.6094379124341005,8.243556025885042,52.0827397260274,62,4,United Kingdom,1,3,Regular
16637.0,32,4,1154.47,1.6094379124341005,7.052262466590724,16.73144927536232,66,4,United Kingdom,1,3,Regular
16638.0,23,15,2380.13,2.772588722239781,7.775330443904418,17.247318840579712,130,14,United Kingdom,1,2,Best Customers
16639.0,31,4,1747.98,1.6094379124341005,7.466788039847446,21.58,76,4,United Kingdom,1,3,Regular
16640.0,398,1,179.4,0.6931471805599453,5.195176607628524,13.8,13,1,United Kingdom,1,1,Lapsed
16641.0,106,2,554.5,1.0986122886681098,6.319868609079685,15.40277777777778,36,2,United Kingdom,1,0,New / Low Engagement
16642.0,5,3,1077.45,1.3862943611198906,6.983280104068383,19.95277777777778,50,3,United Kingdom,1,3,Regular
16643.0,246,2,923.11,1.0986122886681098,6.828831112175126,16.783818181818184,48,2,United Kingdom,1,0,New / Low Engagement
16644.0,178,2,833.78,1.0986122886681098,6.72716821708184,13.448064516129032,62,2,United Kingdom,1,0,New / Low Engagement
16645.0,736,1,160.39,0.6931471805599453,5.083823796047731,11.456428571428573,14,1,United Kingdom,1,1,Lapsed
16646.0,449,1,678.8,0.6931471805599453,6.521798637262015,23.406896551724135,29,1,United Kingdom,1,1,Lapsed
16647.0,170,4,541.9,1.6094379124341005,6.296925140911405,16.421212121212122,28,4,United Kingdom,1,0,New / Low Engagement
16648.0,43,3,672.8,1.3862943611198906,6.512933330972452,18.18378378378378,37,3,United Kingdom,1,0,New / Low Engagement
16649.0,520,1,306.58,0.6931471805599453,5.728735216011778,15.329,20,1,United Kingdom,1,1,Lapsed
16650.0,72,7,1916.11,2.079441541679836,7.558574122724386,19.55214285714285,71,6,United Kingdom,1,3,Regular
16651.0,587,1,136.2,0.6931471805599453,4.921439715291784,22.7,6,1,United Kingdom,1,1,Lapsed
16652.0,59,16,17550.39,2.833213344056216,9.77288842803688,63.8196,124,12,United Kingdom,1,2,Best Customers
16653.0,16,2,1212.66,1.0986122886681098,7.101395866495808,17.574782608695653,67,2,United Kingdom,1,0,New / Low Engagement
16654.0,141,8,1484.07,2.19722457733622,7.303217188172975,20.055,64,8,United Kingdom,1,3,Regular
16655.0,18,13,6423.26,2.6390573296152584,8.767836728032984,10.886881355932204,408,13,United Kingdom,1,2,Best Customers
16656.0,22,30,16833.170000000002,3.4339872044851463,9.731166028330486,119.38418439716314,22,28,United Kingdom,1,2,Best Customers
16657.0,10,4,874.43,1.6094379124341005,6.774715194217569,4.554322916666666,158,4,United Kingdom,1,3,Regular
16658.0,368,6,690.83,1.9459101490553128,6.53934026069726,10.79421875,49,5,United Kingdom,1,3,Regular
16659.0,189,1,39.12,0.6931471805599453,3.691874963093735,19.56,2,1,United Kingdom,1,0,New / Low Engagement
16660.0,16,7,1879.55,2.079441541679836,7.539319566230143,78.31458333333333,20,6,United Kingdom,1,3,Regular
16661.0,540,4,932.76,1.6094379124341005,6.839219445894366,15.044516129032258,50,4,United Kingdom,1,1,Lapsed
16662.0,394,1,151.05,0.6931471805599453,5.024209414123374,5.394642857142857,28,1,United Kingdom,1,1,Lapsed
16663.0,729,1,165.0,0.6931471805599453,5.111987788356544,165.0,1,1,United Kingdom,1,1,Lapsed
16664.0,569,1,109.2,0.6931471805599453,4.702296896718814,13.65,8,1,United Kingdom,1,1,Lapsed
16665.0,362,1,135.4,0.6931471805599453,4.915591745409362,15.044444444444444,9,1,United Kingdom,1,1,Lapsed
16666.0,19,2,217.71,1.0986122886681098,5.387746651374461,4.5356250000000005,42,2,United Kingdom,1,0,New / Low Engagement
16667.0,68,2,567.1800000000001,1.0986122886681098,6.342438269926957,10.907307692307691,52,2,United Kingdom,1,0,New / Low Engagement
16668.0,15,13,862.42,2.6390573296152584,6.760901247087513,16.272075471698113,28,12,United Kingdom,1,3,Regular
16669.0,24,3,1348.88,1.3862943611198906,7.207770978592735,8.646666666666667,141,2,United Kingdom,1,3,Regular
16670.0,17,20,8030.150000000001,3.044522437723423,8.991083009638244,16.55701030927835,258,18,United Kingdom,1,2,Best Customers
16671.0,28,3,1692.27,1.3862943611198906,7.434416849630159,282.045,3,3,United Kingdom,1,3,Regular
16672.0,2,20,8134.94,3.044522437723423,9.004046563069934,71.35912280701754,22,18,United Kingdom,1,2,Best Customers
16673.0,679,1,171.13,0.6931471805599453,5.148250005283415,9.006842105263157,19,1,United Kingdom,1,1,Lapsed
16674.0,55,2,304.24,1.0986122886681098,5.721098352421432,3.2713978494623657,89,2,United Kingdom,1,0,New / Low Engagement
16675.0,442,2,608.86,1.0986122886681098,6.413229422629599,26.47217391304348,21,2,United Kingdom,1,1,Lapsed
16676.0,34,6,2361.9,1.9459101490553128,7.767644957205523,17.758646616541355,106,6,United Kingdom,1,3,Regular
16677.0,411,2,880.62,1.0986122886681098,6.781761124166734,18.73659574468085,45,2,United Kingdom,1,1,Lapsed
16678.0,3,12,3109.99,2.5649493574615367,8.042696282491956,19.07969325153374,92,12,United Kingdom,1,2,Best Customers
16679.0,366,3,663.31,1.3862943611198906,6.498748907997604,36.85055555555555,15,3,United Kingdom,1,1,Lapsed
16680.0,43,3,821.45,1.3862943611198906,6.712287690518167,28.32586206896552,24,3,United Kingdom,1,0,New / Low Engagement
16681.0,73,7,1921.84,2.079441541679836,7.561558538799058,39.22122448979592,22,7,United Kingdom,1,3,Regular
16682.0,5,5,1028.0,1.791759469228055,6.9363427358340495,34.266666666666666,15,5,United Kingdom,1,3,Regular
16683.0,534,1,320.25,0.6931471805599453,5.77221963620943,17.791666666666668,18,1,United Kingdom,1,1,Lapsed
16684.0,4,55,147142.77,4.02535169073515,11.899165415014757,204.93422005571028,184,35,United Kingdom,1,2,Best Customers
16685.0,61,2,324.24,1.0986122886681098,5.784563371339637,5.229677419354839,60,1,United Kingdom,1,0,New / Low Engagement
16686.0,47,16,4881.07,2.833213344056216,8.49332458923602,4.748122568093385,549,14,United Kingdom,1,2,Best Customers
16687.0,391,1,157.63,0.6931471805599453,5.066574446420364,19.70375,8,1,United Kingdom,1,1,Lapsed
16688.0,1,4,1260.86,1.6094379124341005,7.1403421019236415,20.33645161290323,52,4,United Kingdom,1,3,Regular
16689.0,76,2,422.6,1.0986122886681098,6.048789613727251,32.50769230769231,12,2,United Kingdom,1,0,New / Low Engagement
16690.0,72,4,353.03000000000003,1.6094379124341005,5.869381655305767,18.580526315789477,12,4,United Kingdom,1,0,New / Low Engagement
16691.0,418,2,178.83,1.0986122886681098,5.192011960177106,16.257272727272728,11,2,United Kingdom,1,1,Lapsed
16692.0,256,4,1914.7,1.6094379124341005,7.557838370071055,382.94,3,4,United Kingdom,1,3,Regular
16693.0,69,5,1179.48,1.791759469228055,7.073676414408311,7.020714285714286,149,5,United Kingdom,1,3,Regular
16694.0,723,1,98.3,0.6931471805599453,4.598145571051127,32.76666666666667,3,1,United Kingdom,1,1,Lapsed
16695.0,562,2,191.9,1.0986122886681098,5.262171919911683,5.482857142857143,30,1,United Kingdom,1,1,Lapsed
16696.0,135,4,657.9,1.6094379124341005,6.490571777919774,65.78999999999999,7,4,United Kingdom,1,3,Regular
16697.0,241,1,112.75,0.6931471805599453,4.73400305783106,5.369047619047619,20,1,United Kingdom,1,0,New / Low Engagement
16698.0,227,2,1998.0,1.0986122886681098,7.6004023345004,399.6,4,2,United Kingdom,1,3,Regular
16699.0,380,7,994.6,2.079441541679836,6.903345570493437,16.04193548387097,51,7,United Kingdom,1,3,Regular
16700.0,9,25,8830.77,3.258096538021482,9.08611072651112,17.147126213592234,263,22,United Kingdom,1,2,Best Customers
16701.0,9,26,9916.73,3.295836866004329,9.20207934344803,36.06083636363636,154,25,United Kingdom,1,2,Best Customers
16702.0,415,4,1110.83,1.6094379124341005,7.0137625854257,12.206923076923076,84,4,United Kingdom,1,1,Lapsed
16704.0,618,2,664.16,1.0986122886681098,6.5000276132197135,12.29925925925926,50,2,United Kingdom,1,1,Lapsed
16705.0,1,42,43515.051,3.7612001156935615,10.680885137523006,62.97402460202605,400,26,United Kingdom,1,2,Best Customers
16706.0,37,3,531.35,1.3862943611198906,6.277301167760616,4.319918699186992,108,3,United Kingdom,1,0,New / Low Engagement
16707.0,400,4,533.41,1.6094379124341005,6.281163334622208,8.206307692307691,64,4,United Kingdom,1,1,Lapsed
16708.0,46,1,656.63,0.6931471805599453,6.488642463139346,24.31962962962963,27,1,United Kingdom,1,0,New / Low Engagement
16709.0,85,14,9056.01,2.70805020110221,9.1112943224927,29.9867880794702,220,12,United Kingdom,1,2,Best Customers
16710.0,19,22,5921.35,3.1354942159291497,8.686488608569949,6.514136413641364,541,21,United Kingdom,1,2,Best Customers
16711.0,3,9,2868.48,2.302585092994046,7.961886107668752,86.92363636363636,26,9,United Kingdom,1,3,Regular
16712.0,9,13,4232.87,2.6390573296152584,8.35087174739727,8.12451055662188,301,10,United Kingdom,1,2,Best Customers
16713.0,19,32,14115.56,3.49650756146648,9.55510385530326,11.149731437598737,541,31,United Kingdom,1,2,Best Customers
16714.0,219,4,1497.33,1.6094379124341005,7.312106433541031,13.612090909090908,95,3,United Kingdom,1,3,Regular
16715.0,78,2,625.52,1.0986122886681098,6.440180697210462,22.34,27,2,United Kingdom,1,0,New / Low Engagement
16716.0,267,3,2149.6800000000003,1.3862943611198906,7.673539350185795,268.71000000000004,7,3,United Kingdom,1,3,Regular
16717.0,24,14,6663.68,2.70805020110221,8.804577219457196,19.039085714285715,274,12,United Kingdom,1,2,Best Customers
16718.0,369,5,3006.08,1.791759469228055,8.008724787223924,16.983502824858757,123,5,United Kingdom,1,3,Regular
16719.0,15,14,3513.62,2.70805020110221,8.164686690292555,8.963316326530611,204,14,United Kingdom,1,2,Best Customers
16720.0,26,3,758.74,1.3862943611198906,6.632976269485864,5.4195714285714285,130,3,United Kingdom,1,0,New / Low Engagement
16721.0,262,1,292.47,0.6931471805599453,5.681775419393111,7.904594594594595,37,1,United Kingdom,1,0,New / Low Engagement
16722.0,17,22,8189.56,3.1354942159291497,9.010737550577954,21.665502645502645,145,22,United Kingdom,1,2,Best Customers
16723.0,91,4,1231.36,1.6094379124341005,7.116686309201291,9.930322580645162,108,4,United Kingdom,1,3,Regular
16724.0,405,1,147.35,0.6931471805599453,4.999574346736831,8.66764705882353,17,1,United Kingdom,1,1,Lapsed
16725.0,302,14,1688.26,2.70805020110221,7.43204584220165,4.85132183908046,242,12,United Kingdom,1,3,Regular
16726.0,26,7,2063.88,2.079441541679836,7.632827392326456,7.877404580152672,150,6,United Kingdom,1,3,Regular
16727.0,364,4,1377.77,1.6094379124341005,7.228947076355522,6.7208292682926825,158,4,United Kingdom,1,3,Regular
16728.0,46,4,1048.28,1.6094379124341005,6.955859493656283,3.985855513307985,218,4,United Kingdom,1,3,Regular
16729.0,38,21,7205.33,3.091042453358316,8.882715085430164,10.983734756097562,234,19,United Kingdom,1,2,Best Customers
16730.0,52,3,743.11,1.3862943611198906,6.612188873366803,9.062317073170732,75,3,United Kingdom,1,0,New / Low Engagement
16731.0,648,1,170.3,0.6931471805599453,5.143416405330075,4.0547619047619055,40,1,United Kingdom,1,1,Lapsed
16732.0,32,4,4387.64,1.6094379124341005,8.386774663084227,19.853574660633484,199,4,United Kingdom,1,3,Regular
16733.0,530,1,259.68,0.6931471805599453,5.56329360146418,21.64,12,1,United Kingdom,1,1,Lapsed
16734.0,52,3,646.76,1.3862943611198906,6.473520257377859,12.437692307692307,44,2,United Kingdom,1,0,New / Low Engagement
16735.0,79,14,6217.41,2.70805020110221,8.735269526045427,21.14765306122449,178,12,United Kingdom,1,2,Best Customers
16736.0,506,5,2956.56,1.791759469228055,7.992119883051658,20.675244755244755,116,5,United Kingdom,1,1,Lapsed
16737.0,53,2,835.2,1.0986122886681098,6.728867818922465,417.6,1,2,United Kingdom,1,0,New / Low Engagement
16738.0,298,1,3.75,0.6931471805599453,1.55814461804655,3.75,1,1,United Kingdom,1,1,Lapsed
16739.0,177,2,786.4300000000001,1.0986122886681098,6.668774477860048,20.69552631578948,33,2,United Kingdom,1,0,New / Low Engagement
16740.0,395,1,226.91,0.6931471805599453,5.42895081418324,7.0909375,30,1,United Kingdom,1,1,Lapsed
16741.0,625,1,173.06,0.6931471805599453,5.159400067361368,15.732727272727272,11,1,United Kingdom,1,1,Lapsed
16742.0,47,14,2799.87,2.70805020110221,7.937685362187323,26.92182692307692,51,14,United Kingdom,1,2,Best Customers
16743.0,29,14,4212.15,2.70805020110221,8.345965865427807,11.353504043126684,118,13,United Kingdom,1,2,Best Customers
16744.0,11,7,1291.91,2.079441541679836,7.164650770780832,5.4741949152542375,198,7,United Kingdom,1,3,Regular
16745.0,87,17,7180.7,2.8903717578961645,8.87929140281919,20.22732394366197,148,17,United Kingdom,1,2,Best Customers
16746.0,5,42,18046.75,3.7612001156935615,9.800776302251492,18.3588504577823,390,41,United Kingdom,1,2,Best Customers
16747.0,38,2,836.0600000000001,1.0986122886681098,6.729895752508072,19.90619047619048,34,2,United Kingdom,1,0,New / Low Engagement
16748.0,18,14,3637.33,2.70805020110221,8.199280064145107,22.04442424242424,55,14,United Kingdom,1,2,Best Customers
16749.0,591,2,4157.88,1.0986122886681098,8.333001086236969,57.748333333333335,53,2,United Kingdom,1,1,Lapsed
16750.0,45,5,623.93,1.791759469228055,6.437639643463933,6.567684210526315,74,5,United Kingdom,1,3,Regular
16751.0,31,1,1764.72,0.6931471805599453,7.476313818197086,70.5888,24,1,United Kingdom,1,0,New / Low Engagement
16752.0,373,1,207.5,0.6931471805599453,5.339939041238856,23.05555555555556,9,1,United Kingdom,1,1,Lapsed
16753.0,58,1,223.92,0.6931471805599453,5.415744783424001,6.5858823529411765,34,1,United Kingdom,1,0,New / Low Engagement
16754.0,372,29,65500.07,3.4011973816621555,11.089821757367776,467.8576428571429,38,19,United Kingdom,1,2,Best Customers
16755.0,114,7,2864.68,2.079441541679836,7.960560948281365,8.980188087774295,219,7,United Kingdom,1,3,Regular
16756.0,215,7,1312.37,2.079441541679836,7.180351632015874,16.61227848101266,64,7,United Kingdom,1,3,Regular
16757.0,319,2,270.48,1.0986122886681098,5.603888471835558,18.032,13,2,United Kingdom,1,1,Lapsed
16758.0,65,1,369.34,0.6931471805599453,5.91442150260967,16.78818181818182,22,1,United Kingdom,1,0,New / Low Engagement
16759.0,8,3,789.79,1.3862943611198906,6.673032445794151,18.804523809523808,40,2,United Kingdom,1,0,New / Low Engagement
16760.0,430,1,228.0,0.6931471805599453,5.43372200355424,13.411764705882351,17,1,United Kingdom,1,1,Lapsed
16761.0,97,1,316.62,0.6931471805599453,5.760855699682501,24.35538461538461,13,1,United Kingdom,1,0,New / Low Engagement
16762.0,20,3,1207.24,1.3862943611198906,7.096920034258086,19.162539682539684,51,3,United Kingdom,1,3,Regular
16763.0,199,2,964.7,1.0986122886681098,6.872853226972872,21.925,44,2,United Kingdom,1,0,New / Low Engagement
16764.0,4,13,2790.9500000000003,2.6390573296152584,7.934495555412452,3.987071428571429,209,13,United Kingdom,1,2,Best Customers
16765.0,294,2,454.75,1.0986122886681098,6.121944413558772,8.745192307692308,52,2,United Kingdom,1,0,New / Low Engagement
16766.0,273,2,1145.6,1.0986122886681098,7.044556320474283,33.69411764705882,17,1,United Kingdom,1,0,New / Low Engagement
16767.0,31,15,8056.76,2.772588722239781,8.994390881242214,25.09894080996885,209,12,United Kingdom,1,2,Best Customers
16768.0,48,9,1698.57,2.302585092994046,7.438130556872822,10.550124223602484,108,9,United Kingdom,1,3,Regular
16769.0,260,4,1117.05,1.6094379124341005,7.019341375434155,11.515979381443298,76,3,United Kingdom,1,3,Regular
16770.0,58,9,1778.93,2.302585092994046,7.484329316670153,5.247581120943953,202,9,United Kingdom,1,3,Regular
16771.0,33,10,3949.6,2.3978952727983707,8.2816227450939,9.680392156862744,303,10,United Kingdom,1,2,Best Customers
16772.0,423,3,3698.05,1.3862943611198906,8.2158313089079,54.38308823529412,54,3,United Kingdom,1,3,Regular
16773.0,57,3,421.24,1.3862943611198906,6.045573872755014,6.480615384615385,53,3,United Kingdom,1,0,New / Low Engagement
16774.0,68,8,1567.48,2.19722457733622,7.357862276513416,11.965496183206106,89,8,United Kingdom,1,3,Regular
16775.0,10,16,2820.84,2.833213344056216,7.945144433427656,10.891274131274132,132,16,United Kingdom,1,2,Best Customers
16776.0,60,2,592.51,1.0986122886681098,6.38605406310744,4.702460317460317,105,2,United Kingdom,1,0,New / Low Engagement
16777.0,80,5,1292.18,1.791759469228055,7.164859580219777,9.099859154929575,125,5,United Kingdom,1,3,Regular
16778.0,74,2,245.94,1.0986122886681098,5.509145392139597,15.37125,16,2,United Kingdom,1,0,New / Low Engagement
16779.0,2,53,32809.03,3.9889840465642745,10.39848954031011,31.54714423076923,293,51,United Kingdom,1,2,Best Customers
16780.0,100,3,596.4,1.3862943611198906,6.392586905782009,6.2125,73,3,United Kingdom,1,0,New / Low Engagement
16781.0,372,2,623.0,1.0986122886681098,6.436150368369428,15.974358974358974,36,2,United Kingdom,1,1,Lapsed
16782.0,10,38,9636.12,3.6635616461296463,9.173377587781648,5.725561497326204,575,36,United Kingdom,1,2,Best Customers
16783.0,437,1,391.95,0.6931471805599453,5.973682377312184,15.678,25,1,United Kingdom,1,1,Lapsed
16784.0,20,5,892.33,1.791759469228055,6.794956053486548,5.647658227848101,138,5,United Kingdom,1,3,Regular
16785.0,410,1,533.78,0.6931471805599453,6.281855447370681,15.250857142857145,35,1,United Kingdom,1,1,Lapsed
16786.0,394,1,51.84,0.6931471805599453,3.9672684796541247,51.84,1,1,United Kingdom,1,1,Lapsed
16787.0,398,4,1017.53,1.6094379124341005,6.926115690314069,9.085089285714286,102,4,United Kingdom,1,1,Lapsed
16788.0,123,5,1928.93,1.791759469228055,7.565239011811128,4.035418410041841,348,5,United Kingdom,1,3,Regular
16789.0,8,1,80.80000000000001,0.6931471805599453,4.404277243608702,16.160000000000004,5,1,United Kingdom,1,0,New / Low Engagement
16790.0,4,6,1545.62,1.9459101490553128,7.343827183683202,16.61956989247312,88,6,United Kingdom,1,3,Regular
16791.0,29,15,3957.63,2.772588722239781,8.28365328479474,5.811497797356829,393,13,United Kingdom,1,2,Best Customers
16792.0,282,5,623.46,1.791759469228055,6.436887276273271,6.112352941176471,90,4,United Kingdom,1,3,Regular
16793.0,57,1,243.84,0.6931471805599453,5.500604935982869,15.24,16,1,United Kingdom,1,0,New / Low Engagement
16794.0,1,15,2052.7,2.772588722239781,7.627398323346047,4.089043824701195,245,14,United Kingdom,1,2,Best Customers
16795.0,365,3,2062.41,1.3862943611198906,7.6321152330246,6.138125,306,3,United Kingdom,1,3,Regular
16796.0,89,1,305.62,0.6931471805599453,5.725609195882308,16.97888888888889,18,1,United Kingdom,1,0,New / Low Engagement
16797.0,393,5,1802.02,1.791759469228055,7.4972183157652,4.527688442211055,289,5,United Kingdom,1,3,Regular
16798.0,554,3,841.16,1.3862943611198906,6.735970019943069,4.977278106508876,141,3,United Kingdom,1,1,Lapsed
16799.0,432,2,452.78,1.0986122886681098,6.117612499095993,4.921521739130435,81,2,United Kingdom,1,1,Lapsed
16800.0,11,1,1162.65,0.6931471805599453,7.0593168957906745,7.452884615384616,148,1,United Kingdom,1,0,New / Low Engagement
16801.0,163,4,1594.23,1.6094379124341005,7.374773205449993,21.2564,72,4,United Kingdom,1,3,Regular
16802.0,679,2,582.61,1.0986122886681098,6.369232951525817,10.992641509433962,48,2,United Kingdom,1,1,Lapsed
16803.0,65,1,332.3,0.6931471805599453,5.809042985313695,13.845833333333331,24,1,United Kingdom,1,0,New / Low Engagement
16804.0,23,3,536.99,1.3862943611198906,6.287839972628443,8.949833333333334,59,2,United Kingdom,1,0,New / Low Engagement
16805.0,174,5,1091.34,1.791759469228055,6.996077463155199,4.38289156626506,213,5,United Kingdom,1,3,Regular
16806.0,103,4,762.16,1.6094379124341005,6.63746770785911,8.195268817204301,68,4,United Kingdom,1,3,Regular
16807.0,143,6,2123.88,1.9459101490553128,7.661470609175758,14.956901408450705,107,6,United Kingdom,1,3,Regular
16808.0,99,2,288.42,1.0986122886681098,5.667878920309847,12.54,21,2,United Kingdom,1,0,New / Low Engagement
16809.0,23,9,1727.43,2.302585092994046,7.454968761000411,6.6696138996139,113,9,United Kingdom,1,3,Regular
16810.0,192,2,842.04,1.0986122886681098,6.737014406460975,24.765882352941176,34,2,United Kingdom,1,0,New / Low Engagement
16811.0,5,2,547.07,1.0986122886681098,6.3064030160165885,19.53821428571429,26,2,United Kingdom,1,0,New / Low Engagement
16812.0,361,4,2392.0,1.6094379124341005,7.780303087908373,20.8,98,4,United Kingdom,1,3,Regular
16813.0,8,10,1652.18,2.3978952727983707,7.410455984814581,3.878356807511737,248,10,United Kingdom,1,3,Regular
16814.0,14,36,11924.85,3.610917912644224,9.386463592042324,15.547392438070403,247,36,United Kingdom,1,2,Best Customers
16815.0,454,2,406.02,1.0986122886681098,6.008862324284403,5.561917808219178,66,2,United Kingdom,1,1,Lapsed
16816.0,103,4,417.06,1.6094379124341005,6.035624962893636,14.895,28,4,United Kingdom,1,0,New / Low Engagement
16817.0,3,13,2560.7000000000003,2.6390573296152584,7.84842637958167,18.160992907801425,107,13,United Kingdom,1,2,Best Customers
16818.0,11,11,3349.57,2.4849066497880004,8.116885759599102,17.81686170212766,172,11,United Kingdom,1,2,Best Customers
16819.0,465,2,182.59,1.0986122886681098,5.212705010472114,10.740588235294116,17,1,United Kingdom,1,1,Lapsed
16820.0,96,1,497.61,0.6931471805599453,6.211824227045576,19.138846153846156,26,1,United Kingdom,1,0,New / Low Engagement
16821.0,382,1,113.35,0.6931471805599453,4.73926392046879,16.192857142857143,7,1,United Kingdom,1,1,Lapsed
16822.0,686,1,181.39,0.6931471805599453,5.206147251575906,16.49,11,1,United Kingdom,1,1,Lapsed
16823.0,227,7,2243.09,2.079441541679836,7.716055372790196,12.965838150289018,149,7,United Kingdom,1,3,Regular
16824.0,16,3,686.24,1.3862943611198906,6.532683576193766,17.595897435897434,34,3,United Kingdom,1,0,New / Low Engagement
16825.0,39,5,1826.89,1.791759469228055,7.5109175751488,28.54515625,48,5,United Kingdom,1,3,Regular
16826.0,51,1,341.7,0.6931471805599453,5.836855428880563,15.53181818181818,22,1,United Kingdom,1,0,New / Low Engagement
16827.0,393,5,392.13,1.791759469228055,5.974140345974778,32.6775,10,5,United Kingdom,1,1,Lapsed
16828.0,93,2,128.5,1.0986122886681098,4.863680881139593,16.0625,8,2,United Kingdom,1,0,New / Low Engagement
16829.0,157,2,513.32,1.0986122886681098,6.242845639833432,19.01185185185185,25,2,United Kingdom,1,0,New / Low Engagement
16830.0,39,4,1207.5,1.6094379124341005,7.097135200143538,16.1,65,4,United Kingdom,1,3,Regular
16831.0,565,1,91.8,0.6931471805599453,4.530446639792155,15.3,6,1,United Kingdom,1,1,Lapsed
16832.0,184,5,417.61,1.791759469228055,6.036939698880882,19.88619047619048,19,5,United Kingdom,1,0,New / Low Engagement
16833.0,1,6,2409.04,1.9459101490553128,7.787398623857337,26.18521739130435,87,5,United Kingdom,1,3,Regular
16834.0,228,2,898.96,1.0986122886681098,6.802350317892183,18.72833333333333,43,2,United Kingdom,1,0,New / Low Engagement
16835.0,128,6,1456.66,1.9459101490553128,7.284587689215029,17.764146341463416,58,6,United Kingdom,1,3,Regular
16836.0,40,4,782.37,1.6094379124341005,6.663605125885249,18.627857142857145,42,4,United Kingdom,1,3,Regular
16837.0,31,11,3170.98,2.4849066497880004,8.062111277564622,19.218060606060607,123,9,United Kingdom,1,2,Best Customers
16838.0,197,4,1159.61,1.6094379124341005,7.056701007952372,19.65440677966102,53,4,United Kingdom,1,3,Regular
16839.0,9,44,21758.25,3.80666248977032,9.987794233464117,62.16642857142857,132,42,United Kingdom,1,2,Best Customers
16840.0,603,2,139.85,1.0986122886681098,4.947695494322382,15.538888888888888,9,2,United Kingdom,1,1,Lapsed
16841.0,37,12,4006.06,2.5649493574615367,8.295813084319896,18.292511415525112,187,12,United Kingdom,1,2,Best Customers
16842.0,101,3,1264.19,1.3862943611198906,7.142977587511544,20.066507936507936,45,3,United Kingdom,1,3,Regular
16843.0,43,35,19571.43,3.58351893845611,9.881877222329129,32.83796979865772,317,27,United Kingdom,1,2,Best Customers
16844.0,563,2,614.34,1.0986122886681098,6.4221749605721845,19.198125,26,2,United Kingdom,1,1,Lapsed
16845.0,618,1,253.88,0.6931471805599453,5.540792846161739,12.694,20,1,United Kingdom,1,1,Lapsed
16846.0,50,3,842.41,1.3862943611198906,6.737453198012385,17.923617021276595,47,3,United Kingdom,1,0,New / Low Engagement
16847.0,43,2,614.89,1.0986122886681098,6.423068376159172,16.618648648648648,37,2,United Kingdom,1,0,New / Low Engagement
16848.0,53,4,1411.62,1.6094379124341005,7.253201415164272,16.607294117647058,75,3,United Kingdom,1,3,Regular
16849.0,187,1,124.57,0.6931471805599453,4.8328633720008725,15.57125,8,1,United Kingdom,1,0,New / Low Engagement
16850.0,334,1,332.41,0.6931471805599453,5.809372963868082,17.495263157894737,19,1,United Kingdom,1,1,Lapsed
16851.0,4,3,342.45,1.3862943611198906,5.839041540659891,17.1225,17,3,United Kingdom,1,0,New / Low Engagement
16852.0,10,2,144.91,1.0986122886681098,4.982989993275931,16.10111111111111,9,2,United Kingdom,1,0,New / Low Engagement
16854.0,417,2,1408.96,1.0986122886681098,7.251316614175486,18.786133333333336,72,2,United Kingdom,1,1,Lapsed
16855.0,24,2,328.40000000000003,1.0986122886681098,5.79727281774354,17.284210526315793,19,2,United Kingdom,1,0,New / Low Engagement
16856.0,15,3,358.49,1.3862943611198906,5.884686360362535,18.867894736842107,16,3,United Kingdom,1,0,New / Low Engagement
16857.0,443,1,352.8,0.6931471805599453,5.8687317817256845,32.07272727272727,11,1,United Kingdom,1,1,Lapsed
16858.0,369,10,4292.59,2.3978952727983707,8.364878491812021,34.068174603174604,75,10,United Kingdom,1,3,Regular
16859.0,145,7,1932.41,2.079441541679836,7.567040562252569,17.567363636363638,87,6,United Kingdom,1,3,Regular
16860.0,453,3,1610.62,1.3862943611198906,7.38499516326749,37.45627906976744,35,3,United Kingdom,1,1,Lapsed
16861.0,60,5,946.59,1.791759469228055,6.8539219192530085,19.31816326530612,39,5,United Kingdom,1,3,Regular
16862.0,547,4,662.33,1.6094379124341005,6.497272603912174,18.923714285714286,34,4,United Kingdom,1,1,Lapsed
16863.0,31,3,834.27,1.3862943611198906,6.727755025876859,17.750425531914892,43,3,United Kingdom,1,0,New / Low Engagement
16864.0,434,2,409.25,1.0986122886681098,6.0167667299702,24.073529411764707,17,2,United Kingdom,1,1,Lapsed
16865.0,402,1,130.95,0.6931471805599453,4.882423062949333,8.184375,15,1,United Kingdom,1,1,Lapsed
16866.0,141,3,207.74,1.3862943611198906,5.341089458391906,18.885454545454547,10,3,United Kingdom,1,0,New / Low Engagement
16867.0,690,1,76.74000000000001,0.6931471805599453,4.353369925424078,12.79,6,1,United Kingdom,1,1,Lapsed
16868.0,394,3,384.56,1.3862943611198906,5.954696822915768,7.6912,47,3,United Kingdom,1,1,Lapsed
16869.0,23,4,817.12,1.6094379124341005,6.707009025109966,6.434015748031496,113,4,United Kingdom,1,3,Regular
16870.0,469,1,450.16,0.6931471805599453,6.111822043771716,16.077142857142857,28,1,United Kingdom,1,1,Lapsed
16871.0,22,6,2812.34,1.9459101490553128,7.942127668587332,20.528029197080293,131,5,United Kingdom,1,3,Regular
16872.0,77,6,1213.13,1.9459101490553128,7.101783049906128,67.39611111111111,12,6,United Kingdom,1,3,Regular
16873.0,5,12,14617.39,2.5649493574615367,9.59003560412076,28.54958984375,252,12,United Kingdom,1,2,Best Customers
16874.0,379,1,209.89,0.6931471805599453,5.351336670523673,6.770645161290323,31,1,United Kingdom,1,1,Lapsed
16875.0,67,11,4234.53,2.4849066497880004,8.351263746835542,18.411,161,9,United Kingdom,1,2,Best Customers
16876.0,404,1,136.01,0.6931471805599453,4.920053915865017,4.2503125,32,1,United Kingdom,1,1,Lapsed
16877.0,12,6,846.62,1.9459101490553128,6.742432422151628,5.427051282051282,111,6,United Kingdom,1,3,Regular
16878.0,84,1,13.3,0.6931471805599453,2.660259537265861,4.433333333333334,3,1,United Kingdom,1,0,New / Low Engagement
16880.0,31,8,1813.21,2.19722457733622,7.503405390237089,9.90825136612022,130,7,United Kingdom,1,3,Regular
16881.0,67,1,432.0,0.6931471805599453,6.07073772800249,432.0,1,1,United Kingdom,1,0,New / Low Engagement
16882.0,67,3,705.12,1.3862943611198906,6.559785194721083,18.08,39,3,United Kingdom,1,0,New / Low Engagement
16883.0,187,19,2246.06,2.995732273553991,7.717377974098523,8.412209737827714,159,18,United Kingdom,1,2,Best Customers
16884.0,38,4,1070.97,1.6094379124341005,6.977253356164531,14.472567567567568,64,3,United Kingdom,1,3,Regular
16885.0,15,4,684.6,1.6094379124341005,6.53029436728357,5.033823529411765,121,4,United Kingdom,1,3,Regular
16886.0,456,1,134.0,0.6931471805599453,4.90527477843843,16.75,8,1,United Kingdom,1,1,Lapsed
16887.0,35,3,658.17,1.3862943611198906,6.490981467850926,6.516534653465346,94,3,United Kingdom,1,0,New / Low Engagement
16888.0,401,3,434.2,1.3862943611198906,6.0758056955417326,8.35,44,3,United Kingdom,1,1,Lapsed
16889.0,195,6,2526.65,1.9459101490553128,7.835045296314661,11.643548387096777,163,6,United Kingdom,1,3,Regular
16890.0,477,3,285.41,1.3862943611198906,5.657424350678052,15.021578947368422,17,3,United Kingdom,1,1,Lapsed
16891.0,2,11,1727.94,2.4849066497880004,7.455263782941192,4.133827751196172,335,11,United Kingdom,1,3,Regular
16892.0,1,7,754.75,2.079441541679836,6.627710633659567,5.509124087591241,119,6,United Kingdom,1,3,Regular
16893.0,367,2,249.89,1.0986122886681098,5.525014596061544,2.8722988505747127,80,2,United Kingdom,1,1,Lapsed
16894.0,502,3,1306.96,1.3862943611198906,7.17622395050978,6.989090909090909,186,2,United Kingdom,1,1,Lapsed
16895.0,65,5,1102.9,1.791759469228055,7.006604643024306,6.766257668711657,135,5,United Kingdom,1,3,Regular
16896.0,555,1,103.95,0.6931471805599453,4.653484046266642,5.775,18,1,United Kingdom,1,1,Lapsed
16897.0,299,2,289.78,1.0986122886681098,5.672566967503279,7.831891891891891,37,2,United Kingdom,1,1,Lapsed
16898.0,26,5,885.21,1.791759469228055,6.786953942836231,3.526733067729084,223,5,United Kingdom,1,3,Regular
16899.0,8,8,1695.77,2.19722457733622,7.436481722754711,9.8021387283237,101,8,United Kingdom,1,3,Regular
16900.0,17,3,887.11,1.3862943611198906,6.789095609194309,11.229240506329116,78,3,United Kingdom,1,3,Regular
16901.0,729,1,204.26,0.6931471805599453,5.324277468217568,8.880869565217392,23,1,United Kingdom,1,1,Lapsed
16902.0,116,1,1706.88,0.6931471805599453,7.443008114269093,38.79272727272728,43,1,United Kingdom,1,0,New / Low Engagement
16903.0,29,3,1041.75,1.3862943611198906,6.949616733077055,5.7239010989010985,148,3,United Kingdom,1,3,Regular
16904.0,4,21,4675.36,3.091042453358316,8.450275308507852,5.212218506131549,484,19,United Kingdom,1,2,Best Customers
16905.0,5,17,4706.77,2.8903717578961645,8.456969614170678,14.70865625,171,15,United Kingdom,1,2,Best Customers
16906.0,82,7,1410.92,2.079441541679836,7.252705759224311,6.624037558685447,180,6,United Kingdom,1,3,Regular
16907.0,29,9,1470.89,2.302585092994046,7.294302568235657,7.037751196172249,109,9,United Kingdom,1,3,Regular
16908.0,722,1,252.59,0.6931471805599453,5.535718789608946,12.6295,20,1,United Kingdom,1,1,Lapsed
16909.0,72,1,379.14,0.6931471805599453,5.940539605922692,21.063333333333333,18,1,United Kingdom,1,0,New / Low Engagement
16910.0,4,8,1508.96,2.19722457733622,7.319838439391876,2.7687339449541284,318,8,United Kingdom,1,3,Regular
16911.0,636,2,255.25,1.0986122886681098,5.546153530452618,7.292857142857143,30,2,United Kingdom,1,1,Lapsed
16912.0,29,15,4460.51,2.772588722239781,8.403242552736327,25.933197674418604,130,10,United Kingdom,1,2,Best Customers
16913.0,290,3,423.91,1.3862943611198906,6.051877381793223,23.55055555555556,18,2,United Kingdom,1,0,New / Low Engagement
16914.0,36,1,183.76,0.6931471805599453,5.2190576855624045,6.125333333333333,25,1,United Kingdom,1,0,New / Low Engagement
16915.0,9,11,1543.18,2.4849066497880004,7.342248304100646,20.853783783783783,54,11,United Kingdom,1,3,Regular
16916.0,24,4,902.02,1.6094379124341005,6.8057447015659545,4.40009756097561,180,4,United Kingdom,1,3,Regular
16917.0,277,2,1851.88,1.0986122886681098,7.524496464339457,37.037600000000005,45,2,United Kingdom,1,3,Regular
16918.0,50,16,3206.54,2.833213344056216,8.07325956718366,7.062863436123348,280,14,United Kingdom,1,2,Best Customers
16919.0,156,24,4909.66,3.218875824868201,8.499163631307002,7.996188925081433,230,22,United Kingdom,1,2,Best Customers
16920.0,411,1,355.45,0.6931471805599453,5.876193977563638,15.454347826086956,23,1,United Kingdom,1,1,Lapsed
16921.0,61,3,409.21,1.3862943611198906,6.016669223693157,4.650113636363636,78,3,United Kingdom,1,0,New / Low Engagement
16922.0,573,1,611.08,0.6931471805599453,6.416862992923597,5.008852459016394,122,1,United Kingdom,1,1,Lapsed
16923.0,12,32,13157.13,3.49650756146648,9.4847950975181,12.148781163434904,431,29,United Kingdom,1,2,Best Customers
16924.0,21,3,829.89,1.3862943611198906,6.722497415455896,10.245555555555557,69,3,United Kingdom,1,0,New / Low Engagement
16925.0,540,1,125.65,0.6931471805599453,4.841427376447684,6.980555555555556,18,1,United Kingdom,1,1,Lapsed
16926.0,371,5,1169.61,1.791759469228055,7.065280259448345,12.183437500000002,63,5,United Kingdom,1,3,Regular
16927.0,116,3,543.05,1.3862943611198906,6.299041154397021,90.50833333333333,5,3,United Kingdom,1,0,New / Low Engagement
16928.0,80,29,3897.53,3.4011973816621555,8.268354837987456,12.21796238244514,135,28,United Kingdom,1,2,Best Customers
16929.0,4,7,1295.39,2.079441541679836,7.167338757569021,16.823246753246753,51,7,United Kingdom,1,3,Regular
16930.0,26,3,378.89,1.3862943611198906,5.9398817371306265,7.148867924528302,47,2,United Kingdom,1,0,New / Low Engagement
16931.0,5,23,5032.22,3.1780538303479458,8.523815217325113,5.30824894514768,466,22,United Kingdom,1,2,Best Customers
16932.0,53,3,412.55,1.3862943611198906,6.024778426137916,3.101879699248121,116,3,United Kingdom,1,0,New / Low Engagement
16933.0,1,9,3099.3,2.302585092994046,8.039254159984466,10.990425531914894,213,8,United Kingdom,1,3,Regular
16934.0,55,6,2083.14,1.9459101490553128,7.642111579119762,14.774042553191489,128,5,United Kingdom,1,3,Regular
16935.0,382,3,530.86,1.3862943611198906,6.276380296814793,7.693623188405797,55,3,United Kingdom,1,1,Lapsed
16936.0,26,2,548.29,1.0986122886681098,6.308626535194695,3.944532374100719,122,2,United Kingdom,1,0,New / Low Engagement
16937.0,499,1,196.25,0.6931471805599453,5.284471959725984,4.005102040816326,49,1,United Kingdom,1,1,Lapsed
16938.0,9,9,6995.360000000001,2.302585092994046,8.853145292790563,8.489514563106797,547,9,United Kingdom,1,2,Best Customers
16939.0,489,3,433.85,1.3862943611198906,6.075001144035774,10.58170731707317,38,3,United Kingdom,1,1,Lapsed
16940.0,52,8,6427.66,2.19722457733622,8.768521397380008,10.218855325914149,360,8,United Kingdom,1,2,Best Customers
16941.0,612,1,33.0,0.6931471805599453,3.5263605246161616,16.5,2,1,United Kingdom,1,1,Lapsed
16942.0,13,9,1904.99,2.302585092994046,7.5527568376106675,6.877220216606498,159,8,United Kingdom,1,3,Regular
16943.0,212,5,1299.49,1.791759469228055,7.170496395508893,37.12828571428572,24,5,United Kingdom,1,3,Regular
16944.0,610,1,101.36,0.6931471805599453,4.628496011291588,14.48,7,1,United Kingdom,1,1,Lapsed
16945.0,22,33,8548.16,3.5263605246161616,9.053588311490357,18.03409282700422,231,23,United Kingdom,1,2,Best Customers
16946.0,383,5,1222.04,1.791759469228055,7.109094841611854,16.293866666666666,69,5,United Kingdom,1,3,Regular
16947.0,236,5,955.21,1.791759469228055,6.8629775542004845,18.022830188679247,50,4,United Kingdom,1,3,Regular
16948.0,139,7,868.77,2.079441541679836,6.768228808881206,20.203953488372093,20,7,United Kingdom,1,3,Regular
16949.0,4,6,1286.27,1.9459101490553128,7.160278975803028,21.437833333333334,57,6,United Kingdom,1,3,Regular
16950.0,57,10,3541.77,2.3978952727983707,8.172664186021061,24.595625,111,10,United Kingdom,1,3,Regular
16951.0,135,3,1277.75,1.3862943611198906,7.153638317265837,14.857558139534884,73,3,United Kingdom,1,3,Regular
16952.0,109,5,795.83,1.791759469228055,6.680641356164032,9.147471264367816,76,4,United Kingdom,1,3,Regular
16953.0,30,1,20.8,0.6931471805599453,3.0819099697950434,20.8,1,1,United Kingdom,1,0,New / Low Engagement
16954.0,1,20,6081.88,3.044522437723423,8.713233547017788,29.52368932038835,83,19,United Kingdom,1,2,Best Customers
16955.0,185,6,1120.31,1.9459101490553128,7.022252923646991,22.4062,33,6,United Kingdom,1,3,Regular
16956.0,18,1,308.74,0.6931471805599453,5.735733235888028,19.29625,16,1,United Kingdom,1,0,New / Low Engagement
16957.0,239,2,416.64,1.0986122886681098,6.03461981742191,26.04,15,2,United Kingdom,1,0,New / Low Engagement
16958.0,435,1,778.49,0.6931471805599453,6.658639859679173,11.121285714285714,69,1,United Kingdom,1,1,Lapsed
16959.0,87,1,117.35,0.6931471805599453,4.773646335959993,16.764285714285716,7,1,United Kingdom,1,0,New / Low Engagement
16960.0,39,8,1990.88,2.19722457733622,7.596834195366128,4.434031180400891,334,8,United Kingdom,1,3,Regular
16961.0,116,3,794.56,1.3862943611198906,6.679046269195045,15.28,52,3,United Kingdom,1,0,New / Low Engagement
16962.0,410,1,251.04,0.6931471805599453,5.529587805073855,16.736,15,1,United Kingdom,1,1,Lapsed
16963.0,187,1,110.55,0.6931471805599453,4.714472920878541,15.792857142857144,7,1,United Kingdom,1,0,New / Low Engagement
16964.0,733,2,207.85,1.0986122886681098,5.341616290943184,34.641666666666666,6,1,United Kingdom,1,1,Lapsed
16965.0,227,1,201.19,0.6931471805599453,5.309207849379209,7.738076923076923,26,1,United Kingdom,1,0,New / Low Engagement
16966.0,8,7,2154.97,2.079441541679836,7.675996017275306,76.96321428571427,8,7,United Kingdom,1,3,Regular
16967.0,189,1,319.02,0.6931471805599453,5.768383493840728,15.19142857142857,21,1,United Kingdom,1,0,New / Low Engagement
16968.0,4,2,439.43,1.0986122886681098,6.087751522419478,14.17516129032258,31,2,United Kingdom,1,0,New / Low Engagement
16969.0,39,3,650.41,1.3862943611198906,6.479139244274806,15.48595238095238,42,3,United Kingdom,1,0,New / Low Engagement
16970.0,626,1,71.4,0.6931471805599453,4.282206299391671,35.7,2,1,United Kingdom,1,1,Lapsed
16971.0,38,1,357.21,0.6931471805599453,5.881119406601529,8.712439024390243,40,1,United Kingdom,1,0,New / Low Engagement
16972.0,383,2,749.0,1.0986122886681098,6.620073206530356,9.134146341463415,54,2,United Kingdom,1,1,Lapsed
16973.0,386,1,127.0,0.6931471805599453,4.852030263919617,21.166666666666668,6,1,United Kingdom,1,1,Lapsed
16974.0,523,2,365.5,1.0986122886681098,5.903998521326706,45.6875,5,2,United Kingdom,1,1,Lapsed
16975.0,423,3,926.12,1.3862943611198906,6.832083007026135,20.58044444444445,44,3,United Kingdom,1,1,Lapsed
16976.0,267,1,251.52,0.6931471805599453,5.5314904534994245,125.76,2,1,United Kingdom,1,0,New / Low Engagement
16977.0,395,4,496.0,1.6094379124341005,6.208590026096629,17.714285714285715,25,3,United Kingdom,1,1,Lapsed
16978.0,78,3,768.88,1.3862943611198906,6.646234658546923,11.475820895522387,65,2,United Kingdom,1,0,New / Low Engagement
16979.0,4,9,2859.74,2.302585092994046,7.958835611604893,22.168527131782945,82,9,United Kingdom,1,3,Regular
16980.0,255,3,1422.83,1.3862943611198906,7.261105702822848,13.422924528301886,91,3,United Kingdom,1,3,Regular
16982.0,61,1,384.06,0.6931471805599453,5.95339916630119,17.457272727272727,22,1,United Kingdom,1,0,New / Low Engagement
16983.0,13,11,3490.53,2.4849066497880004,8.15809531454475,15.110519480519482,151,11,United Kingdom,1,2,Best Customers
16984.0,88,9,10350.53,2.302585092994046,9.244889613855271,9.655345149253732,669,9,United Kingdom,1,2,Best Customers
16985.0,17,23,10923.16,3.1780538303479458,9.298732129135914,44.95127572016461,130,17,United Kingdom,1,2,Best Customers
16986.0,30,11,4888.75,2.4849066497880004,8.494896456417628,28.096264367816094,65,6,United Kingdom,1,2,Best Customers
16987.0,3,11,2521.4,2.4849066497880004,7.832966108230851,9.660536398467434,155,10,United Kingdom,1,3,Regular
16988.0,5,2,382.67,1.0986122886681098,5.949782808113339,19.1335,20,2,United Kingdom,1,0,New / Low Engagement
16989.0,7,6,1133.25,1.9459101490553128,7.033726918544073,94.4375,7,6,United Kingdom,1,3,Regular
16990.0,219,2,344.0,1.0986122886681098,5.84354441703136,172.0,1,2,United Kingdom,1,0,New / Low Engagement
16991.0,421,1,1041.21,0.6931471805599453,6.949098737516397,14.070405405405406,74,1,United Kingdom,1,1,Lapsed
16992.0,11,13,5476.5,2.6390573296152584,8.608404071469621,19.21578947368421,212,13,United Kingdom,1,2,Best Customers
16993.0,464,2,1950.95,1.0986122886681098,7.576584151890876,69.67678571428571,19,2,United Kingdom,1,1,Lapsed
16996.0,30,9,2123.61,2.302585092994046,7.661343535103169,28.3148,32,8,United Kingdom,1,3,Regular
16997.0,288,3,702.0,1.3862943611198906,6.555356891810665,58.5,7,3,United Kingdom,1,0,New / Low Engagement
16998.0,150,5,402.0,1.791759469228055,5.998936561946683,67.0,2,4,United Kingdom,1,0,New / Low Engagement
16999.0,23,2,484.82,1.0986122886681098,6.185838184926078,21.07913043478261,21,2,United Kingdom,1,0,New / Low Engagement
17000.0,396,2,406.3,1.0986122886681098,6.009550014654367,13.543333333333331,26,2,United Kingdom,1,1,Lapsed
17001.0,1,19,6640.8,2.995732273553991,8.801138290071108,24.14836363636364,108,18,United Kingdom,1,2,Best Customers
17002.0,86,7,2571.55,2.079441541679836,7.852652903865288,30.61369047619048,64,6,United Kingdom,1,3,Regular
17003.0,402,4,828.21,1.6094379124341005,6.720473440305597,7.461351351351352,90,3,United Kingdom,1,1,Lapsed
17004.0,46,4,2324.36,1.6094379124341005,7.751630144744858,33.68637681159421,48,4,United Kingdom,1,3,Regular
17005.0,471,2,622.36,1.0986122886681098,6.435124201014116,34.57555555555555,14,2,United Kingdom,1,1,Lapsed
17006.0,5,8,1635.27,2.19722457733622,7.400174540220455,12.676511627906976,103,8,United Kingdom,1,3,Regular
17007.0,51,7,1120.1,2.079441541679836,7.022065625159548,16.717910447761195,63,6,United Kingdom,1,3,Regular
17008.0,429,1,81.36,0.6931471805599453,4.411099882159589,81.36,1,1,United Kingdom,1,1,Lapsed
17009.0,551,1,242.06,0.6931471805599453,5.493308326442654,22.005454545454544,10,1,United Kingdom,1,1,Lapsed
17010.0,18,1,195.36,0.6931471805599453,5.279949709189852,17.76,11,1,United Kingdom,1,0,New / Low Engagement
17011.0,30,3,671.7,1.3862943611198906,6.51129946503156,23.98928571428572,27,3,United Kingdom,1,0,New / Low Engagement
17012.0,725,1,360.61,0.6931471805599453,5.890566283002889,10.016944444444444,34,1,United Kingdom,1,1,Lapsed
17014.0,8,3,583.4300000000001,1.3862943611198906,6.370637013261223,8.103194444444446,63,3,United Kingdom,1,0,New / Low Engagement
17015.0,29,3,1838.61,1.3862943611198906,7.517308871615334,8.59163551401869,182,3,United Kingdom,1,3,Regular
17016.0,577,1,552.4,0.6931471805599453,6.316081067352825,13.473170731707317,41,1,United Kingdom,1,1,Lapsed
17017.0,3,29,12576.99,3.4011973816621555,9.439703740064177,33.272460317460315,120,22,United Kingdom,1,2,Best Customers
17018.0,41,6,2287.7,1.9459101490553128,7.735739249764293,61.82972972972973,26,6,United Kingdom,1,3,Regular
17019.0,11,11,3602.29,2.4849066497880004,8.18960259599089,5.602317262830482,344,10,United Kingdom,1,2,Best Customers
17020.0,542,2,935.62,1.0986122886681098,6.842277650354465,13.559710144927536,64,2,United Kingdom,1,1,Lapsed
17021.0,442,6,1182.22,1.9459101490553128,7.07599481456678,24.629583333333333,35,6,United Kingdom,1,1,Lapsed
17022.0,31,2,260.0,1.0986122886681098,5.564520407322694,16.25,16,2,United Kingdom,1,0,New / Low Engagement
17023.0,417,3,800.1800000000001,1.3862943611198906,6.686085640923928,16.330204081632655,48,3,United Kingdom,1,1,Lapsed
17024.0,45,3,95.85,1.3862943611198906,4.573163389853005,31.95,2,3,United Kingdom,1,0,New / Low Engagement
17025.0,61,5,1349.67,1.791759469228055,7.208356044614497,36.47756756756757,31,4,United Kingdom,1,3,Regular
17026.0,185,3,175.83,1.3862943611198906,5.175188819066886,35.166000000000004,4,3,United Kingdom,1,0,New / Low Engagement
17027.0,79,9,1310.63,2.302585092994046,7.179025917535996,7.36308988764045,126,8,United Kingdom,1,3,Regular
17028.0,581,3,1593.83,1.3862943611198906,7.3745224264664655,16.777157894736842,85,3,United Kingdom,1,1,Lapsed
17029.0,111,7,2137.3,2.079441541679836,7.66776639979559,73.7,19,7,United Kingdom,1,3,Regular
17030.0,64,1,146.87,0.6931471805599453,4.996333509385396,13.351818181818182,11,1,United Kingdom,1,0,New / Low Engagement
17031.0,12,6,2773.85,1.9459101490553128,7.928351970665508,55.477,34,6,United Kingdom,1,3,Regular
17032.0,548,8,2984.32,2.19722457733622,8.001462222760972,12.592067510548524,183,5,United Kingdom,1,3,Regular
17033.0,86,4,1332.79,1.6094379124341005,7.195779792794182,33.31975,33,4,United Kingdom,1,3,Regular
17034.0,16,5,1276.42,1.791759469228055,7.152597697807804,22.007241379310347,49,5,United Kingdom,1,3,Regular
17035.0,246,4,613.59,1.6094379124341005,6.420955378818814,18.593636363636364,29,4,United Kingdom,1,3,Regular
17036.0,383,1,176.9,0.6931471805599453,5.18122159467179,14.741666666666667,12,1,United Kingdom,1,1,Lapsed
17037.0,88,1,1267.32,0.6931471805599453,7.145448469088846,16.8976,75,1,United Kingdom,1,0,New / Low Engagement
17038.0,30,2,743.17,1.0986122886681098,6.612269503355827,11.796349206349204,61,2,United Kingdom,1,0,New / Low Engagement
17039.0,604,1,1954.99,0.6931471805599453,7.578651738107256,44.43159090909091,44,1,United Kingdom,1,1,Lapsed
17040.0,138,2,463.25,1.0986122886681098,6.140423200232815,28.953125,15,2,United Kingdom,1,0,New / Low Engagement
17041.0,27,6,1655.2,1.9459101490553128,7.4122811005996,13.136507936507936,93,5,United Kingdom,1,3,Regular
17042.0,3,5,1036.58,1.791759469228055,6.944646357565886,10.686391752577318,74,5,United Kingdom,1,3,Regular
17043.0,32,8,2593.65,2.19722457733622,7.861206911744419,13.033417085427136,175,8,United Kingdom,1,3,Regular
17044.0,25,12,11962.3,2.5649493574615367,9.389598909178217,80.28389261744967,92,11,United Kingdom,1,2,Best Customers
17045.0,113,5,827.6800000000001,1.791759469228055,6.7198340733776885,15.616603773584908,44,5,United Kingdom,1,3,Regular
17046.0,157,5,1906.07,1.791759469228055,7.5533233117961665,22.42435294117647,76,4,United Kingdom,1,3,Regular
17047.0,85,6,2289.23,1.9459101490553128,7.736407528186082,16.121338028169014,114,5,United Kingdom,1,3,Regular
17048.0,118,7,2071.68,2.079441541679836,7.636597734866534,20.51168316831683,88,7,United Kingdom,1,3,Regular
17049.0,3,19,9942.53,2.995732273553991,9.204677367391316,17.8181541218638,316,16,United Kingdom,1,2,Best Customers
17050.0,96,11,4648.59,2.4849066497880004,8.444534322651009,13.31974212034384,193,11,United Kingdom,1,2,Best Customers
17051.0,194,4,706.49,1.6094379124341005,6.561723495141885,4.558,107,4,United Kingdom,1,3,Regular
17052.0,28,1,399.09,0.6931471805599453,5.991689521799279,4.808313253012048,72,1,United Kingdom,1,0,New / Low Engagement
17053.0,131,1,498.48,0.6931471805599453,6.213567557246944,38.34461538461539,13,1,United Kingdom,1,0,New / Low Engagement
17054.0,28,5,1356.33,1.791759469228055,7.213274813763555,16.34132530120482,64,5,United Kingdom,1,3,Regular
17055.0,446,1,232.85,0.6931471805599453,5.454679884171895,8.955769230769231,24,1,United Kingdom,1,1,Lapsed
17056.0,738,1,128.60000000000002,0.6931471805599453,4.864452783918175,16.075000000000003,8,1,United Kingdom,1,1,Lapsed
17057.0,596,1,294.74,0.6931471805599453,5.689480689945341,5.8948,48,1,United Kingdom,1,1,Lapsed
17058.0,82,3,1179.89,1.3862943611198906,7.074023670453844,19.030483870967743,51,3,United Kingdom,1,3,Regular
17059.0,30,9,4864.57,2.302585092994046,8.489939151169136,6.746976421636616,349,9,United Kingdom,1,2,Best Customers
17060.0,266,1,234.24,0.6931471805599453,5.460606269591755,46.848,5,1,United Kingdom,1,0,New / Low Engagement
17061.0,74,11,5232.2300000000005,2.4849066497880004,8.56278395725042,52.850808080808086,57,9,United Kingdom,1,2,Best Customers
17062.0,314,6,889.75,1.9459101490553128,6.792063804485945,7.353305785123967,82,6,United Kingdom,1,3,Regular
17063.0,21,13,3638.53,2.6390573296152584,8.199609831414847,17.748926829268292,150,10,United Kingdom,1,2,Best Customers
17064.0,59,3,855.45,1.3862943611198906,6.752795938943994,14.02377049180328,53,3,United Kingdom,1,0,New / Low Engagement
17065.0,638,2,194.7,1.0986122886681098,5.27658287440203,16.224999999999998,6,1,United Kingdom,1,1,Lapsed
17066.0,726,1,228.34,0.6931471805599453,5.435205618610159,12.685555555555556,17,1,United Kingdom,1,1,Lapsed
17067.0,725,3,454.54,1.3862943611198906,6.121483528431717,34.964615384615385,8,2,United Kingdom,1,1,Lapsed
17068.0,12,47,8987.68,3.871201010907891,9.103721286874212,9.023775100401608,250,47,United Kingdom,1,2,Best Customers
17069.0,28,14,5517.2300000000005,2.70805020110221,8.615812435677327,19.4268661971831,202,12,United Kingdom,1,2,Best Customers
17070.0,114,2,437.42,1.0986122886681098,6.083177355031181,4.2467961165048544,102,2,United Kingdom,1,0,New / Low Engagement
17071.0,28,13,3793.71,2.6390573296152584,8.241363270572567,17.9796682464455,141,12,United Kingdom,1,2,Best Customers
17072.0,625,1,273.35,0.6931471805599453,5.614404663504985,13.016666666666667,20,1,United Kingdom,1,1,Lapsed
17073.0,18,4,1446.09,1.6094379124341005,7.277309922347601,8.310862068965516,142,4,United Kingdom,1,3,Regular
17074.0,563,1,203.05,0.6931471805599453,5.318365061851814,50.7625,4,1,United Kingdom,1,1,Lapsed
17075.0,18,10,2236.63,2.3978952727983707,7.713172549019897,11.23934673366834,153,10,United Kingdom,1,3,Regular
17076.0,36,6,1242.75,1.9459101490553128,7.1258862884728025,24.855,31,6,United Kingdom,1,3,Regular
17077.0,578,1,306.0,0.6931471805599453,5.726847747587197,306.0,1,1,United Kingdom,1,1,Lapsed
17078.0,36,2,378.2,1.0986122886681098,5.938063770380866,13.507142857142856,28,1,United Kingdom,1,0,New / Low Engagement
17079.0,78,1,118.8,0.6931471805599453,4.785823685681349,59.400000000000006,2,1,United Kingdom,1,0,New / Low Engagement
17080.0,22,7,957.53,2.079441541679836,6.865400860900437,29.01606060606061,26,7,United Kingdom,1,3,Regular
17081.0,25,6,949.39,1.9459101490553128,6.856872426667503,4.5864251207729465,166,6,United Kingdom,1,3,Regular
17082.0,33,6,4732.03,1.9459101490553128,8.4623208683607,27.83547058823529,117,5,United Kingdom,1,3,Regular
17083.0,109,9,4049.79,2.302585092994046,8.306667202806915,35.2155652173913,30,9,United Kingdom,1,3,Regular
17084.0,35,3,5001.21,1.3862943611198906,8.517635093763012,17.797900355871885,263,2,United Kingdom,1,3,Regular
17085.0,123,28,7847.67,3.367295829986474,8.968099369670528,7.951033434650456,411,25,United Kingdom,1,2,Best Customers
17086.0,7,6,2050.08,1.9459101490553128,7.626121762674929,21.355,76,6,United Kingdom,1,3,Regular
17087.0,738,1,221.53,0.6931471805599453,5.405061923978025,18.460833333333333,12,1,United Kingdom,1,1,Lapsed
17088.0,28,4,1991.01,1.6094379124341005,7.596899458212264,17.313130434782607,96,4,United Kingdom,1,3,Regular
17089.0,386,1,128.45,0.6931471805599453,4.863294706197546,32.1125,4,1,United Kingdom,1,1,Lapsed
17090.0,4,13,3080.1800000000003,2.6390573296152584,8.033067919480203,34.224222222222224,54,12,United Kingdom,1,2,Best Customers
17091.0,3,19,7495.75,2.995732273553991,8.922224872275047,16.474175824175823,242,17,United Kingdom,1,2,Best Customers
17092.0,50,11,5511.41,2.4849066497880004,8.61475719309121,14.059719387755102,273,10,United Kingdom,1,2,Best Customers
17093.0,593,1,235.88,0.6931471805599453,5.467553683793335,18.144615384615385,13,1,United Kingdom,1,1,Lapsed
17094.0,322,2,402.2000000000001,1.0986122886681098,5.999432716757159,22.34444444444445,18,2,United Kingdom,1,1,Lapsed
17095.0,23,7,2572.25,2.079441541679836,7.852924970406669,18.775547445255476,110,7,United Kingdom,1,3,Regular
17096.0,15,11,3697.93,2.4849066497880004,8.21579886761987,18.03868292682927,162,11,United Kingdom,1,2,Best Customers
17097.0,2,9,1143.36,2.302585092994046,7.0426008077513895,4.282247191011235,182,8,Spain,0,3,Regular
17098.0,382,3,591.07,1.3862943611198906,6.383624871137068,32.83722222222222,10,3,United Kingdom,1,1,Lapsed
17099.0,533,1,582.17,0.6931471805599453,6.368478739042131,14.55425,40,1,United Kingdom,1,1,Lapsed
17100.0,18,2,971.74,1.0986122886681098,6.880116831678181,14.949846153846154,65,1,United Kingdom,1,0,New / Low Engagement
17101.0,10,7,2507.05,2.079441541679836,7.827260837758234,34.34315068493151,54,7,United Kingdom,1,3,Regular
17102.0,262,1,25.5,0.6931471805599453,3.277144732992177,25.5,1,1,United Kingdom,1,0,New / Low Engagement
17103.0,722,1,424.3,0.6931471805599453,6.052794802259588,13.259375,32,1,United Kingdom,1,1,Lapsed
17104.0,424,1,474.03,0.6931471805599453,6.163377959935002,24.948947368421056,19,1,United Kingdom,1,1,Lapsed
17105.0,159,2,665.78,1.0986122886681098,6.50246015642561,7.397555555555555,80,2,United Kingdom,1,0,New / Low Engagement
17106.0,389,1,481.58,0.6931471805599453,6.179146710144033,9.442745098039216,51,1,United Kingdom,1,1,Lapsed
17107.0,33,10,16052.72,2.3978952727983707,9.683695877403258,23.95928358208955,377,9,United Kingdom,1,2,Best Customers
17108.0,664,1,174.95,0.6931471805599453,5.170199863767594,19.438888888888886,9,1,United Kingdom,1,1,Lapsed
17109.0,29,8,1291.71,2.19722457733622,7.164496069006868,9.292877697841726,124,6,United Kingdom,1,3,Regular
17110.0,165,3,499.9,1.3862943611198906,6.216406480363571,10.20204081632653,38,3,United Kingdom,1,0,New / Low Engagement
17111.0,47,2,459.58,1.0986122886681098,6.13248656481987,9.574583333333331,44,2,United Kingdom,1,0,New / Low Engagement
17112.0,503,1,197.57,0.6931471805599453,5.2911416827989415,4.203617021276596,44,1,United Kingdom,1,1,Lapsed
17113.0,574,6,2305.59,1.9459101490553128,7.743525522397025,14.5923417721519,122,5,United Kingdom,1,1,Lapsed
17114.0,6,8,801.12,2.19722457733622,6.687258222608833,6.5131707317073175,85,8,United Kingdom,1,3,Regular
17115.0,8,7,2761.49,2.079441541679836,7.923887725909954,23.01241666666667,102,7,United Kingdom,1,3,Regular
17116.0,648,1,389.78,0.6931471805599453,5.968144741786365,8.293191489361702,47,1,United Kingdom,1,1,Lapsed
17117.0,288,1,116.2,0.6931471805599453,4.763881877142913,12.911111111111111,9,1,United Kingdom,1,1,Lapsed
17118.0,318,1,157.02,0.6931471805599453,5.062721607294587,15.702000000000002,10,1,United Kingdom,1,1,Lapsed
17119.0,3,2,606.91,1.0986122886681098,6.410026844693401,17.340285714285713,35,2,United Kingdom,1,0,New / Low Engagement
17120.0,233,1,307.46,0.6931471805599453,5.731592175295468,17.08111111111111,18,1,United Kingdom,1,0,New / Low Engagement
17121.0,403,1,314.74,0.6931471805599453,5.754919090103581,26.22833333333333,12,1,United Kingdom,1,1,Lapsed
17122.0,119,4,570.5,1.6094379124341005,6.348264483234865,19.016666666666666,23,4,United Kingdom,1,0,New / Low Engagement
17123.0,162,3,977.17,1.3862943611198906,6.885683479060033,22.724883720930237,37,3,United Kingdom,1,3,Regular
17124.0,185,1,294.24,0.6931471805599453,5.687788584901852,9.491612903225809,31,1,United Kingdom,1,0,New / Low Engagement
17125.0,50,1,230.5,0.6931471805599453,5.444579873526289,6.585714285714285,34,1,United Kingdom,1,0,New / Low Engagement
17126.0,152,9,2016.43,2.302585092994046,7.609579703135726,4.531303370786517,295,7,United Kingdom,1,3,Regular
17127.0,429,5,1155.0300000000002,1.791759469228055,7.052747000452681,31.217027027027036,27,5,United Kingdom,1,1,Lapsed
17128.0,335,1,157.09,0.6931471805599453,5.063164491108096,11.220714285714283,14,1,United Kingdom,1,1,Lapsed
17129.0,520,1,31.85,0.6931471805599453,3.49195174493062,15.925,2,1,United Kingdom,1,1,Lapsed
17131.0,5,5,2463.17,1.791759469228055,7.8096103157799615,18.38186567164179,78,4,United Kingdom,1,3,Regular
17132.0,452,2,1220.91,1.0986122886681098,7.108170487264764,17.19591549295775,62,2,United Kingdom,1,1,Lapsed
17133.0,16,12,14622.33,2.5649493574615367,9.59037347754592,261.11303571428573,22,11,United Kingdom,1,2,Best Customers
17134.0,107,3,625.3,1.3862943611198906,6.439829489531367,17.369444444444444,31,3,United Kingdom,1,0,New / Low Engagement
17135.0,16,10,1722.18,2.3978952727983707,7.451926700020936,12.043216783216783,98,8,United Kingdom,1,3,Regular
17136.0,662,1,231.68,0.6931471805599453,5.449664119042561,16.548571428571428,14,1,United Kingdom,1,1,Lapsed
17137.0,416,6,1099.81,1.9459101490553128,7.003801551440143,6.585688622754491,125,5,United Kingdom,1,3,Regular
17138.0,276,7,4417.27,2.079441541679836,8.393503495738775,17.2549609375,234,7,United Kingdom,1,3,Regular
17139.0,16,25,19566.76,3.258096538021482,9.881638592929416,24.21628712871287,447,18,United Kingdom,1,2,Best Customers
17140.0,247,1,454.12,0.6931471805599453,6.120561120442392,25.22888888888889,16,1,United Kingdom,1,0,New / Low Engagement
17141.0,418,4,727.58,1.6094379124341005,6.591097434293783,4.491234567901235,138,2,United Kingdom,1,1,Lapsed
17142.0,239,4,1275.25,1.6094379124341005,7.151681369478875,14.32865168539326,78,4,United Kingdom,1,3,Regular
17143.0,417,2,880.97,1.0986122886681098,6.782158041822873,7.865803571428572,82,2,United Kingdom,1,1,Lapsed
17144.0,1,2,984.57,1.0986122886681098,6.893220154004312,20.511875,42,2,United Kingdom,1,0,New / Low Engagement
17145.0,513,4,3120.91,1.6094379124341005,8.046200272985285,17.33838888888889,168,3,United Kingdom,1,1,Lapsed
17146.0,106,13,5852.64,2.6390573296152584,8.67481896894814,19.443986710963458,164,13,United Kingdom,1,2,Best Customers
17147.0,23,9,3199.95,2.302585092994046,8.071202919729155,23.529044117647057,99,9,United Kingdom,1,3,Regular
17148.0,52,1,124.88,0.6931471805599453,4.835329072196206,13.875555555555556,9,1,United Kingdom,1,0,New / Low Engagement
17149.0,451,1,143.10000000000002,0.6931471805599453,4.970507503005477,23.850000000000005,6,1,United Kingdom,1,1,Lapsed
17150.0,377,6,1357.95,1.9459101490553128,7.214467621715665,14.760326086956525,64,6,United Kingdom,1,3,Regular
17151.0,735,1,231.90000000000003,0.6931471805599453,5.450609176890295,57.97500000000001,4,1,United Kingdom,1,1,Lapsed
17152.0,195,4,2016.5,1.6094379124341005,7.609614400144104,126.03125,9,3,United Kingdom,1,3,Regular
17153.0,24,1,213.78,0.6931471805599453,5.369614248430071,15.27,14,1,United Kingdom,1,0,New / Low Engagement
17154.0,75,1,329.34,0.6931471805599453,5.800122427092944,14.319130434782608,23,1,United Kingdom,1,0,New / Low Engagement
17155.0,18,7,892.46,2.079441541679836,6.795101565830168,12.225479452054795,43,7,United Kingdom,1,3,Regular
17156.0,492,1,591.87,0.6931471805599453,6.384975150681265,15.176153846153849,39,1,United Kingdom,1,1,Lapsed
17157.0,8,19,5151.900000000001,2.995732273553991,8.547314941968759,36.53829787234043,78,18,United Kingdom,1,2,Best Customers
17158.0,32,5,1980.0,1.791759469228055,7.591357046698551,17.52212389380531,74,5,United Kingdom,1,3,Regular
17159.0,22,5,2099.59,1.791759469228055,7.6499735366327375,16.15069230769231,115,5,United Kingdom,1,3,Regular
17160.0,31,17,10209.16,2.8903717578961645,9.231138581946796,15.68227342549923,215,17,United Kingdom,1,2,Best Customers
17161.0,444,1,856.01,0.6931471805599453,6.753449587141137,16.46173076923077,52,1,United Kingdom,1,1,Lapsed
17162.0,29,10,1715.46,2.3978952727983707,7.448019309392898,16.494807692307692,81,6,United Kingdom,1,3,Regular
17163.0,22,4,699.78,1.6094379124341005,6.552194000402157,23.326,27,4,United Kingdom,1,3,Regular
17164.0,33,7,2467.35,2.079441541679836,7.811305190205457,17.134375,92,5,United Kingdom,1,3,Regular
17165.0,284,6,1794.32,1.9459101490553128,7.492938558014141,17.9432,77,6,United Kingdom,1,3,Regular
17166.0,39,2,206.34,1.0986122886681098,5.334359957894966,17.195,11,2,United Kingdom,1,0,New / Low Engagement
17167.0,380,3,867.11,1.3862943611198906,6.7663184347416205,10.97607594936709,64,3,United Kingdom,1,1,Lapsed
17168.0,499,1,400.2,0.6931471805599453,5.994460056087781,19.057142857142857,21,1,United Kingdom,1,1,Lapsed
17169.0,58,3,1156.73,1.3862943611198906,7.054216470325016,15.423066666666667,64,3,United Kingdom,1,3,Regular
17170.0,374,2,178.68,1.0986122886681098,5.191177490990133,17.868000000000002,8,2,United Kingdom,1,1,Lapsed
17171.0,289,2,384.59,1.0986122886681098,5.95477462879015,15.3836,25,2,United Kingdom,1,0,New / Low Engagement
17172.0,79,3,956.57,1.3862943611198906,6.864398825432219,24.527435897435897,39,3,United Kingdom,1,3,Regular
17173.0,5,8,3766.6,2.19722457733622,8.234193472948663,43.79767441860465,36,7,United Kingdom,1,3,Regular
17174.0,218,1,59.9,0.6931471805599453,4.109233174715851,14.975,4,1,United Kingdom,1,0,New / Low Engagement
17175.0,44,4,1443.69,1.6094379124341005,7.275650044659092,22.915714285714287,42,4,United Kingdom,1,3,Regular
17176.0,202,3,902.32,1.3862943611198906,6.806076864949104,21.483809523809523,37,3,United Kingdom,1,3,Regular
17177.0,505,1,119.5,0.6931471805599453,4.791649752930709,4.120689655172414,29,1,United Kingdom,1,1,Lapsed
17178.0,731,1,432.96,0.6931471805599453,6.07295236395425,13.966451612903226,31,1,United Kingdom,1,1,Lapsed
17179.0,178,6,1507.26,1.9459101490553128,7.318711947499455,9.539620253164555,75,6,United Kingdom,1,3,Regular
17180.0,56,11,2236.77,2.4849066497880004,7.7132351132599855,5.591925,189,10,United Kingdom,1,3,Regular
17181.0,57,3,309.85,1.3862943611198906,5.739310480715346,11.06607142857143,28,3,United Kingdom,1,0,New / Low Engagement
17182.0,423,2,321.3,1.0986122886681098,5.775482788821392,53.55,4,2,United Kingdom,1,1,Lapsed
17183.0,8,6,3347.31,1.9459101490553128,8.116211019915529,45.85356164383562,42,6,United Kingdom,1,3,Regular
17184.0,569,2,198.41000000000005,1.0986122886681098,5.2953630067216,14.17214285714286,14,2,United Kingdom,1,1,Lapsed
17185.0,592,3,229.46,1.3862943611198906,5.440077311585869,5.215,38,2,United Kingdom,1,1,Lapsed
17186.0,47,2,144.0,1.0986122886681098,4.976733742420574,72.0,1,2,United Kingdom,1,0,New / Low Engagement
17187.0,227,2,467.71,1.0986122886681098,6.149984240310191,20.335217391304347,21,2,United Kingdom,1,0,New / Low Engagement
17188.0,11,13,4592.93,2.6390573296152584,8.432491145866956,26.70308139534884,136,12,United Kingdom,1,2,Best Customers
17189.0,106,5,953.63,1.791759469228055,6.861323830853598,7.946916666666667,101,5,United Kingdom,1,3,Regular
17190.0,59,7,1726.57,2.079441541679836,7.454471075804953,9.08721052631579,160,5,United Kingdom,1,3,Regular
17191.0,28,15,4310.34,2.772588722239781,8.369004039649278,8.672716297786721,269,12,United Kingdom,1,2,Best Customers
17192.0,536,1,75.28,0.6931471805599453,4.3344107807322185,3.764,20,1,United Kingdom,1,1,Lapsed
17193.0,36,9,2310.04,2.302585092994046,7.745452918649038,52.50090909090909,28,7,United Kingdom,1,3,Regular
17194.0,274,3,812.5,1.3862943611198906,6.7013459266590925,13.31967213114754,57,3,United Kingdom,1,0,New / Low Engagement
17195.0,655,1,562.98,0.6931471805599453,6.335018789876395,18.16064516129032,31,1,United Kingdom,1,1,Lapsed
17196.0,428,1,327.75,0.6931471805599453,5.795297583491974,3.524193548387097,84,1,United Kingdom,1,1,Lapsed
17197.0,30,1,1013.01,0.6931471805599453,6.921668046035439,34.93137931034483,29,1,United Kingdom,1,0,New / Low Engagement
17198.0,24,3,692.22,1.3862943611198906,6.541347409127499,7.210625,89,3,United Kingdom,1,0,New / Low Engagement
17199.0,582,1,135.04000000000002,0.6931471805599453,4.912948960138995,16.880000000000003,8,1,United Kingdom,1,1,Lapsed
17200.0,387,4,356.71,1.6094379124341005,5.879722602262234,14.2684,25,2,United Kingdom,1,1,Lapsed
17201.0,54,4,1143.1,1.6094379124341005,7.042373580706898,6.684795321637426,154,4,United Kingdom,1,3,Regular
17202.0,421,1,160.65,0.6931471805599453,5.0854335041714425,20.08125,8,1,United Kingdom,1,1,Lapsed
17203.0,36,10,5564.09,2.3978952727983707,8.624268436085611,21.318352490421457,195,4,United Kingdom,1,2,Best Customers
17204.0,175,9,5504.6900000000005,2.302585092994046,8.613537381901759,31.09994350282486,110,7,United Kingdom,1,3,Regular
17205.0,54,3,999.35,1.3862943611198906,6.908105217746425,28.552857142857142,27,3,United Kingdom,1,3,Regular
17206.0,53,1,204.24,0.6931471805599453,5.324180026073764,29.177142857142854,7,1,United Kingdom,1,0,New / Low Engagement
17207.0,652,1,292.62,0.6931471805599453,5.6822864143113145,4.877,55,1,United Kingdom,1,1,Lapsed
17208.0,396,1,111.15,0.6931471805599453,4.719837260966218,4.832608695652175,21,1,United Kingdom,1,1,Lapsed
17209.0,649,3,595.7,1.3862943611198906,6.391414474528037,15.676315789473684,36,3,United Kingdom,1,1,Lapsed
17210.0,393,1,251.72,0.6931471805599453,5.53228215649383,4.749433962264151,47,1,United Kingdom,1,1,Lapsed
17211.0,27,13,3773.35,2.6390573296152584,8.235983461427049,10.969040697674416,217,13,United Kingdom,1,2,Best Customers
17212.0,253,3,794.41,1.3862943611198906,6.678857704985231,27.393448275862067,29,3,United Kingdom,1,0,New / Low Engagement
17213.0,40,13,4869.400000000001,2.6390573296152584,8.490931348227312,18.306015037593987,130,12,United Kingdom,1,2,Best Customers
17214.0,60,6,1059.12,1.9459101490553128,6.966137388245792,10.486336633663369,79,6,United Kingdom,1,3,Regular
17215.0,464,1,186.15,0.6931471805599453,5.231910434350438,16.922727272727272,11,1,United Kingdom,1,1,Lapsed
17216.0,554,1,63.6,0.6931471805599453,4.168214410788556,4.892307692307693,13,1,United Kingdom,1,1,Lapsed
17217.0,234,2,210.1,1.0986122886681098,5.352331954854275,7.781481481481482,27,2,United Kingdom,1,0,New / Low Engagement
17218.0,4,18,3891.39,2.9444389791664403,8.2667786438355,8.261974522292993,248,18,United Kingdom,1,2,Best Customers
17219.0,32,2,259.13,1.0986122886681098,5.561181506057179,5.1826,43,2,United Kingdom,1,0,New / Low Engagement
17220.0,24,21,4457.31,3.091042453358316,8.402525049437543,6.632901785714286,408,14,United Kingdom,1,2,Best Customers
17221.0,7,5,976.62,1.791759469228055,6.885121046473203,7.875967741935484,115,4,United Kingdom,1,3,Regular
17222.0,65,6,1579.51,1.9459101490553128,7.3655028587473295,14.102767857142856,94,6,United Kingdom,1,3,Regular
17223.0,310,3,558.04,1.3862943611198906,6.326221026945691,8.087536231884057,62,3,United Kingdom,1,1,Lapsed
17224.0,501,1,100.86,0.6931471805599453,4.623599321456458,12.607500000000002,8,1,United Kingdom,1,1,Lapsed
17225.0,582,1,131.15,0.6931471805599453,4.883937641050299,26.23,5,1,United Kingdom,1,1,Lapsed
17226.0,309,3,895.47,1.3862943611198906,6.798464829016227,15.177457627118644,51,3,United Kingdom,1,3,Regular
17227.0,19,12,1878.93,2.5649493574615367,7.538989821088237,16.48184210526316,58,12,United Kingdom,1,3,Regular
17228.0,16,13,2820.03,2.6390573296152584,7.944857345472213,8.623944954128442,199,13,United Kingdom,1,2,Best Customers
17229.0,96,2,318.76,1.0986122886681098,5.767570714403068,6.782127659574468,39,2,United Kingdom,1,0,New / Low Engagement
17230.0,264,18,9388.49,2.9444389791664403,9.147346257628255,43.264930875576034,141,14,United Kingdom,1,2,Best Customers
17231.0,12,25,7064.8,3.258096538021482,8.863021522961475,5.882431307243963,509,22,United Kingdom,1,2,Best Customers
17232.0,3,2,417.77,1.0986122886681098,6.037321843192776,11.936285714285711,30,2,United Kingdom,1,0,New / Low Engagement
17233.0,35,3,560.86,1.3862943611198906,6.331252708540276,9.67,56,3,United Kingdom,1,0,New / Low Engagement
17234.0,183,1,149.89,0.6931471805599453,5.01655109452556,10.706428571428573,14,1,United Kingdom,1,0,New / Low Engagement
17235.0,25,8,1562.98,2.19722457733622,7.354989133299708,17.561573033707866,52,8,United Kingdom,1,3,Regular
17236.0,13,12,1929.26,2.5649493574615367,7.565409987851583,12.210506329113924,123,12,United Kingdom,1,3,Regular
17237.0,11,4,994.13,1.6094379124341005,6.9028733818905295,12.58392405063291,76,4,United Kingdom,1,3,Regular
17238.0,3,32,7331.67,3.49650756146648,8.90009498503563,6.436935908691835,486,29,United Kingdom,1,2,Best Customers
17239.0,313,4,1189.45,1.6094379124341005,7.082086665884911,37.1703125,18,4,United Kingdom,1,3,Regular
17240.0,596,1,130.60000000000002,0.6931471805599453,4.879767018891217,18.657142857142865,7,1,United Kingdom,1,1,Lapsed
17241.0,385,12,2736.64,2.5649493574615367,7.914851514369583,16.097882352941177,116,11,United Kingdom,1,3,Regular
17242.0,108,5,2889.28,1.791759469228055,7.9691086622265,34.39619047619048,44,5,United Kingdom,1,3,Regular
17243.0,1,69,20203.58,4.248495242049359,9.913664590362597,18.8290587138863,359,66,United Kingdom,1,2,Best Customers
17244.0,53,5,1826.04,1.791759469228055,7.510452449953338,15.217,109,3,United Kingdom,1,3,Regular
17245.0,205,2,371.63,1.0986122886681098,5.920585970224212,14.8652,24,2,United Kingdom,1,0,New / Low Engagement
17246.0,547,2,38.92,1.0986122886681098,3.686877451443263,6.486666666666667,6,2,United Kingdom,1,1,Lapsed
17247.0,15,1,280.09000000000003,0.6931471805599453,5.6386749027510605,5.186851851851852,53,1,United Kingdom,1,0,New / Low Engagement
17248.0,120,2,500.54,1.0986122886681098,6.21768336493912,4.812884615384616,85,2,United Kingdom,1,0,New / Low Engagement
17249.0,429,1,68.03,0.6931471805599453,4.234541192715384,2.51962962962963,27,1,United Kingdom,1,1,Lapsed
17250.0,4,2,381.97,1.0986122886681098,5.947956657131048,6.820892857142858,55,2,United Kingdom,1,0,New / Low Engagement
17251.0,363,3,798.98,1.3862943611198906,6.684586727355423,10.243333333333334,65,3,United Kingdom,1,1,Lapsed
17252.0,117,2,348.91,1.0986122886681098,5.857675978559423,4.057093023255813,86,2,United Kingdom,1,0,New / Low Engagement
17253.0,18,1,178.26,0.6931471805599453,5.188837265929216,9.903333333333332,18,1,United Kingdom,1,0,New / Low Engagement
17254.0,5,3,469.48,1.3862943611198906,6.153753450151701,3.19374149659864,129,3,United Kingdom,1,0,New / Low Engagement
17255.0,41,4,781.7,1.6094379124341005,6.662749480810793,4.295054945054945,163,4,United Kingdom,1,3,Regular
17256.0,107,5,498.93,1.791759469228055,6.214468088621277,16.094516129032257,20,4,United Kingdom,1,3,Regular
17257.0,436,2,189.78,1.0986122886681098,5.251120931717062,13.555714285714286,14,1,United Kingdom,1,1,Lapsed
17258.0,397,2,417.3,1.0986122886681098,6.036198878448153,7.587272727272728,46,2,United Kingdom,1,1,Lapsed
17259.0,148,6,1452.39,1.9459101490553128,7.281654037740536,6.314739130434783,179,5,United Kingdom,1,3,Regular
17260.0,411,1,120.95,0.6931471805599453,4.80361112466193,20.15833333333333,6,1,United Kingdom,1,1,Lapsed
17261.0,510,1,221.59,0.6931471805599453,5.405331514202519,5.153255813953488,43,1,United Kingdom,1,1,Lapsed
17262.0,52,11,2488.76,2.4849066497880004,7.8199415992712,130.98736842105265,12,9,United Kingdom,1,3,Regular
17263.0,208,1,63.440000000000005,0.6931471805599453,4.165734558308774,2.758260869565217,23,1,United Kingdom,1,0,New / Low Engagement
17264.0,424,1,268.28,0.6931471805599453,5.595751730442496,3.625405405405405,70,1,United Kingdom,1,1,Lapsed
17265.0,139,2,550.01,1.0986122886681098,6.311752957808554,4.50827868852459,106,2,United Kingdom,1,0,New / Low Engagement
17266.0,2,5,501.72,1.791759469228055,6.220033355067256,4.216134453781513,95,5,United Kingdom,1,3,Regular
17267.0,127,2,317.2,1.0986122886681098,5.762680115903686,8.572972972972973,37,1,United Kingdom,1,0,New / Low Engagement
17268.0,108,11,1733.89,2.4849066497880004,7.458699289794689,57.79633333333333,26,11,United Kingdom,1,3,Regular
17269.0,386,1,491.81,0.6931471805599453,6.200123704221218,3.93448,110,1,United Kingdom,1,1,Lapsed
17270.0,469,2,601.45,1.0986122886681098,6.401004674369285,12.530208333333334,45,2,United Kingdom,1,1,Lapsed
17271.0,736,1,204.3,0.6931471805599453,5.324472324024888,4.2562500000000005,46,1,United Kingdom,1,1,Lapsed
17272.0,42,4,2148.63,1.6094379124341005,7.673051013288749,18.847631578947368,70,4,United Kingdom,1,3,Regular
17273.0,424,1,141.12,0.6931471805599453,4.956671771152826,11.76,12,1,United Kingdom,1,1,Lapsed
17274.0,35,2,573.22,1.0986122886681098,6.353012598149689,7.444415584415585,76,2,United Kingdom,1,0,New / Low Engagement
17275.0,383,1,114.1,0.6931471805599453,4.745801315727837,4.960869565217391,23,1,United Kingdom,1,1,Lapsed
17276.0,402,1,502.49,0.6931471805599453,6.221563850988198,9.480943396226415,50,1,United Kingdom,1,1,Lapsed
17277.0,228,2,1065.35,1.0986122886681098,6.9719968810436015,15.43985507246377,67,2,United Kingdom,1,0,New / Low Engagement
17278.0,241,2,271.24,1.0986122886681098,5.606684030192651,15.95529411764706,17,2,United Kingdom,1,0,New / Low Engagement
17279.0,58,1,187.83,0.6931471805599453,5.240847139393487,20.87,8,1,United Kingdom,1,0,New / Low Engagement
17280.0,438,1,118.86,0.6931471805599453,4.786324395030039,19.81,6,1,United Kingdom,1,1,Lapsed
17281.0,374,6,797.85,1.9459101490553128,6.68317319347358,132.975,2,6,United Kingdom,1,3,Regular
17282.0,130,5,2308.54,1.791759469228055,7.744803649486858,11.316372549019608,168,5,United Kingdom,1,3,Regular
17283.0,379,1,188.46,0.6931471805599453,5.244177920447388,12.564,15,1,United Kingdom,1,1,Lapsed
17284.0,60,8,2788.06,2.19722457733622,7.933459900483213,7.474691689008043,285,8,United Kingdom,1,3,Regular
17285.0,628,2,407.94,1.0986122886681098,6.013568446014908,9.271363636363636,41,2,United Kingdom,1,1,Lapsed
17286.0,22,3,389.18,1.3862943611198906,5.966608171109115,4.324222222222223,89,2,United Kingdom,1,0,New / Low Engagement
17287.0,26,21,3826.86,3.091042453358316,8.250061179281271,8.265356371490281,279,18,United Kingdom,1,2,Best Customers
17288.0,9,11,2468.43,2.4849066497880004,7.811742633759938,8.5709375,233,9,United Kingdom,1,3,Regular
17289.0,32,9,2041.8,2.302585092994046,7.622076694773489,7.67593984962406,202,9,United Kingdom,1,3,Regular
17290.0,4,8,1487.96,2.19722457733622,7.305833168656283,7.591632653061224,184,7,United Kingdom,1,3,Regular
17291.0,308,1,550.8000000000001,0.6931471805599453,6.313185661783185,550.8000000000001,1,1,United Kingdom,1,1,Lapsed
17292.0,472,2,271.75,1.0986122886681098,5.60855562471318,18.116666666666667,14,2,United Kingdom,1,1,Lapsed
17293.0,8,17,3750.63,2.8903717578961645,8.229945691190933,15.562780082987553,148,16,United Kingdom,1,2,Best Customers
17294.0,669,2,467.79,1.0986122886681098,6.1501549069772725,27.51705882352941,17,1,United Kingdom,1,1,Lapsed
17295.0,29,3,547.0,1.3862943611198906,6.306275286948016,8.044117647058824,53,2,United Kingdom,1,0,New / Low Engagement
17296.0,730,1,338.13,0.6931471805599453,5.826383514696429,10.246363636363636,32,1,United Kingdom,1,1,Lapsed
17297.0,17,1,128.18,0.6931471805599453,4.861206780604327,2.615918367346939,49,1,United Kingdom,1,0,New / Low Engagement
17298.0,101,5,954.26,1.791759469228055,6.861983554735969,13.829855072463769,61,5,United Kingdom,1,3,Regular
17299.0,12,6,993.23,1.9459101490553128,6.901968568220403,8.789646017699114,96,6,United Kingdom,1,3,Regular
17300.0,391,2,393.64,1.0986122886681098,5.977973956925482,8.946363636363635,37,2,United Kingdom,1,1,Lapsed
17301.0,21,2,294.39,1.0986122886681098,5.688296517120754,2.605221238938053,107,2,United Kingdom,1,0,New / Low Engagement
17302.0,15,5,1135.63,1.791759469228055,7.035823023024634,14.375063291139242,68,5,United Kingdom,1,3,Regular
17303.0,361,1,250.04,0.6931471805599453,5.525612288984722,4.717735849056604,53,1,United Kingdom,1,1,Lapsed
17304.0,534,1,111.5,0.6931471805599453,4.722953221644475,22.3,5,1,United Kingdom,1,1,Lapsed
17305.0,649,1,2135.46,0.6931471805599453,7.666905532699596,237.2733333333333,9,1,United Kingdom,1,1,Lapsed
17306.0,11,21,9782.35,3.091042453358316,9.188437240164196,135.86597222222224,17,17,United Kingdom,1,2,Best Customers
17307.0,395,11,3999.89,2.4849066497880004,8.294272115352573,83.33104166666668,22,11,United Kingdom,1,3,Regular
17308.0,393,2,4511.76,1.0986122886681098,8.41466421870983,644.5371428571428,5,2,United Kingdom,1,3,Regular
17309.0,95,3,320.39,1.3862943611198906,5.7726553389425765,8.899722222222222,33,3,United Kingdom,1,0,New / Low Engagement
17310.0,387,2,1025.1,1.0986122886681098,6.933520486868163,512.55,1,2,United Kingdom,1,1,Lapsed
17311.0,78,6,3566.56,1.9459101490553128,8.179637167709913,28.08314960629921,124,6,United Kingdom,1,3,Regular
17312.0,139,3,644.3,1.3862943611198906,6.469715324941794,46.021428571428565,11,3,United Kingdom,1,0,New / Low Engagement
17313.0,31,1,2328.84,0.6931471805599453,7.753554874673989,97.035,24,1,United Kingdom,1,0,New / Low Engagement
17314.0,25,17,4904.43,2.8903717578961645,8.498098033804354,19.1579296875,200,17,United Kingdom,1,2,Best Customers
17315.0,2,43,9599.58,3.784189633918261,9.169578792297582,12.850843373493976,385,40,United Kingdom,1,2,Best Customers
17316.0,420,1,124.45,0.6931471805599453,4.831907272812432,3.5557142857142856,35,1,United Kingdom,1,1,Lapsed
17317.0,46,3,2600.34,1.3862943611198906,7.863781975859922,288.9266666666667,8,3,United Kingdom,1,3,Regular
17318.0,725,1,157.32999999999998,0.6931471805599453,5.064681462513343,9.25470588235294,17,1,United Kingdom,1,1,Lapsed
17319.0,669,1,29.1,0.6931471805599453,3.40452517175483,9.7,3,1,United Kingdom,1,1,Lapsed
17320.0,100,6,2444.85,1.9459101490553128,7.802147989755076,16.08453947368421,86,6,United Kingdom,1,3,Regular
17321.0,8,6,1665.21,1.9459101490553128,7.418306865203269,6.144686346863469,241,5,United Kingdom,1,3,Regular
17322.0,376,5,922.59,1.791759469228055,6.828268250223805,5.2123728813559325,115,5,United Kingdom,1,3,Regular
17323.0,15,12,1551.04,2.5649493574615367,7.347325473606917,4.685921450151057,168,12,United Kingdom,1,3,Regular
17324.0,18,12,2171.07,2.5649493574615367,7.683435908895461,14.97289655172414,111,11,United Kingdom,1,3,Regular
17325.0,280,3,609.5699999999999,1.3862943611198906,6.414392947092451,15.63,39,3,United Kingdom,1,0,New / Low Engagement
17326.0,408,2,312.35,1.0986122886681098,5.747320776670684,3.631976744186047,82,2,United Kingdom,1,1,Lapsed
17327.0,410,2,152.35,1.0986122886681098,5.032722890560261,38.0875,3,2,United Kingdom,1,1,Lapsed
17328.0,673,1,104.7,0.6931471805599453,4.660604892876192,17.45,6,1,United Kingdom,1,1,Lapsed
17329.0,14,5,998.53,1.791759469228055,6.907285168497517,9.60125,80,4,United Kingdom,1,3,Regular
17330.0,23,4,423.8,1.6094379124341005,6.051618469927729,52.975,7,4,United Kingdom,1,0,New / Low Engagement
17331.0,124,1,175.2,0.6931471805599453,5.171619713502079,175.2,1,1,United Kingdom,1,0,New / Low Engagement
17332.0,528,5,838.27,1.791759469228055,6.732532466377506,8.823894736842105,82,5,United Kingdom,1,1,Lapsed
17333.0,86,1,494.25,0.6931471805599453,6.20506268557866,17.651785714285715,28,1,United Kingdom,1,0,New / Low Engagement
17334.0,302,3,635.1500000000001,1.3862943611198906,6.45543438458871,20.48870967741936,20,3,United Kingdom,1,0,New / Low Engagement
17335.0,384,2,497.04,1.0986122886681098,6.210680395084212,13.806666666666668,34,2,United Kingdom,1,1,Lapsed
17336.0,472,1,81.12,0.6931471805599453,4.408181592150733,81.12,1,1,United Kingdom,1,1,Lapsed
17337.0,151,4,1981.06,1.6094379124341005,7.591891986883801,3.802418426103647,421,4,United Kingdom,1,3,Regular
17338.0,17,17,11889.33,2.8903717578961645,9.383480743715156,9.110597701149423,590,17,United Kingdom,1,2,Best Customers
17339.0,94,3,302.36,1.3862943611198906,5.714920219066657,30.236,10,3,United Kingdom,1,0,New / Low Engagement
17340.0,30,18,19617.95,2.9444389791664403,9.884251214867708,28.93502949852508,322,15,United Kingdom,1,2,Best Customers
17341.0,157,5,1272.21,1.791759469228055,7.149296549602667,5.809178082191781,200,3,United Kingdom,1,3,Regular
17342.0,380,4,1227.54,1.6094379124341005,7.113581751463728,35.07257142857143,31,4,United Kingdom,1,1,Lapsed
17343.0,355,6,1259.94,1.9459101490553128,7.1396127535482,15.74925,61,6,United Kingdom,1,3,Regular
17344.0,46,2,457.36,1.0986122886681098,6.127654901558247,6.826268656716418,64,2,United Kingdom,1,0,New / Low Engagement
17345.0,15,10,1586.63,2.3978952727983707,7.369997617177843,7.59153110047847,174,7,United Kingdom,1,3,Regular
17346.0,4,26,4998.61,3.295836866004329,8.51711518837408,5.415612134344529,517,25,United Kingdom,1,2,Best Customers
17347.0,86,1,228.96,0.6931471805599453,5.43790538075509,228.96,1,1,United Kingdom,1,0,New / Low Engagement
17348.0,15,9,2442.29,2.302585092994046,7.801100770721072,5.513069977426636,326,9,United Kingdom,1,3,Regular
17349.0,179,5,772.41,1.791759469228055,6.650809309009441,9.087176470588236,74,5,United Kingdom,1,3,Regular
17350.0,8,7,1893.701,2.079441541679836,7.546816321426218,13.242664335664337,124,6,United Kingdom,1,3,Regular
17351.0,36,12,1988.23,2.5649493574615367,7.595502908166634,28.814927536231885,45,11,United Kingdom,1,3,Regular
17352.0,696,1,36.25,0.6931471805599453,3.617651944825568,7.25,5,1,United Kingdom,1,1,Lapsed
17353.0,129,4,3242.0,1.6094379124341005,8.084254106307318,231.57142857142856,7,4,United Kingdom,1,3,Regular
17354.0,51,4,3133.96,1.6094379124341005,8.050371693814968,31.02930693069307,85,2,United Kingdom,1,3,Regular
17355.0,386,1,273.31,0.6931471805599453,5.614258853713599,8.282121212121211,28,1,United Kingdom,1,1,Lapsed
17356.0,312,5,946.47,1.791759469228055,6.853795274186192,11.00546511627907,73,5,United Kingdom,1,3,Regular
17357.0,24,2,384.39,1.0986122886681098,5.954255808575653,8.736136363636364,41,1,United Kingdom,1,0,New / Low Engagement
17358.0,303,5,861.01,1.791759469228055,6.759266871524477,5.897328767123288,126,5,United Kingdom,1,3,Regular
17359.0,11,2,284.46,1.0986122886681098,5.654101914201623,7.48578947368421,36,2,United Kingdom,1,0,New / Low Engagement
17360.0,17,6,1200.51,1.9459101490553128,7.09133437807156,5.242401746724891,189,4,United Kingdom,1,3,Regular
17361.0,49,5,871.7900000000001,1.791759469228055,6.771694977074673,15.294561403508771,51,4,United Kingdom,1,3,Regular
17362.0,239,7,1024.04,2.079441541679836,6.932486915201321,7.1113888888888885,99,7,United Kingdom,1,3,Regular
17363.0,395,3,920.46,1.3862943611198906,6.825959368679954,26.298857142857145,34,2,United Kingdom,1,1,Lapsed
17364.0,1,28,11972.92,3.367295829986474,9.390486230320503,13.244380530973451,513,26,United Kingdom,1,2,Best Customers
17365.0,13,15,8184.49,2.772588722239781,9.01011835362118,10.30792191435768,395,14,United Kingdom,1,2,Best Customers
17366.0,432,2,1077.24,1.0986122886681098,6.983085361197907,8.22320610687023,120,2,United Kingdom,1,1,Lapsed
17367.0,238,1,167.55,0.6931471805599453,5.12723244168007,5.077272727272728,33,1,United Kingdom,1,0,New / Low Engagement
17368.0,23,14,2758.29,2.70805020110221,7.922728679240859,12.204823008849557,195,13,United Kingdom,1,2,Best Customers
17369.0,456,1,979.2,0.6931471805599453,6.887756632475448,979.2,1,1,United Kingdom,1,1,Lapsed
17370.0,73,4,446.18,1.6094379124341005,6.102961198121657,13.52060606060606,31,4,United Kingdom,1,0,New / Low Engagement
17371.0,17,6,655.37,1.9459101490553128,6.486724654332361,4.551180555555556,135,4,United Kingdom,1,3,Regular
17372.0,41,28,4347.31,3.367295829986474,8.377542542847694,6.708811728395062,412,28,United Kingdom,1,2,Best Customers
17373.0,40,7,1167.5,2.079441541679836,7.063476153978913,12.82967032967033,65,7,United Kingdom,1,3,Regular
17374.0,219,3,727.11,1.3862943611198906,6.590452135683496,17.312142857142856,34,3,United Kingdom,1,0,New / Low Engagement
17375.0,199,4,660.55,1.6094379124341005,6.49458556648842,7.6808139534883715,77,4,United Kingdom,1,3,Regular
17376.0,71,4,453.64,1.6094379124341005,6.119505896988866,8.248,41,4,United Kingdom,1,0,New / Low Engagement
17377.0,24,78,17644.27,4.3694478524670215,9.778223037777508,10.306232476635516,505,69,United Kingdom,1,2,Best Customers
17378.0,374,1,10.95,0.6931471805599453,2.48073127837752,10.95,1,1,United Kingdom,1,1,Lapsed
17379.0,11,1,389.72,0.6931471805599453,5.96799119092234,4.996410256410256,71,1,United Kingdom,1,0,New / Low Engagement
17380.0,434,3,645.0,1.3862943611198906,6.470799503782602,64.5,5,3,United Kingdom,1,1,Lapsed
17381.0,9,38,36398.65,3.6635616461296463,10.502314438193988,223.30460122699387,50,28,United Kingdom,1,2,Best Customers
17382.0,65,8,902.28,2.19722457733622,6.806032582872267,50.126666666666665,16,7,United Kingdom,1,3,Regular
17383.0,4,2,304.09000000000003,1.0986122886681098,5.720606815046504,5.9625490196078434,51,2,United Kingdom,1,0,New / Low Engagement
17384.0,19,3,507.55,1.3862943611198906,6.2315635390716055,25.3775,15,3,United Kingdom,1,0,New / Low Engagement
17385.0,15,1,256.11,0.6931471805599453,5.549504008886889,5.691333333333334,42,1,United Kingdom,1,0,New / Low Engagement
17386.0,8,7,2812.77,2.079441541679836,7.942280500147702,74.02026315789473,32,5,United Kingdom,1,3,Regular
17387.0,20,2,746.81,1.0986122886681098,6.617148935013109,9.826447368421052,71,2,United Kingdom,1,0,New / Low Engagement
17388.0,78,11,2675.37,2.4849066497880004,7.892216677759007,48.64309090909091,41,11,United Kingdom,1,3,Regular
17389.0,1,61,57215.33,4.127134385045092,10.954594626134003,133.3690675990676,63,53,United Kingdom,1,2,Best Customers
17390.0,421,1,149.3,0.6931471805599453,5.012633296758929,12.441666666666668,12,1,United Kingdom,1,1,Lapsed
17391.0,164,2,508.8,1.0986122886681098,6.234018491942015,169.6,2,2,United Kingdom,1,0,New / Low Engagement
17392.0,307,3,585.92,1.3862943611198906,6.374888524339266,8.370285714285714,66,3,United Kingdom,1,1,Lapsed
17393.0,411,2,381.15,1.0986122886681098,5.945813201688893,7.940625000000001,45,2,United Kingdom,1,1,Lapsed
17394.0,219,1,203.87,0.6931471805599453,5.322375631641108,50.9675,4,1,United Kingdom,1,0,New / Low Engagement
17395.0,508,1,97.5,0.6931471805599453,4.590056548178043,32.5,3,1,United Kingdom,1,1,Lapsed
17396.0,39,14,8409.6,2.70805020110221,9.037248094060685,178.9276595744681,29,10,United Kingdom,1,2,Best Customers
17397.0,22,3,1198.28,1.3862943611198906,7.089476655704059,8.942388059701493,132,2,United Kingdom,1,3,Regular
17398.0,115,3,653.38,1.3862943611198906,6.483688222474311,17.19421052631579,30,3,United Kingdom,1,0,New / Low Engagement
17400.0,126,8,4623.28,2.19722457733622,8.439075962152135,9.85773987206823,345,8,United Kingdom,1,3,Regular
17401.0,541,1,114.85,0.6931471805599453,4.752296250878385,9.570833333333333,11,1,United Kingdom,1,1,Lapsed
17402.0,5,23,4635.56,3.1780538303479458,8.441727990952408,26.04247191011236,105,21,United Kingdom,1,2,Best Customers
17403.0,36,2,382.87,1.0986122886681098,5.950303953602893,8.508222222222223,45,2,United Kingdom,1,0,New / Low Engagement
17404.0,4,23,47781.12,3.1780538303479458,10.77440678992478,163.63397260273973,126,23,Sweden,0,2,Best Customers
17405.0,1,3,1031.41,1.3862943611198906,6.9396511539657,12.57817073170732,77,3,United Kingdom,1,3,Regular
17406.0,333,13,4186.95,2.6390573296152584,8.339966633046188,17.5922268907563,155,11,United Kingdom,1,2,Best Customers
17407.0,412,1,552.9,0.6931471805599453,6.316984165039059,24.039130434782606,23,1,United Kingdom,1,1,Lapsed
17408.0,163,3,316.09000000000003,1.3862943611198906,5.759185645253913,39.51125,7,3,United Kingdom,1,0,New / Low Engagement
17409.0,185,10,7793.51,2.3978952727983707,8.961174918707844,74.93759615384616,50,8,United Kingdom,1,2,Best Customers
17410.0,16,5,1214.72,1.791759469228055,7.1030917728535865,18.98,57,5,United Kingdom,1,3,Regular
17411.0,12,5,1425.38,1.791759469228055,7.262895045138237,19.005066666666668,69,5,United Kingdom,1,3,Regular
17412.0,3,16,4220.22,2.833213344056216,8.347879464774909,18.509736842105266,161,16,United Kingdom,1,2,Best Customers
17413.0,405,2,560.14,1.0986122886681098,6.329970428756386,56.014,10,2,United Kingdom,1,1,Lapsed
17414.0,44,6,2249.52,1.9459101490553128,7.7189165796075185,107.12,6,6,United Kingdom,1,3,Regular
17415.0,80,1,507.84,0.6931471805599453,6.23213362528801,36.27428571428571,14,1,United Kingdom,1,0,New / Low Engagement
17416.0,30,22,17298.45,3.1354942159291497,9.758429988072985,28.97562814070352,324,15,United Kingdom,1,2,Best Customers
17417.0,549,1,164.18,0.6931471805599453,5.1070357883825706,10.26125,16,1,United Kingdom,1,1,Lapsed
17418.0,42,3,670.0600000000001,1.3862943611198906,6.508858551752005,15.953809523809523,40,3,United Kingdom,1,0,New / Low Engagement
17419.0,11,18,6126.25,2.9444389791664403,8.720501314896335,20.48913043478261,203,17,United Kingdom,1,2,Best Customers
17420.0,50,6,953.58,1.9459101490553128,6.861271453168575,19.0716,43,5,United Kingdom,1,3,Regular
17421.0,386,3,1059.41,1.3862943611198906,6.966410904774026,18.265689655172416,46,3,United Kingdom,1,1,Lapsed
17422.0,16,11,3594.76,2.4849066497880004,8.187510652541107,17.535414634146342,149,11,United Kingdom,1,2,Best Customers
17423.0,46,3,1118.95,1.3862943611198906,7.021039320435476,26.022093023255817,39,3,United Kingdom,1,3,Regular
17425.0,19,2,759.1700000000001,1.0986122886681098,6.63354209247732,17.65511627906977,42,2,United Kingdom,1,0,New / Low Engagement
17426.0,8,13,8077.77,2.6390573296152584,8.996994912204553,18.917494145199065,248,7,United Kingdom,1,2,Best Customers
17427.0,72,1,100.8,0.6931471805599453,4.623010104116422,50.4,2,1,United Kingdom,1,0,New / Low Engagement
17428.0,1,45,31466.76,3.828641396489095,10.356718808624574,43.703833333333336,422,33,United Kingdom,1,2,Best Customers
17429.0,128,5,1357.46,1.791759469228055,7.214106984192941,14.289052631578947,80,5,United Kingdom,1,3,Regular
17430.0,33,4,622.57,1.6094379124341005,6.435461028265021,16.826216216216217,30,4,United Kingdom,1,3,Regular
17431.0,313,1,403.3,0.6931471805599453,6.002157176646725,9.37906976744186,41,1,United Kingdom,1,1,Lapsed
17432.0,18,9,1728.99,2.302585092994046,7.455870907128298,6.310182481751825,213,7,United Kingdom,1,3,Regular
17433.0,88,2,569.96,1.0986122886681098,6.347319154662812,6.128602150537635,81,2,United Kingdom,1,0,New / Low Engagement
17434.0,2,7,2373.82,2.079441541679836,7.77267692412289,17.715074626865672,100,7,United Kingdom,1,3,Regular
17435.0,411,1,331.35,0.6931471805599453,5.806188630487591,22.09,15,1,United Kingdom,1,1,Lapsed
17436.0,2,5,534.0600000000001,1.791759469228055,6.2823788901404285,31.41529411764706,8,5,United Kingdom,1,3,Regular
17437.0,530,1,369.68,0.6931471805599453,5.915339156718491,7.109230769230769,52,1,United Kingdom,1,1,Lapsed
17438.0,254,5,1422.77,1.791759469228055,7.261063562072737,20.03901408450704,49,5,United Kingdom,1,3,Regular
17439.0,656,1,325.74,0.6931471805599453,5.789164747598362,40.7175,8,1,United Kingdom,1,1,Lapsed
17440.0,157,4,323.58,1.6094379124341005,5.782532038887736,53.93,4,3,United Kingdom,1,0,New / Low Engagement
17441.0,732,1,293.35,0.6931471805599453,5.68476953547427,13.96904761904762,21,1,United Kingdom,1,1,Lapsed
17442.0,37,15,4620.3,2.772588722239781,8.438431329775756,16.326148409893992,188,14,United Kingdom,1,2,Best Customers
17443.0,220,1,534.24,0.6931471805599453,6.282715244436788,534.24,1,1,Canada,0,0,New / Low Engagement
17444.0,148,3,2940.04,1.3862943611198906,7.9865185392775535,21.778074074074077,132,3,Canada,0,3,Regular
17446.0,177,2,120.9,1.0986122886681098,4.803201036487226,13.433333333333332,6,2,United Kingdom,1,0,New / Low Engagement
17447.0,40,2,541.53,1.0986122886681098,6.296243383424822,15.0425,33,2,United Kingdom,1,0,New / Low Engagement
17448.0,497,46,14523.67,3.8501476017100575,9.583603862012795,13.025713004484304,569,18,United Kingdom,1,2,Best Customers
17449.0,2,13,4868.15,2.6390573296152584,8.490674662855428,8.335873287671232,292,12,United Kingdom,1,2,Best Customers
17450.0,8,51,244784.25,3.951243718581428,12.408136574537034,582.8196428571429,144,31,United Kingdom,1,2,Best Customers
17451.0,1,7,1721.4,2.079441541679836,7.451473946050153,17.214000000000002,83,5,United Kingdom,1,3,Regular
17453.0,18,2,486.72,1.0986122886681098,6.189741470692064,25.61684210526316,19,2,United Kingdom,1,0,New / Low Engagement
17454.0,192,10,1547.94,2.3978952727983707,7.345326104999135,12.285238095238096,98,10,United Kingdom,1,3,Regular
17455.0,204,1,131.7,0.6931471805599453,4.888090941338162,16.4625,8,1,United Kingdom,1,0,New / Low Engagement
17456.0,365,2,975.56,1.0986122886681098,6.8840361923615445,16.259333333333334,59,2,United Kingdom,1,1,Lapsed
17457.0,127,14,5984.81,2.70805020110221,8.697146947180531,93.51265625,30,14,United Kingdom,1,2,Best Customers
17458.0,15,2,529.58,1.0986122886681098,6.2739707478156985,6.1579069767441865,81,2,United Kingdom,1,0,New / Low Engagement
17459.0,43,2,657.3,1.0986122886681098,6.489660754473831,5.921621621621621,88,2,United Kingdom,1,0,New / Low Engagement
17460.0,94,16,2157.9700000000003,2.833213344056216,7.677386535096359,15.75160583941606,93,16,United Kingdom,1,2,Best Customers
17461.0,23,3,735.82,1.3862943611198906,6.602343628980946,6.941698113207548,104,2,United Kingdom,1,0,New / Low Engagement
17462.0,60,2,675.69,1.0986122886681098,6.517213265531828,25.02555555555556,25,2,United Kingdom,1,0,New / Low Engagement
17463.0,16,7,2535.26,2.079441541679836,7.838445833961232,8.022974683544305,234,7,United Kingdom,1,3,Regular
17464.0,158,3,907.14,1.3862943611198906,6.811398551738031,23.26,35,3,United Kingdom,1,3,Regular
17465.0,426,7,2542.79,2.079441541679836,7.841410373882996,17.906971830985917,103,6,United Kingdom,1,3,Regular
17466.0,10,2,763.28,1.0986122886681098,6.638934214171274,18.61658536585366,41,2,United Kingdom,1,0,New / Low Engagement
17467.0,395,1,102.6,0.6931471805599453,4.640537329825382,25.65,4,1,United Kingdom,1,1,Lapsed
17468.0,10,3,194.8,1.3862943611198906,5.27709373009641,24.35,8,3,United Kingdom,1,0,New / Low Engagement
17469.0,16,17,5051.25,2.8903717578961645,8.527588967598358,18.918539325842698,165,14,United Kingdom,1,2,Best Customers
17470.0,45,11,2626.47,2.4849066497880004,7.873776684988493,16.944967741935482,111,11,United Kingdom,1,3,Regular
17471.0,475,1,321.65000000000003,0.6931471805599453,5.776568144381849,16.928947368421053,19,1,United Kingdom,1,1,Lapsed
17472.0,191,4,922.35,1.6094379124341005,6.828008360891881,4.13609865470852,183,4,United Kingdom,1,3,Regular
17473.0,409,2,607.0,1.0986122886681098,6.410174881966167,17.852941176470587,33,2,United Kingdom,1,1,Lapsed
17474.0,600,1,1047.0,0.6931471805599453,6.954638864880987,174.5,6,1,United Kingdom,1,1,Lapsed
17475.0,79,1,194.37,0.6931471805599453,5.274895196603544,13.883571428571427,14,1,United Kingdom,1,0,New / Low Engagement
17476.0,396,2,489.86,1.0986122886681098,6.1961589547536615,15.801935483870968,29,2,United Kingdom,1,1,Lapsed
17477.0,613,2,1144.3,1.0986122886681098,7.04342189040367,26.00681818181818,44,2,United Kingdom,1,1,Lapsed
17478.0,408,2,1272.8000000000002,1.0986122886681098,7.149759837937266,31.820000000000004,40,2,United Kingdom,1,1,Lapsed
17479.0,633,1,389.2600000000001,0.6931471805599453,5.9668131836668525,21.62555555555556,18,1,United Kingdom,1,1,Lapsed
17480.0,78,2,882.23,1.0986122886681098,6.783585642337257,16.645849056603772,50,2,United Kingdom,1,0,New / Low Engagement
17481.0,4,4,1255.59,1.6094379124341005,7.136156981955326,15.312073170731706,69,4,United Kingdom,1,3,Regular
17482.0,487,2,775.64,1.0986122886681098,6.6549769225382365,14.634716981132076,50,2,United Kingdom,1,1,Lapsed
17483.0,65,4,591.73,1.6094379124341005,6.384738983338736,21.133214285714285,23,4,United Kingdom,1,0,New / Low Engagement
17484.0,576,2,209.57,1.0986122886681098,5.34981813941044,14.969285714285714,14,2,United Kingdom,1,1,Lapsed
17486.0,261,1,396.87,0.6931471805599453,5.986125318762377,16.53625,24,1,United Kingdom,1,0,New / Low Engagement
17487.0,728,1,160.55,0.6931471805599453,5.084814692270507,20.06875,8,1,United Kingdom,1,1,Lapsed
17488.0,641,1,336.5,0.6931471805599453,5.821565510312585,18.694444444444443,18,1,United Kingdom,1,1,Lapsed
17489.0,59,2,376.64,1.0986122886681098,5.933941360864316,12.987586206896552,28,2,United Kingdom,1,0,New / Low Engagement
17490.0,1,9,2750.5,2.302585092994046,7.919901496499813,23.71120689655172,93,8,United Kingdom,1,3,Regular
17491.0,1,17,5653.67,2.8903717578961645,8.64023703140981,31.941638418079098,105,16,United Kingdom,1,2,Best Customers
17492.0,248,3,1122.42,1.3862943611198906,7.024132883037598,28.78,32,3,United Kingdom,1,3,Regular
17493.0,385,1,100.91,0.6931471805599453,4.6240900708406025,12.61375,8,1,United Kingdom,1,1,Lapsed
17494.0,502,1,54.7,0.6931471805599453,4.019980146933238,18.23333333333333,3,1,United Kingdom,1,1,Lapsed
17495.0,8,3,806.72,1.3862943611198906,6.694215463810622,16.80666666666667,38,3,United Kingdom,1,0,New / Low Engagement
17496.0,359,4,1412.89,1.6094379124341005,7.254100049936812,19.623472222222222,54,4,United Kingdom,1,3,Regular
17497.0,390,2,287.25,1.0986122886681098,5.663828159149168,41.035714285714285,7,2,United Kingdom,1,1,Lapsed
17498.0,76,1,272.22,0.6931471805599453,5.610277331459341,16.012941176470587,17,1,United Kingdom,1,0,New / Low Engagement
17499.0,290,2,1341.39,1.0986122886681098,7.202206886340737,18.892816901408448,66,2,United Kingdom,1,0,New / Low Engagement
17500.0,17,3,1138.0,1.3862943611198906,7.037905963447182,227.6,3,3,United Kingdom,1,3,Regular
17501.0,221,2,288.6,1.0986122886681098,5.668500660511562,16.033333333333335,18,1,United Kingdom,1,0,New / Low Engagement
17502.0,9,4,689.1,1.6094379124341005,6.536836514626557,24.610714285714288,25,4,United Kingdom,1,3,Regular
17503.0,3,2,558.96,1.0986122886681098,6.327865352606625,14.709473684210527,36,2,United Kingdom,1,0,New / Low Engagement
17504.0,206,18,9490.17,2.9444389791664403,9.158117171675906,27.7490350877193,244,15,United Kingdom,1,2,Best Customers
17505.0,162,5,2435.48,1.791759469228055,7.798309653754078,23.877254901960782,83,4,United Kingdom,1,3,Regular
17506.0,76,1,302.2,0.6931471805599453,5.714392653768217,21.585714285714285,14,1,United Kingdom,1,0,New / Low Engagement
17507.0,262,2,605.58,1.0986122886681098,6.407836624054821,6.881590909090909,79,2,United Kingdom,1,0,New / Low Engagement
17508.0,281,8,4579.23,2.19722457733622,8.429504494187944,19.823506493506493,199,8,Greece,0,3,Regular
17509.0,58,8,6083.64,2.19722457733622,8.713522841798035,16.713296703296706,75,3,United Kingdom,1,2,Best Customers
17510.0,25,2,514.56,1.0986122886681098,6.245253688536579,14.701714285714283,28,2,United Kingdom,1,0,New / Low Engagement
17511.0,3,60,172132.87,4.110873864173311,12.056027767019842,92.14821734475376,657,51,United Kingdom,1,2,Best Customers
17512.0,29,18,5467.820000000001,2.9444389791664403,8.606818150024006,27.75543147208122,102,17,United Kingdom,1,2,Best Customers
17513.0,72,3,1158.8,1.3862943611198906,7.05600285544234,64.37777777777778,18,3,United Kingdom,1,3,Regular
17514.0,128,2,522.0,1.0986122886681098,6.259581464064923,6.289156626506024,72,2,United Kingdom,1,0,New / Low Engagement
17515.0,31,9,1602.51,2.302585092994046,7.379950255471731,8.952569832402235,91,9,United Kingdom,1,3,Regular
17516.0,15,6,947.5,1.9459101490553128,6.854881789375069,4.960732984293194,150,5,United Kingdom,1,3,Regular
17517.0,309,1,153.94,0.6931471805599453,5.043037945203756,13.994545454545454,11,1,United Kingdom,1,1,Lapsed
17518.0,426,2,329.42,1.0986122886681098,5.8003645725024455,4.278181818181818,71,2,United Kingdom,1,1,Lapsed
17519.0,17,15,4774.17,2.772588722239781,8.471184854375332,23.40279411764706,142,15,United Kingdom,1,2,Best Customers
17520.0,54,1,546.81,0.6931471805599453,6.305928511499892,18.227,30,1,United Kingdom,1,0,New / Low Engagement
17521.0,30,5,1278.06,1.791759469228055,7.153880712128252,16.385384615384616,65,5,United Kingdom,1,3,Regular
17522.0,2,5,1070.71,1.791759469228055,6.977010782644906,14.667260273972603,59,5,United Kingdom,1,3,Regular
17523.0,11,4,652.74,1.6094379124341005,6.48270971889503,19.78,25,3,United Kingdom,1,3,Regular
17524.0,361,3,539.14,1.3862943611198906,6.291828365215705,12.53813953488372,37,2,United Kingdom,1,1,Lapsed
17525.0,360,3,1161.9,1.3862943611198906,7.058672164298998,44.68846153846154,19,3,United Kingdom,1,1,Lapsed
17526.0,5,12,3939.24,2.5649493574615367,8.278996914142398,42.81782608695652,67,11,United Kingdom,1,2,Best Customers
17527.0,54,4,939.37,1.6094379124341005,6.8462734148384685,19.98659574468085,45,4,United Kingdom,1,3,Regular
17528.0,1,8,3628.5,2.19722457733622,8.196850176724896,14.34189723320158,183,7,United Kingdom,1,3,Regular
17529.0,610,2,1240.25,1.0986122886681098,7.123874215359383,15.125,78,2,United Kingdom,1,1,Lapsed
17530.0,1,12,2791.69,2.5649493574615367,7.934760568020008,5.852599580712789,359,11,United Kingdom,1,2,Best Customers
17531.0,190,3,1266.82,1.3862943611198906,7.145054169084526,21.841724137931035,54,3,United Kingdom,1,3,Regular
17532.0,386,1,65.34,0.6931471805599453,4.1947930335189065,16.335,4,1,United Kingdom,1,1,Lapsed
17533.0,435,1,34.8,0.6931471805599453,3.5779478934066544,34.8,1,1,United Kingdom,1,1,Lapsed
17534.0,54,5,1668.83,1.791759469228055,7.42047710382201,18.13945652173913,76,5,United Kingdom,1,3,Regular
17535.0,280,1,164.4,0.6931471805599453,5.108366782589591,12.646153846153847,13,1,United Kingdom,1,0,New / Low Engagement
17536.0,177,3,364.83,1.3862943611198906,5.902168744622394,22.801875,16,3,United Kingdom,1,0,New / Low Engagement
17537.0,30,2,887.6700000000001,1.0986122886681098,6.789725963001244,11.995540540540542,74,2,United Kingdom,1,0,New / Low Engagement
17538.0,26,1,98.42,0.6931471805599453,4.599353300666526,10.935555555555556,9,1,United Kingdom,1,0,New / Low Engagement
17539.0,618,4,1176.84,1.6094379124341005,7.071437531557153,8.1725,132,4,United Kingdom,1,1,Lapsed
17540.0,25,6,1590.6,1.9459101490553128,7.372495078552774,24.853125,41,6,United Kingdom,1,3,Regular
17541.0,510,1,119.86,0.6931471805599453,4.794632850933413,3.8664516129032256,31,1,United Kingdom,1,1,Lapsed
17542.0,270,3,340.85,1.3862943611198906,5.834372044359803,5.32578125,57,2,United Kingdom,1,0,New / Low Engagement
17543.0,550,1,120.05,0.6931471805599453,4.796203683384068,9.234615384615385,13,1,United Kingdom,1,1,Lapsed
17544.0,390,3,944.82,1.3862943611198906,6.852052276105886,10.736590909090909,80,1,United Kingdom,1,1,Lapsed
17545.0,43,6,1409.86,1.9459101490553128,7.251954726519087,5.422538461538462,204,3,United Kingdom,1,3,Regular
17547.0,376,2,727.85,1.0986122886681098,6.5914679495200215,23.47903225806452,22,2,United Kingdom,1,1,Lapsed
17548.0,234,4,731.26,1.6094379124341005,6.596135642152661,21.50764705882353,22,4,United Kingdom,1,3,Regular
17549.0,24,2,148.86,1.0986122886681098,5.0097015249361645,24.81,5,2,United Kingdom,1,0,New / Low Engagement
17550.0,197,9,2506.64,2.302585092994046,7.827097350780007,7.808847352024921,250,7,United Kingdom,1,3,Regular
17551.0,359,1,290.34,0.6931471805599453,5.674490970020802,7.444615384615384,39,1,United Kingdom,1,1,Lapsed
17552.0,60,12,2786.77,2.5649493574615367,7.932997272064199,19.487902097902097,78,9,United Kingdom,1,2,Best Customers
17553.0,130,4,3757.6,1.6094379124341005,8.231801826622501,626.2666666666667,2,4,United Kingdom,1,3,Regular
17554.0,1,5,1952.45,1.791759469228055,7.577352319081822,22.18693181818182,58,5,United Kingdom,1,3,Regular
17555.0,20,5,1045.74,1.791759469228055,6.953435851474111,3.961136363636364,220,5,United Kingdom,1,3,Regular
17556.0,206,2,300.67,1.0986122886681098,5.709333704694526,21.47642857142857,13,2,United Kingdom,1,0,New / Low Engagement
17557.0,14,4,575.46,1.6094379124341005,6.356905953086827,16.441714285714287,28,4,United Kingdom,1,0,New / Low Engagement
17558.0,393,1,259.17,0.6931471805599453,5.561335263505108,9.25607142857143,28,1,United Kingdom,1,1,Lapsed
17559.0,513,1,167.62,0.6931471805599453,5.12764766249453,13.968333333333334,12,1,United Kingdom,1,1,Lapsed
17560.0,95,8,1895.8,2.19722457733622,7.547923534751195,34.46909090909091,37,8,United Kingdom,1,3,Regular
17561.0,19,4,703.02,1.6094379124341005,6.556806764845421,3.6807329842931935,163,4,United Kingdom,1,3,Regular
17562.0,14,7,1122.38,2.079441541679836,7.024097276842117,17.81555555555556,48,7,United Kingdom,1,3,Regular
17563.0,578,2,392.38,1.0986122886681098,5.974776065821747,13.530344827586209,27,2,United Kingdom,1,1,Lapsed
17564.0,24,3,454.01,1.3862943611198906,6.120319396731415,9.265510204081632,38,3,United Kingdom,1,0,New / Low Engagement
17565.0,587,1,131.83,0.6931471805599453,4.8890701151444125,4.394333333333334,30,1,United Kingdom,1,1,Lapsed
17566.0,8,2,869.77,1.0986122886681098,6.769377877687473,6.125140845070423,113,2,United Kingdom,1,0,New / Low Engagement
17567.0,7,9,4838.08,2.302585092994046,8.484479898998053,24.68408163265306,128,9,United Kingdom,1,2,Best Customers
17568.0,633,1,374.45,0.6931471805599453,5.928125306545893,6.039516129032258,61,1,United Kingdom,1,1,Lapsed
17569.0,332,1,344.14,0.6931471805599453,5.843950131819433,11.866896551724135,29,1,United Kingdom,1,1,Lapsed
17570.0,382,1,100.0,0.6931471805599453,4.61512051684126,100.0,1,1,United Kingdom,1,1,Lapsed
17571.0,50,5,1630.91,1.791759469228055,7.397506386944574,5.018184615384616,290,5,United Kingdom,1,3,Regular
17572.0,71,10,652.21,2.3978952727983707,6.48189867022591,20.3815625,14,10,United Kingdom,1,3,Regular
17573.0,29,3,380.6,1.3862943611198906,5.944372939574132,15.224,24,3,United Kingdom,1,0,New / Low Engagement
17574.0,243,1,185.65,0.6931471805599453,5.229235205360593,23.20625,8,1,United Kingdom,1,0,New / Low Engagement
17575.0,667,1,171.7,0.6931471805599453,5.1515559851526325,34.34,5,1,United Kingdom,1,1,Lapsed
17576.0,8,41,8711.95,3.737669618283368,9.072565703663232,9.799718785151857,417,39,United Kingdom,1,2,Best Customers
17577.0,645,2,348.75,1.0986122886681098,5.857218613545591,16.607142857142858,20,2,United Kingdom,1,1,Lapsed
17578.0,218,7,1047.33,2.079441541679836,6.954953700811138,16.11276923076923,57,5,United Kingdom,1,3,Regular
17579.0,5,4,753.28,1.6094379124341005,6.625763651858722,8.013617021276595,89,4,United Kingdom,1,3,Regular
17580.0,253,5,541.02,1.791759469228055,6.295302901127848,5.755531914893617,78,5,United Kingdom,1,3,Regular
17581.0,1,43,17951.17,3.784189633918261,9.795466277974556,22.13461159062885,387,20,United Kingdom,1,2,Best Customers
17582.0,236,5,1446.95,1.791759469228055,7.277904041962734,11.860245901639344,92,5,United Kingdom,1,3,Regular
17583.0,560,1,135.95,0.6931471805599453,4.919615895709087,19.42142857142857,7,1,United Kingdom,1,1,Lapsed
17584.0,7,6,5309.42,1.9459101490553128,8.577426207153255,42.81790322580645,85,6,United Kingdom,1,3,Regular
17585.0,109,7,2064.71,2.079441541679836,7.633229271966494,5.376848958333333,295,7,United Kingdom,1,3,Regular
17586.0,619,1,167.4,0.6931471805599453,5.126342101808226,20.925,8,1,United Kingdom,1,1,Lapsed
17587.0,628,1,176.71,0.6931471805599453,5.1801530081973945,4.207380952380952,42,1,United Kingdom,1,1,Lapsed
17588.0,100,7,2939.55,2.079441541679836,7.986351917666346,41.40211267605634,35,7,United Kingdom,1,3,Regular
17589.0,60,18,13837.94,2.9444389791664403,9.535241636643152,10.628218125960062,601,16,United Kingdom,1,2,Best Customers
17590.0,2,3,1468.02,1.3862943611198906,7.292350790785078,7.489897959183673,162,3,United Kingdom,1,3,Regular
17591.0,73,8,2339.32,2.19722457733622,7.758042951138778,13.29159090909091,93,8,United Kingdom,1,3,Regular
17592.0,739,1,148.3,0.6931471805599453,5.005957704545144,11.407692307692308,13,1,United Kingdom,1,1,Lapsed
17593.0,4,11,8092.32,2.4849066497880004,8.99879430905751,19.83411764705882,311,11,United Kingdom,1,2,Best Customers
17594.0,85,4,2497.88,1.6094379124341005,7.8235979104743105,24.01807692307693,70,4,United Kingdom,1,3,Regular
17595.0,12,2,386.69,1.0986122886681098,5.960206051205209,4.715731707317073,68,2,United Kingdom,1,0,New / Low Engagement
17596.0,23,13,4491.46,2.6390573296152584,8.410155714889639,9.241687242798356,274,13,United Kingdom,1,2,Best Customers
17597.0,214,5,3484.09,1.791759469228055,8.156249147825298,27.219453125,109,5,United Kingdom,1,3,Regular
17598.0,381,1,409.98,0.6931471805599453,6.018544551511725,40.998000000000005,10,1,United Kingdom,1,1,Lapsed
17599.0,478,1,52.05,0.6931471805599453,3.971234865059992,17.349999999999998,3,1,United Kingdom,1,1,Lapsed
17600.0,18,1,161.67000000000002,0.6931471805599453,5.091723608778362,12.436153846153848,13,1,United Kingdom,1,0,New / Low Engagement
17601.0,239,2,413.08,1.0986122886681098,6.026059191872481,5.737222222222222,69,2,United Kingdom,1,0,New / Low Engagement
17602.0,2,14,7354.43,2.70805020110221,8.90319409495679,8.09068206820682,450,13,United Kingdom,1,2,Best Customers
17603.0,78,4,1788.38,1.6094379124341005,7.489624470120218,16.871509433962267,104,4,United Kingdom,1,3,Regular
17604.0,217,6,942.38,1.9459101490553128,6.84946917071024,4.530673076923077,142,6,United Kingdom,1,3,Regular
17605.0,590,1,160.75,0.6931471805599453,5.08605193338101,12.365384615384617,13,1,United Kingdom,1,1,Lapsed
17606.0,737,1,87.30000000000001,0.6931471805599453,4.480740107609915,14.550000000000002,6,1,United Kingdom,1,1,Lapsed
17607.0,376,1,333.81,0.6931471805599453,5.813563206747519,15.17318181818182,22,1,United Kingdom,1,1,Lapsed
17608.0,33,4,488.06,1.6094379124341005,6.192485181334421,3.069559748427673,134,3,United Kingdom,1,0,New / Low Engagement
17609.0,41,11,1887.9,2.4849066497880004,7.543749928037774,4.903636363636363,317,8,United Kingdom,1,3,Regular
17610.0,540,5,1511.94,1.791759469228055,7.321810056690061,9.817792207792207,114,5,United Kingdom,1,1,Lapsed
17611.0,7,28,8337.53,3.367295829986474,9.028642220824546,7.497778776978418,722,26,United Kingdom,1,2,Best Customers
17612.0,53,18,5394.86,2.9444389791664403,8.593387271846513,15.867235294117648,213,17,United Kingdom,1,2,Best Customers
17613.0,23,14,4544.55,2.70805020110221,8.421904011391415,14.851470588235294,211,11,United Kingdom,1,2,Best Customers
17614.0,57,1,386.32,0.6931471805599453,5.959251224743331,3.9420408163265295,97,1,United Kingdom,1,0,New / Low Engagement
17615.0,130,6,721.8000000000001,1.9459101490553128,6.583132558718074,12.889285714285716,47,6,United Kingdom,1,3,Regular
17616.0,174,4,734.4,1.6094379124341005,6.600414568867172,183.6,1,4,United Kingdom,1,3,Regular
17617.0,559,1,385.19,0.6931471805599453,5.956329476339652,21.399444444444445,18,1,United Kingdom,1,1,Lapsed
17618.0,6,11,4001.64,2.4849066497880004,8.294709422397812,11.2090756302521,202,11,United Kingdom,1,2,Best Customers
17619.0,312,1,214.37,0.6931471805599453,5.372357479256501,2.896891891891892,71,1,United Kingdom,1,1,Lapsed
17620.0,60,1,81.44,0.6931471805599453,4.412070756022258,20.36,4,1,United Kingdom,1,0,New / Low Engagement
17621.0,21,6,3175.12,1.9459101490553128,8.063415605028567,48.10787878787879,61,6,United Kingdom,1,3,Regular
17622.0,598,2,1130.21,1.0986122886681098,7.031043135272966,29.742368421052632,19,2,United Kingdom,1,1,Lapsed
17623.0,33,7,2365.77,2.079441541679836,7.7692814353799715,12.194690721649485,130,7,United Kingdom,1,3,Regular
17624.0,15,4,1568.63,1.6094379124341005,7.358595201778292,16.171443298969074,91,4,United Kingdom,1,3,Regular
17625.0,18,8,5978.9,2.19722457733622,8.69615912439683,8.753879941434846,429,8,United Kingdom,1,2,Best Customers
17626.0,603,1,254.0,0.6931471805599453,5.541263545158426,14.11111111111111,18,1,United Kingdom,1,1,Lapsed
17627.0,479,1,296.36,0.6931471805599453,5.694943525988997,29.636000000000003,10,1,United Kingdom,1,1,Lapsed
17628.0,81,1,75.75,0.6931471805599453,4.340553386467307,15.15,5,1,United Kingdom,1,0,New / Low Engagement
17629.0,6,10,2455.52,2.3978952727983707,7.80650099324053,15.74051282051282,129,10,United Kingdom,1,3,Regular
17630.0,170,2,503.6,1.0986122886681098,6.223766036206958,19.36923076923077,24,2,United Kingdom,1,0,New / Low Engagement
17631.0,2,7,998.49,2.079441541679836,6.907245148887903,14.470869565217392,66,7,United Kingdom,1,3,Regular
17633.0,31,7,2057.39,2.079441541679836,7.629679402813487,20.37019801980198,84,7,United Kingdom,1,3,Regular
17634.0,36,9,2358.59,2.302585092994046,7.766243154113498,7.96820945945946,209,9,United Kingdom,1,3,Regular
17635.0,424,3,1265.58,1.3862943611198906,7.144075633652909,17.10243243243243,60,3,United Kingdom,1,1,Lapsed
17636.0,19,1,285.56,0.6931471805599453,5.657947938312402,14.278,20,1,United Kingdom,1,0,New / Low Engagement
17637.0,31,2,547.0600000000001,1.0986122886681098,6.3063847700056215,15.630285714285716,35,2,United Kingdom,1,0,New / Low Engagement
17638.0,647,2,842.4000000000001,1.0986122886681098,6.73744134131246,280.8,2,2,United Kingdom,1,1,Lapsed
17639.0,276,6,615.17,1.9459101490553128,6.423522899485667,7.786962025316455,59,4,United Kingdom,1,3,Regular
17640.0,87,6,3168.94,1.9459101490553128,8.061467939247406,48.014242424242425,48,6,United Kingdom,1,3,Regular
17642.0,120,5,1824.49,1.791759469228055,7.509603723129441,16.893425925925925,88,5,United Kingdom,1,3,Regular
17643.0,373,2,439.7,1.0986122886681098,6.088364371847941,14.183870967741935,30,2,United Kingdom,1,1,Lapsed
17644.0,1,20,6028.6,3.044522437723423,8.704435952529261,18.43608562691132,160,17,United Kingdom,1,2,Best Customers
17646.0,219,12,3898.79,2.5649493574615367,8.268677984514136,19.891785714285717,124,12,United Kingdom,1,2,Best Customers
17647.0,65,3,331.66,1.3862943611198906,5.807120947362389,27.63833333333333,12,2,United Kingdom,1,0,New / Low Engagement
17648.0,61,5,2216.37,1.791759469228055,7.70407708788802,17.73096,114,4,United Kingdom,1,3,Regular
17649.0,138,3,1578.89,1.3862943611198906,7.365110503344246,16.111122448979593,88,3,United Kingdom,1,3,Regular
17650.0,21,1,166.07999999999998,0.6931471805599453,5.118472739628975,20.76,8,1,United Kingdom,1,0,New / Low Engagement
17651.0,12,16,5703.52,2.833213344056216,8.64901412203431,17.179277108433737,198,14,United Kingdom,1,2,Best Customers
17652.0,25,12,4867.72,2.5649493574615367,8.490586347854247,18.794285714285717,118,12,United Kingdom,1,2,Best Customers
17653.0,37,4,1207.56,1.6094379124341005,7.09718484723547,27.44454545454545,44,4,United Kingdom,1,3,Regular
17654.0,277,1,117.55,0.6931471805599453,4.775334812511415,5.343181818181818,22,1,United Kingdom,1,0,New / Low Engagement
17655.0,11,9,2976.38,2.302585092994046,7.998798998150295,26.814234234234235,75,9,United Kingdom,1,3,Regular
17656.0,73,5,1674.69,1.791759469228055,7.4239802997335635,20.423048780487804,67,5,United Kingdom,1,3,Regular
17657.0,430,1,126.0,0.6931471805599453,4.844187086458591,18.0,7,1,United Kingdom,1,1,Lapsed
17658.0,26,2,595.42,1.0986122886681098,6.39094511686889,31.337894736842102,17,2,United Kingdom,1,0,New / Low Engagement
17659.0,17,14,3586.99,2.70805020110221,8.185347436106799,18.68223958333333,150,14,United Kingdom,1,2,Best Customers
17660.0,141,2,342.22,1.0986122886681098,5.838371640974157,4.173414634146342,75,2,United Kingdom,1,0,New / Low Engagement
17662.0,662,2,412.92,1.0986122886681098,6.025672718437719,27.528,14,2,United Kingdom,1,1,Lapsed
17663.0,26,17,5175.83,2.8903717578961645,8.551948178812031,21.74718487394958,153,17,United Kingdom,1,2,Best Customers
17664.0,19,4,1166.23,1.6094379124341005,7.062388699414255,14.577875,68,4,United Kingdom,1,3,Regular
17665.0,493,1,563.1,0.6931471805599453,6.33523154074593,29.63684210526316,19,1,United Kingdom,1,1,Lapsed
17666.0,4,5,2047.8,1.791759469228055,7.625009534885315,46.54090909090909,30,5,United Kingdom,1,3,Regular
17667.0,66,9,3950.7,2.302585092994046,8.281901145055203,17.17695652173913,140,8,United Kingdom,1,3,Regular
17668.0,1,2,347.75,1.0986122886681098,5.854355333135575,23.183333333333334,14,2,United Kingdom,1,0,New / Low Engagement
17669.0,43,10,6142.35,2.3978952727983707,8.723125474960066,42.65520833333333,85,10,United Kingdom,1,2,Best Customers
17670.0,228,1,205.7,0.6931471805599453,5.331268466687723,18.7,11,1,United Kingdom,1,0,New / Low Engagement
17671.0,16,5,2009.16,1.791759469228055,7.605969599875101,26.7888,54,5,United Kingdom,1,3,Regular
17672.0,50,7,5778.63,2.079441541679836,8.66209494577662,28.05160194174757,179,6,United Kingdom,1,3,Regular
17673.0,2,13,4173.88,2.6390573296152584,8.336840894356913,8.232504930966469,195,12,United Kingdom,1,2,Best Customers
17674.0,74,2,551.04,1.0986122886681098,6.313620507419839,20.40888888888889,19,2,United Kingdom,1,0,New / Low Engagement
17675.0,1,70,37642.48,4.262679877041316,10.535915044260912,33.72982078853047,345,62,United Kingdom,1,2,Best Customers
17676.0,4,10,2448.64,2.3978952727983707,7.803696353966703,16.544864864864863,85,10,United Kingdom,1,3,Regular
17677.0,2,54,35058.46,4.007333185232471,10.464800756188898,51.18023357664234,346,35,United Kingdom,1,2,Best Customers
17678.0,264,2,599.76,1.0986122886681098,6.39819552033738,21.42,27,2,United Kingdom,1,0,New / Low Engagement
17679.0,53,7,3577.61,2.079441541679836,8.182729735842724,44.16802469135803,70,6,United Kingdom,1,3,Regular
17680.0,24,3,497.4500000000001,1.3862943611198906,6.211503283468713,24.8725,20,3,United Kingdom,1,0,New / Low Engagement
17681.0,597,5,731.2,1.791759469228055,6.596053700686136,52.22857142857144,12,4,United Kingdom,1,1,Lapsed
17682.0,10,11,4065.28,2.4849066497880004,8.31048385556545,18.47854545454545,85,11,United Kingdom,1,2,Best Customers
17683.0,386,3,819.01,1.3862943611198906,6.70931653530589,17.804565217391303,41,3,United Kingdom,1,1,Lapsed
17684.0,44,1,239.41,0.6931471805599453,5.482345799133678,15.960666666666668,15,1,United Kingdom,1,0,New / Low Engagement
17685.0,17,12,5454.95,2.5649493574615367,8.604462035258432,27.550252525252525,124,12,United Kingdom,1,2,Best Customers
17686.0,7,9,8296.81,2.302585092994046,9.023746903547035,19.339883449883448,283,7,United Kingdom,1,2,Best Customers
17687.0,421,1,432.68,0.6931471805599453,6.072306934952083,16.641538461538463,26,1,United Kingdom,1,1,Lapsed
17688.0,394,1,304.2,0.6931471805599453,5.720967299410302,16.010526315789473,19,1,United Kingdom,1,1,Lapsed
17689.0,388,2,317.08,1.0986122886681098,5.7623029234682095,14.412727272727272,17,2,United Kingdom,1,1,Lapsed
17690.0,30,20,6963.8,3.044522437723423,8.848624170798033,19.34388888888889,237,19,United Kingdom,1,2,Best Customers
17691.0,358,4,637.55,1.6094379124341005,6.459199980942271,14.826744186046511,37,4,United Kingdom,1,1,Lapsed
17692.0,127,12,2975.8,2.5649493574615367,7.998604177032413,18.36913580246914,90,11,United Kingdom,1,3,Regular
17693.0,137,1,200.47,0.6931471805599453,5.305640486927818,12.529375,16,1,United Kingdom,1,0,New / Low Engagement
17694.0,142,3,1695.97,1.3862943611198906,7.436599586822218,20.937901234567903,54,3,United Kingdom,1,3,Regular
17695.0,132,5,1746.04,1.791759469228055,7.465678206265756,28.623606557377048,46,5,United Kingdom,1,3,Regular
17696.0,38,27,7679.59,3.332204510175204,8.946451646107656,21.039972602739727,191,24,United Kingdom,1,2,Best Customers
17697.0,236,1,338.95,0.6931471805599453,5.828798547972468,17.839473684210525,19,1,United Kingdom,1,0,New / Low Engagement
17698.0,261,1,154.95,0.6931471805599453,5.049535443053812,19.36875,8,1,United Kingdom,1,0,New / Low Engagement
17699.0,477,2,442.0,1.0986122886681098,6.093569770045136,23.26315789473684,17,2,United Kingdom,1,1,Lapsed
17700.0,17,14,6679.97,2.70805020110221,8.807018465569639,18.555472222222225,259,13,United Kingdom,1,2,Best Customers
17701.0,253,1,417.95,0.6931471805599453,6.037751581059295,17.414583333333333,24,1,United Kingdom,1,0,New / Low Engagement
17702.0,30,6,3144.04,1.9459101490553128,8.053581887654614,20.549281045751638,120,6,United Kingdom,1,3,Regular
17703.0,35,4,1094.84,1.6094379124341005,6.999276471449595,14.036410256410257,63,4,United Kingdom,1,3,Regular
17704.0,169,2,885.19,1.0986122886681098,6.786931374567216,28.554516129032255,27,2,United Kingdom,1,0,New / Low Engagement
17705.0,3,11,2083.9,2.4849066497880004,7.642476171452011,17.365833333333335,74,11,United Kingdom,1,3,Regular
17706.0,4,31,20272.15,3.4657359027997265,9.917052629444422,27.506309362279517,408,23,United Kingdom,1,2,Best Customers
17707.0,185,8,609.3,2.19722457733622,6.413950639550449,25.3875,9,8,United Kingdom,1,3,Regular
17708.0,188,4,884.1800000000001,1.6094379124341005,6.785791014157531,12.11205479452055,57,4,United Kingdom,1,3,Regular
17709.0,170,5,671.01,1.791759469228055,6.51027322136481,16.77525,37,5,United Kingdom,1,3,Regular
17710.0,424,1,293.5,0.6931471805599453,5.685279003091641,14.675,20,1,United Kingdom,1,1,Lapsed
17711.0,11,2,385.1,1.0986122886681098,5.956096403270191,16.743478260869566,22,2,United Kingdom,1,0,New / Low Engagement
17712.0,45,1,522.91,0.6931471805599453,6.261319913844147,18.031379310344825,29,1,United Kingdom,1,0,New / Low Engagement
17713.0,382,4,1198.09,1.6094379124341005,7.089318214762589,15.764342105263156,55,4,United Kingdom,1,1,Lapsed
17714.0,321,5,1410.18,1.791759469228055,7.252181512816498,17.40962962962963,69,5,United Kingdom,1,3,Regular
17715.0,201,2,489.6,1.0986122886681098,6.195629131824389,244.8,1,2,United Kingdom,1,0,New / Low Engagement
17716.0,23,24,15956.97,3.218875824868201,9.67771366993163,26.550698835274545,334,20,United Kingdom,1,2,Best Customers
17717.0,421,1,376.92,0.6931471805599453,5.934682533008997,14.496923076923078,26,1,United Kingdom,1,1,Lapsed
17718.0,232,2,439.18,1.0986122886681098,6.087183734166526,19.09478260869565,22,2,United Kingdom,1,0,New / Low Engagement
17719.0,38,15,5396.04,2.772588722239781,8.593605934116098,19.693576642335767,111,15,United Kingdom,1,2,Best Customers
17720.0,26,10,2666.91,2.3978952727983707,7.889050673333106,20.20386363636364,81,10,United Kingdom,1,3,Regular
17721.0,659,1,307.21000000000004,0.6931471805599453,5.730781368822976,27.928181818181823,11,1,United Kingdom,1,1,Lapsed
17722.0,96,5,3520.2200000000003,1.791759469228055,8.166562799452478,20.23114942528736,163,5,United Kingdom,1,3,Regular
17723.0,127,7,3378.4000000000005,2.079441541679836,8.12545345792655,281.53333333333336,6,7,United Kingdom,1,3,Regular
17724.0,71,3,1033.0,1.3862943611198906,6.941190055068375,25.825,38,3,United Kingdom,1,3,Regular
17725.0,16,11,3439.08,2.4849066497880004,8.143250005910986,17.911875,115,11,United Kingdom,1,2,Best Customers
17726.0,395,7,1092.06,2.079441541679836,6.996736381454871,17.0634375,52,7,United Kingdom,1,3,Regular
17727.0,15,1,1060.25,0.6931471805599453,6.967202737625557,16.064393939393938,66,1,United Kingdom,1,0,New / Low Engagement
17728.0,4,5,4238.76,1.791759469228055,8.352261942850365,17.371967213114754,196,5,United Kingdom,1,3,Regular
17729.0,596,1,438.65,0.6931471805599453,6.085978955825011,19.071739130434786,23,1,United Kingdom,1,1,Lapsed
17730.0,3,20,7773.8,3.044522437723423,8.958643013243911,24.757324840764333,177,19,United Kingdom,1,2,Best Customers
17731.0,79,6,1708.99,1.9459101490553128,7.44424280152639,17.262525252525254,82,5,United Kingdom,1,3,Regular
17732.0,373,8,2166.42,2.19722457733622,7.681292799092348,17.757540983606557,90,7,United Kingdom,1,3,Regular
17733.0,39,2,692.19,1.0986122886681098,6.541304131886272,19.776857142857143,33,2,United Kingdom,1,0,New / Low Engagement
17734.0,54,6,1442.32,1.9459101490553128,7.274701294410468,16.771162790697673,76,6,United Kingdom,1,3,Regular
17735.0,2,26,16790.33,3.295836866004329,9.728617960752086,19.210903890160186,391,25,United Kingdom,1,2,Best Customers
17736.0,9,3,377.44,1.3862943611198906,5.936057539836243,15.0976,24,3,United Kingdom,1,0,New / Low Engagement
17737.0,9,2,168.24,1.0986122886681098,5.131317825851867,16.824,8,2,United Kingdom,1,0,New / Low Engagement
17738.0,19,13,4183.56,2.6390573296152584,8.339156840000792,18.18939130434783,173,9,United Kingdom,1,2,Best Customers
17739.0,12,18,7730.59,2.9444389791664403,8.953069812538414,51.88315436241611,56,18,United Kingdom,1,2,Best Customers
17740.0,389,6,426.9,1.9459101490553128,6.058889523422772,47.43333333333334,5,6,United Kingdom,1,1,Lapsed
17741.0,407,2,101.1,1.0986122886681098,4.625952725170619,16.849999999999998,6,2,United Kingdom,1,1,Lapsed
17742.0,113,11,2098.48,2.4849066497880004,7.649444974001237,24.688,52,11,United Kingdom,1,3,Regular
17743.0,448,1,229.2,0.6931471805599453,5.438948496287782,76.39999999999999,3,1,United Kingdom,1,1,Lapsed
17744.0,4,7,2649.14,2.079441541679836,7.882367747773482,17.543973509933775,121,7,United Kingdom,1,3,Regular
17745.0,478,2,600.34,1.0986122886681098,6.399160498367506,21.44071428571429,27,2,United Kingdom,1,1,Lapsed
17746.0,240,4,904.18,1.6094379124341005,6.808133818950557,25.116111111111117,32,3,United Kingdom,1,3,Regular
17747.0,113,1,71.4,0.6931471805599453,4.282206299391671,71.4,1,1,United Kingdom,1,0,New / Low Engagement
17748.0,527,1,358.15,0.6931471805599453,5.88374012852081,21.06764705882353,17,1,United Kingdom,1,1,Lapsed
17749.0,178,3,1026.18,1.3862943611198906,6.934572462341162,18.003157894736844,52,3,United Kingdom,1,3,Regular
17750.0,5,9,1710.45,2.302585092994046,7.445096243403855,9.29592391304348,101,9,United Kingdom,1,3,Regular
17751.0,421,1,157.86,0.6931471805599453,5.0680233112049855,4.933125,31,1,United Kingdom,1,1,Lapsed
17752.0,359,1,80.64,0.6931471805599453,4.402319337941644,80.64,1,1,United Kingdom,1,1,Lapsed
17753.0,464,4,382.06,1.6094379124341005,5.948191634874515,5.5371014492753625,63,3,United Kingdom,1,1,Lapsed
17754.0,1,13,4451.22,2.6390573296152584,8.401158127167317,19.960627802690585,185,12,United Kingdom,1,2,Best Customers
17756.0,376,3,728.75,1.3862943611198906,6.592702009734224,8.675595238095237,54,3,United Kingdom,1,1,Lapsed
17757.0,1,56,9074.05,4.04305126783455,9.113284168759746,7.218814638027048,362,55,United Kingdom,1,2,Best Customers
17758.0,19,12,4964.03,2.5649493574615367,8.510174618757091,9.401571969696969,403,10,United Kingdom,1,2,Best Customers
17759.0,17,5,1261.88,1.791759469228055,7.141150105960093,9.48781954887218,114,4,United Kingdom,1,3,Regular
17760.0,22,6,746.39,1.9459101490553128,6.616587137245524,11.140149253731344,58,5,United Kingdom,1,3,Regular
17761.0,33,1,712.78,0.6931471805599453,6.570574791610563,37.51473684210527,19,1,United Kingdom,1,0,New / Low Engagement
17762.0,456,1,129.75,0.6931471805599453,4.873287102945032,7.632352941176471,16,1,United Kingdom,1,1,Lapsed
17763.0,263,4,86.15,1.6094379124341005,4.46763077196603,6.153571428571429,11,3,United Kingdom,1,0,New / Low Engagement
17764.0,51,5,1513.57,1.791759469228055,7.322886849273733,10.158187919463089,126,5,United Kingdom,1,3,Regular
17765.0,159,4,524.0,1.6094379124341005,6.263398262591624,6.469135802469136,71,4,United Kingdom,1,0,New / Low Engagement
17766.0,381,2,299.61,1.0986122886681098,5.7058137435652805,13.618636363636364,21,1,United Kingdom,1,1,Lapsed
17767.0,15,2,413.05,1.0986122886681098,6.025986739479709,10.591025641025642,35,2,United Kingdom,1,0,New / Low Engagement
17768.0,8,7,3292.73,2.079441541679836,8.099775940164974,18.09192307692308,134,6,United Kingdom,1,3,Regular
17769.0,13,17,7053.38,2.8903717578961645,8.861403979489651,12.098421955403088,330,17,United Kingdom,1,2,Best Customers
17770.0,199,5,1143.27,1.791759469228055,7.042522158078838,30.086052631578948,33,4,United Kingdom,1,3,Regular
17771.0,57,4,387.41,1.6094379124341005,5.962061482738665,5.6146376811594205,63,4,United Kingdom,1,0,New / Low Engagement
17772.0,11,3,360.75,1.3862943611198906,5.890953365511593,3.7578125,94,2,United Kingdom,1,0,New / Low Engagement
17773.0,514,2,575.37,1.0986122886681098,6.356749815581414,10.461272727272728,48,2,United Kingdom,1,1,Lapsed
17774.0,97,9,3273.83,2.302585092994046,8.094021238325118,8.246423173803526,286,9,United Kingdom,1,3,Regular
17775.0,255,1,56.4,0.6931471805599453,4.050044303325521,18.8,3,1,United Kingdom,1,0,New / Low Engagement
17776.0,387,2,330.56,1.0986122886681098,5.803808788723326,4.132,74,2,United Kingdom,1,1,Lapsed
17777.0,25,3,647.56,1.3862943611198906,6.474754520679452,3.408210526315789,141,3,United Kingdom,1,0,New / Low Engagement
17778.0,662,1,197.7,0.6931471805599453,5.291796149557771,19.770000000000003,10,1,United Kingdom,1,1,Lapsed
17779.0,21,3,650.32,1.3862943611198906,6.479001072896019,8.028641975308643,73,3,United Kingdom,1,0,New / Low Engagement
17780.0,667,3,346.56,1.3862943611198906,5.8509373119710055,4.386835443037975,76,2,United Kingdom,1,1,Lapsed
17781.0,159,2,188.02,1.0986122886681098,5.24185282956691,15.668333333333337,12,2,United Kingdom,1,0,New / Low Engagement
17782.0,383,2,679.02,1.0986122886681098,6.52212220950234,23.41448275862069,29,1,United Kingdom,1,1,Lapsed
17783.0,72,3,376.96,1.3862943611198906,5.9347883699144255,4.142417582417583,91,3,United Kingdom,1,0,New / Low Engagement
17784.0,550,1,112.86,0.6931471805599453,4.734969623522936,4.90695652173913,19,1,United Kingdom,1,1,Lapsed
17785.0,53,3,403.38,1.3862943611198906,6.002355029939155,7.909411764705882,48,3,United Kingdom,1,0,New / Low Engagement
17786.0,85,2,266.85,1.0986122886681098,5.590427122326969,3.9242647058823534,57,2,United Kingdom,1,0,New / Low Engagement
17787.0,153,4,1817.54,1.6094379124341005,7.505789260335805,14.19953125,94,4,United Kingdom,1,3,Regular
17788.0,74,2,1117.9,1.0986122886681098,7.020101338813675,223.58,3,2,United Kingdom,1,0,New / Low Engagement
17789.0,281,2,397.15,1.0986122886681098,5.9868288187034535,13.694827586206896,27,2,United Kingdom,1,0,New / Low Engagement
17790.0,27,20,2779.41,3.044522437723423,7.930353677824668,9.203344370860927,188,18,United Kingdom,1,2,Best Customers
17791.0,30,1,106.1,0.6931471805599453,4.673762977453703,10.61,10,1,United Kingdom,1,0,New / Low Engagement
17792.0,467,2,368.35,1.0986122886681098,5.911744703974747,7.083653846153847,45,2,United Kingdom,1,1,Lapsed
17793.0,25,1,300.34,0.6931471805599453,5.708239195373142,5.77576923076923,49,1,United Kingdom,1,0,New / Low Engagement
17794.0,687,2,147.3,1.0986122886681098,4.999237249143887,21.042857142857144,7,2,United Kingdom,1,1,Lapsed
17795.0,180,2,342.83,1.0986122886681098,5.840147349176718,7.618444444444444,43,2,United Kingdom,1,0,New / Low Engagement
17796.0,40,7,1236.39,2.079441541679836,7.120759601603105,6.090591133004927,149,7,United Kingdom,1,3,Regular
17797.0,22,8,1971.87,2.19722457733622,7.587244614343444,7.276273062730628,222,7,United Kingdom,1,3,Regular
17798.0,582,1,178.07,0.6931471805599453,5.187776790848668,3.957111111111111,43,1,United Kingdom,1,1,Lapsed
17799.0,22,20,6246.93,3.044522437723423,8.740005487871613,6.910320796460177,478,17,United Kingdom,1,2,Best Customers
17800.0,37,9,1187.21,2.302585092994046,7.080203251977793,11.526310679611653,51,9,United Kingdom,1,3,Regular
17801.0,451,3,770.03,1.3862943611198906,6.647727283312172,9.506543209876543,66,3,United Kingdom,1,1,Lapsed
17802.0,82,10,4946.22,2.3978952727983707,8.50658108163569,9.439351145038168,283,9,United Kingdom,1,2,Best Customers
17803.0,392,1,184.66,0.6931471805599453,5.223917043971786,6.839259259259259,27,1,United Kingdom,1,1,Lapsed
17804.0,376,3,383.78,1.3862943611198906,5.9526717423888265,4.217362637362638,82,3,United Kingdom,1,1,Lapsed
17805.0,74,2,927.03,1.0986122886681098,6.833064059849883,84.27545454545454,10,2,United Kingdom,1,0,New / Low Engagement
17806.0,11,1,546.04,0.6931471805599453,6.304521925890991,12.698604651162787,43,1,United Kingdom,1,0,New / Low Engagement
17807.0,395,3,437.87,1.3862943611198906,6.084203241658105,4.919887640449439,88,3,United Kingdom,1,1,Lapsed
17808.0,549,4,262.64,1.6094379124341005,5.574584536184519,7.958787878787878,29,4,United Kingdom,1,1,Lapsed
17809.0,16,20,10085.89,3.044522437723423,9.218991839869965,103.9782474226804,59,17,United Kingdom,1,2,Best Customers
17810.0,669,2,373.16,1.0986122886681098,5.924683513417631,6.784727272727273,51,2,United Kingdom,1,1,Lapsed
17811.0,4,47,9519.8,3.871201010907891,9.16123415786823,8.263715277777777,538,45,United Kingdom,1,2,Best Customers
17812.0,13,7,911.99,2.079441541679836,6.816724927632466,4.825343915343916,162,7,United Kingdom,1,3,Regular
17813.0,14,5,1698.07,1.791759469228055,7.437836321529504,4.879511494252873,297,5,United Kingdom,1,3,Regular
17814.0,375,2,1609.37,1.0986122886681098,7.38421924523999,11.254335664335663,112,2,United Kingdom,1,1,Lapsed
17815.0,393,1,591.96,0.6931471805599453,6.385126943096995,45.535384615384615,13,1,United Kingdom,1,1,Lapsed
17816.0,37,6,96.11,1.9459101490553128,4.575844356606263,2.1357777777777778,41,6,United Kingdom,1,0,New / Low Engagement
17817.0,4,6,788.15,1.9459101490553128,6.670956416844926,5.881716417910448,115,5,United Kingdom,1,3,Regular
17818.0,738,1,124.78,0.6931471805599453,4.834534349115358,2.970952380952381,42,1,United Kingdom,1,1,Lapsed
17819.0,72,12,6021.05,2.5649493574615367,8.703183011896616,67.65224719101124,66,12,United Kingdom,1,2,Best Customers
17820.0,374,1,180.61,0.6931471805599453,5.201861530730407,4.405121951219512,39,1,United Kingdom,1,1,Lapsed
17821.0,406,1,334.62,0.6931471805599453,5.815979567573016,55.77,6,1,United Kingdom,1,1,Lapsed
17822.0,420,5,2162.93,1.791759469228055,7.679681291938559,12.798402366863904,152,2,United Kingdom,1,3,Regular
17823.0,421,2,449.25,1.0986122886681098,6.109802984056065,4.4925,88,1,United Kingdom,1,1,Lapsed
17824.0,51,1,298.4,0.6931471805599453,5.701780471985528,22.95384615384615,13,1,United Kingdom,1,0,New / Low Engagement
17825.0,599,4,701.96,1.6094379124341005,6.555299991187588,25.99851851851852,24,2,United Kingdom,1,1,Lapsed
17826.0,374,1,133.34,0.6931471805599453,4.900373899838718,4.040606060606061,33,1,United Kingdom,1,1,Lapsed
17827.0,5,6,2376.17,1.9459101490553128,7.773665983523929,8.456120996441282,240,4,United Kingdom,1,3,Regular
17828.0,23,4,1820.09,1.6094379124341005,7.507190501900052,27.1655223880597,54,4,Malta,0,3,Regular
17829.0,299,5,4756.74,1.791759469228055,8.467528044561078,27.817192982456135,121,5,United Arab Emirates,0,3,Regular
17830.0,2,3,398.7,1.3862943611198906,5.990714265717278,17.33478260869565,18,3,United Kingdom,1,0,New / Low Engagement
17831.0,33,1,35.400000000000006,0.6931471805599453,3.594568774642695,17.700000000000003,2,1,United Kingdom,1,0,New / Low Engagement
17832.0,50,1,155.37,0.6931471805599453,5.052224993855419,2.547049180327869,61,1,United Kingdom,1,0,New / Low Engagement
17833.0,723,1,338.46000000000004,0.6931471805599453,5.827356119733386,10.918064516129034,28,1,United Kingdom,1,1,Lapsed
17834.0,415,2,689.6700000000001,1.0986122886681098,6.537662140954444,11.890862068965518,54,2,United Kingdom,1,1,Lapsed
17835.0,3,3,342.24,1.3862943611198906,5.83842991093892,5.800677966101695,45,3,United Kingdom,1,0,New / Low Engagement
17836.0,47,1,110.21,0.6931471805599453,4.71142030583075,4.592083333333334,23,1,United Kingdom,1,0,New / Low Engagement
17837.0,42,8,1541.23,2.19722457733622,7.340984699939525,9.513765432098763,110,8,United Kingdom,1,3,Regular
17838.0,27,13,5604.64,2.6390573296152584,8.631528512752286,22.065511811023622,141,12,United Kingdom,1,2,Best Customers
17839.0,42,1,318.15,0.6931471805599453,5.765661211702066,6.11826923076923,50,1,United Kingdom,1,0,New / Low Engagement
17840.0,444,1,175.9,0.6931471805599453,5.17558460116574,3.518,44,1,United Kingdom,1,1,Lapsed
17841.0,2,211,68545.25,5.356586274672012,11.135263978898925,5.512283876156011,2116,193,United Kingdom,1,2,Best Customers
17842.0,602,1,430.69,0.6931471805599453,6.067707738058715,23.927222222222223,18,1,United Kingdom,1,1,Lapsed
17843.0,303,2,320.4,1.0986122886681098,5.772686453303412,5.16774193548387,58,2,United Kingdom,1,1,Lapsed
17844.0,107,1,51.56,0.6931471805599453,3.961955374176355,10.312,5,1,Canada,0,0,New / Low Engagement
17845.0,555,4,596.09,1.6094379124341005,6.392067855799239,12.68276595744681,42,2,United Kingdom,1,1,Lapsed
17846.0,85,1,2033.1,0.6931471805599453,7.617808739608441,2033.1,1,1,United Kingdom,1,0,New / Low Engagement
17847.0,516,2,129.69,1.0986122886681098,4.872828106608945,14.41,9,2,United Kingdom,1,1,Lapsed
17848.0,81,30,3559.11,3.4339872044851463,8.17754672224512,21.57036363636364,105,28,United Kingdom,1,2,Best Customers
17849.0,218,8,1063.76,2.19722457733622,6.970504700635247,21.2752,24,7,United Kingdom,1,3,Regular
17850.0,372,155,51208.87,5.049856007249537,10.843687565886688,20.491744697879152,100,23,United Kingdom,1,2,Best Customers
17851.0,422,6,1552.35,1.9459101490553128,7.348169168007754,6.691163793103448,185,6,United Kingdom,1,3,Regular
17852.0,12,5,657.8100000000001,1.791759469228055,6.490435177301824,6.090833333333334,82,4,United Kingdom,1,3,Regular
17853.0,407,3,1596.29,1.3862943611198906,7.376063722211611,15.202761904761903,84,3,United Kingdom,1,1,Lapsed
17854.0,185,6,1068.5,1.9459101490553128,6.9749465285224606,9.055084745762713,113,5,United Kingdom,1,3,Regular
17855.0,373,1,208.97,0.6931471805599453,5.346964663369558,12.292352941176471,17,1,United Kingdom,1,1,Lapsed
17856.0,2,4,1418.03,1.6094379124341005,7.25772881858561,94.53533333333333,12,4,United Kingdom,1,3,Regular
17857.0,4,24,27347.04,3.218875824868201,10.216400141662424,488.34,21,21,United Kingdom,1,2,Best Customers
17858.0,6,30,12518.65,3.4339872044851463,9.435054688991768,33.562064343163534,173,28,United Kingdom,1,2,Best Customers
17859.0,305,1,141.92,0.6931471805599453,4.962285033155209,6.170434782608695,23,1,United Kingdom,1,1,Lapsed
17860.0,369,4,717.39,1.6094379124341005,6.577012597069282,4.428333333333334,127,3,United Kingdom,1,1,Lapsed
17861.0,3,18,5088.29,2.9444389791664403,8.534893610620546,9.118799283154122,329,17,United Kingdom,1,2,Best Customers
17862.0,324,4,1254.89,1.6094379124341005,7.135599763574991,12.675656565656569,90,4,United Kingdom,1,3,Regular
17863.0,59,12,5360.4800000000005,2.5649493574615367,8.586995335353887,21.02149019607843,154,12,United Kingdom,1,2,Best Customers
17864.0,13,5,876.57,1.791759469228055,6.77715672423817,6.640681818181818,93,5,United Kingdom,1,3,Regular
17865.0,31,46,26312.19,3.8501476017100575,10.177825613358824,26.05167326732673,391,35,United Kingdom,1,2,Best Customers
17866.0,143,3,1134.95,1.3862943611198906,7.035224584227941,43.65192307692308,20,3,United Kingdom,1,3,Regular
17867.0,30,15,1582.0500000000002,2.772588722239781,7.367108644979165,12.169615384615383,119,12,United Kingdom,1,3,Regular
17868.0,386,1,227.15,0.6931471805599453,5.430003307373411,12.619444444444444,18,1,United Kingdom,1,1,Lapsed
17869.0,107,7,813.64,2.079441541679836,6.70274629786341,10.1705,72,6,United Kingdom,1,3,Regular
17870.0,2,13,2753.29,2.6390573296152584,7.92091497512461,10.122389705882354,215,10,United Kingdom,1,2,Best Customers
17871.0,205,5,1068.95,1.791759469228055,6.975367197392157,12.878915662650604,64,5,United Kingdom,1,3,Regular
17872.0,382,1,235.87,0.6931471805599453,5.46751146743449,15.724666666666668,15,1,United Kingdom,1,1,Lapsed
17873.0,80,18,6265.33,2.9444389791664403,8.742946135302521,37.29363095238095,65,15,United Kingdom,1,2,Best Customers
17874.0,185,6,683.46,1.9459101490553128,6.528630206205813,14.857826086956525,37,3,United Kingdom,1,3,Regular
17875.0,688,1,167.1,0.6931471805599453,5.12455904041457,6.426923076923076,25,1,United Kingdom,1,1,Lapsed
17876.0,400,3,3424.02,1.3862943611198906,8.138862590095334,856.005,3,3,United Kingdom,1,3,Regular
17877.0,170,1,237.61,0.6931471805599453,5.474830419933934,19.800833333333333,12,1,United Kingdom,1,0,New / Low Engagement
17878.0,44,3,1378.93,1.3862943611198906,7.229788052227032,16.816219512195122,82,2,United Kingdom,1,3,Regular
17879.0,174,1,178.52,0.6931471805599453,5.190286622334331,29.75333333333333,6,1,United Kingdom,1,0,New / Low Engagement
17880.0,365,3,824.9200000000001,1.3862943611198906,6.716497916530249,18.33155555555556,43,3,United Kingdom,1,1,Lapsed
17881.0,304,1,133.35,0.6931471805599453,4.9004483350615,16.66875,8,1,United Kingdom,1,1,Lapsed
17882.0,379,2,291.56,1.0986122886681098,5.678669773841126,5.501132075471698,47,1,United Kingdom,1,1,Lapsed
17883.0,3,7,988.42,2.079441541679836,6.897118912860578,5.713410404624277,155,6,United Kingdom,1,3,Regular
17884.0,4,20,2698.47,3.044522437723423,7.900810736427484,6.646477832512315,305,16,United Kingdom,1,2,Best Customers
17885.0,12,1,156.34,0.6931471805599453,5.0584090689010965,2.949811320754717,50,1,United Kingdom,1,0,New / Low Engagement
17886.0,32,6,1572.55,1.9459101490553128,7.361089492294489,9.473192771084337,138,6,United Kingdom,1,3,Regular
17887.0,129,1,111.35,0.6931471805599453,4.721618998631338,11.135,10,1,United Kingdom,1,0,New / Low Engagement
17888.0,21,25,1807.44,3.258096538021482,7.50021987417605,11.2965,145,24,United Kingdom,1,2,Best Customers
17889.0,212,7,746.42,2.079441541679836,6.6166272761260565,6.434655172413793,97,5,United Kingdom,1,3,Regular
17890.0,323,2,586.89,1.0986122886681098,6.376539855568017,6.449340659340659,88,2,United Kingdom,1,1,Lapsed
17891.0,162,1,203.86,0.6931471805599453,5.3223268190083886,5.995882352941176,34,1,United Kingdom,1,0,New / Low Engagement
17892.0,56,3,244.1,1.3862943611198906,5.501666290534067,8.717857142857143,27,3,United Kingdom,1,0,New / Low Engagement
17893.0,225,1,107.21,0.6931471805599453,4.684073783583557,7.147333333333333,15,1,United Kingdom,1,0,New / Low Engagement
17894.0,72,18,2304.58,2.9444389791664403,7.743087550676059,5.732786069651741,215,17,United Kingdom,1,2,Best Customers
17895.0,44,1,95.45,0.6931471805599453,4.569024739351738,6.363333333333333,15,1,United Kingdom,1,0,New / Low Engagement
17896.0,23,1,256.32,0.6931471805599453,5.550320446542799,128.16,2,1,United Kingdom,1,0,New / Low Engagement
17897.0,173,9,2099.89,2.302585092994046,7.650116343453433,8.014847328244274,211,8,United Kingdom,1,3,Regular
17898.0,85,4,299.18,1.6094379124341005,5.704382294728169,5.9836,48,4,United Kingdom,1,0,New / Low Engagement
17899.0,159,1,154.55,0.6931471805599453,5.046967223343646,4.985483870967743,29,1,United Kingdom,1,0,New / Low Engagement
17900.0,190,2,112.2,1.0986122886681098,4.729156165769083,18.7,4,1,United Kingdom,1,0,New / Low Engagement
17901.0,29,3,260.08,1.3862943611198906,5.564826873767017,11.82181818181818,22,2,United Kingdom,1,0,New / Low Engagement
17902.0,547,1,216.4,0.6931471805599453,5.381738974687109,9.016666666666667,24,1,United Kingdom,1,1,Lapsed
17903.0,394,1,381.09,0.6931471805599453,5.9456561829510015,8.468666666666667,44,1,United Kingdom,1,1,Lapsed
17904.0,21,1,181.07,0.6931471805599453,5.204391228515873,5.325588235294117,33,1,United Kingdom,1,0,New / Low Engagement
17905.0,71,13,2178.87,2.6390573296152584,7.687020520977492,14.92376712328767,129,12,United Kingdom,1,3,Regular
17906.0,247,1,72.9,0.6931471805599453,4.302712827954156,6.075,12,1,United Kingdom,1,0,New / Low Engagement
17907.0,641,1,291.76,0.6931471805599453,5.679353160733027,22.443076923076923,13,1,United Kingdom,1,1,Lapsed
17908.0,374,5,1142.47,1.791759469228055,7.04182277787601,5.492644230769231,178,5,United Kingdom,1,3,Regular
17909.0,737,1,110.05,0.6931471805599453,4.709980550340436,13.75625,8,1,United Kingdom,1,1,Lapsed
17910.0,726,1,261.7,0.6931471805599453,5.571012696691494,10.065384615384614,25,1,United Kingdom,1,1,Lapsed
17911.0,9,1,366.23,0.6931471805599453,5.9059883547555305,9.39051282051282,39,1,United Kingdom,1,0,New / Low Engagement
17912.0,310,6,374.55,1.9459101490553128,5.928391618132021,7.344117647058824,48,5,United Kingdom,1,3,Regular
17913.0,59,14,3429.29,2.70805020110221,8.140400084690953,7.358991416309013,224,13,United Kingdom,1,2,Best Customers
17914.0,4,1,329.36,0.6931471805599453,5.800182968942516,4.391466666666667,72,1,United Kingdom,1,0,New / Low Engagement
17915.0,551,1,225.78,0.6931471805599453,5.423980384543694,7.785517241379311,27,1,United Kingdom,1,1,Lapsed
17916.0,629,2,43.87,1.0986122886681098,3.803769419987892,2.3089473684210526,15,2,United Kingdom,1,1,Lapsed
17917.0,45,3,335.03,1.3862943611198906,5.8172004416917575,3.641630434782608,77,3,United Kingdom,1,0,New / Low Engagement
17918.0,501,3,396.39,1.3862943611198906,5.984918166237948,9.90975,34,3,United Kingdom,1,1,Lapsed
17919.0,88,2,1840.32,1.0986122886681098,7.51823798470524,46.008,37,2,United Kingdom,1,3,Regular
17920.0,4,54,23581.78,4.007333185232471,10.06827206366459,14.379134146341462,715,51,United Kingdom,1,2,Best Customers
17921.0,64,10,2394.36,2.3978952727983707,7.781288811701526,6.651000000000001,230,10,United Kingdom,1,3,Regular
17922.0,543,1,170.4,0.6931471805599453,5.14400000616368,21.3,8,1,United Kingdom,1,1,Lapsed
17923.0,282,3,497.0,1.3862943611198906,6.210600077024653,165.66666666666666,2,3,United Kingdom,1,0,New / Low Engagement
17924.0,12,8,3257.7000000000003,2.19722457733622,8.08908362182352,98.71818181818183,27,6,United Kingdom,1,3,Regular
17925.0,373,1,244.08,0.6931471805599453,5.501584687857454,244.08,1,1,United Kingdom,1,1,Lapsed
17926.0,133,5,1035.49,1.791759469228055,6.943595283975941,23.53386363636364,27,5,United Kingdom,1,3,Regular
17927.0,722,1,294.0,0.6931471805599453,5.68697535633982,29.4,10,1,United Kingdom,1,1,Lapsed
17928.0,45,3,341.24,1.3862943611198906,5.835512245334096,12.638518518518518,27,3,United Kingdom,1,0,New / Low Engagement
17929.0,11,12,3082.1,2.5649493574615367,8.033690863299137,205.47333333333333,6,11,United Kingdom,1,2,Best Customers
17930.0,36,13,4275.22,2.6390573296152584,8.36082472077466,49.140459770114944,39,13,United Kingdom,1,2,Best Customers
17931.0,134,14,3402.24,2.70805020110221,8.132483198020529,9.692991452991452,274,11,United Kingdom,1,2,Best Customers
17932.0,29,3,1331.57,1.3862943611198906,7.19486468749322,14.795222222222222,84,3,United Kingdom,1,3,Regular
17933.0,632,1,114.69,0.6931471805599453,4.750914200040797,8.192142857142857,12,1,United Kingdom,1,1,Lapsed
17934.0,52,3,1049.15,1.3862943611198906,6.956688290091316,25.589024390243903,36,3,United Kingdom,1,3,Regular
17935.0,138,7,686.14,2.079441541679836,6.532538056031691,10.7209375,60,6,United Kingdom,1,3,Regular
17936.0,5,1,380.13,0.6931471805599453,5.943140524277792,5.279583333333333,68,1,United Kingdom,1,0,New / Low Engagement
17937.0,9,7,4301.22,2.079441541679836,8.366886447525236,100.02837209302326,19,7,United Kingdom,1,3,Regular
17938.0,420,1,144.29,0.6931471805599453,4.978731745083247,4.97551724137931,29,1,United Kingdom,1,1,Lapsed
17939.0,160,1,99.14,0.6931471805599453,4.606569206901798,8.261666666666667,12,1,United Kingdom,1,0,New / Low Engagement
17940.0,49,16,30306.79,2.833213344056216,10.319160054163593,865.9082857142857,11,14,United Kingdom,1,2,Best Customers
17941.0,131,4,1433.28,1.6094379124341005,7.268418260118725,204.7542857142857,5,4,United Kingdom,1,3,Regular
17942.0,8,1,77.50000000000001,0.6931471805599453,4.363098624788363,38.75000000000001,2,1,United Kingdom,1,0,New / Low Engagement
17944.0,423,1,74.99,0.6931471805599453,4.330601752681694,2.9996,24,1,United Kingdom,1,1,Lapsed
17945.0,697,3,360.35,1.3862943611198906,5.88984701772899,5.004861111111111,66,1,United Kingdom,1,1,Lapsed
17946.0,233,2,149.57999999999998,1.0986122886681098,5.014494504421976,7.478999999999999,18,2,United Kingdom,1,0,New / Low Engagement
17947.0,37,1,176.68,0.6931471805599453,5.179984179586172,19.63111111111111,9,1,United Kingdom,1,0,New / Low Engagement
17948.0,147,1,358.56000000000006,0.6931471805599453,5.884881061705198,358.56000000000006,1,1,United Kingdom,1,0,New / Low Engagement
17949.0,1,118,117314.08,4.77912349311153,11.67261858562832,752.0133333333333,58,71,United Kingdom,1,2,Best Customers
17950.0,72,7,1166.29,2.079441541679836,7.062440101843888,7.068424242424242,133,6,United Kingdom,1,3,Regular
17951.0,40,4,1340.5800000000002,1.6094379124341005,7.201603302824833,47.877857142857145,24,4,United Kingdom,1,3,Regular
17952.0,378,4,788.46,1.6094379124341005,6.671349167434349,8.045510204081634,85,2,United Kingdom,1,1,Lapsed
17953.0,540,1,159.17000000000002,0.6931471805599453,5.076235751180205,7.958500000000001,20,1,United Kingdom,1,1,Lapsed
17954.0,5,19,3804.38,2.995732273553991,8.244171133903205,5.1202960969044415,479,18,United Kingdom,1,2,Best Customers
17955.0,199,6,949.9,1.9459101490553128,6.857408904545399,43.17727272727273,16,5,United Kingdom,1,3,Regular
17956.0,249,1,12.75,0.6931471805599453,2.6210388241125804,12.75,1,1,United Kingdom,1,0,New / Low Engagement
17957.0,66,1,111.68,0.6931471805599453,4.724551943008172,3.6025806451612907,31,1,United Kingdom,1,0,New / Low Engagement
17958.0,117,2,973.88,1.0986122886681098,6.882314386500184,27.052222222222223,35,2,United Kingdom,1,0,New / Low Engagement
17959.0,592,1,140.75,0.6931471805599453,4.954064942607862,70.375,2,1,United Kingdom,1,1,Lapsed
17960.0,171,3,135.08,1.3862943611198906,4.913242948087606,3.6508108108108113,37,3,United Kingdom,1,0,New / Low Engagement
17961.0,21,100,2866.74,4.61512051684126,7.961279542100986,4.550380952380952,486,84,United Kingdom,1,2,Best Customers
17962.0,142,4,666.96,1.6094379124341005,6.504228291504232,3.6445901639344265,146,3,United Kingdom,1,3,Regular
17963.0,471,4,643.16,1.6094379124341005,6.467947142451426,5.900550458715596,98,4,United Kingdom,1,1,Lapsed
17964.0,32,2,463.21,1.0986122886681098,6.140337036046906,4.726632653061224,84,2,United Kingdom,1,0,New / Low Engagement
17965.0,38,29,7006.65,3.4011973816621555,8.854757688446664,8.576070991432069,588,28,United Kingdom,1,2,Best Customers
17966.0,38,10,1963.92,2.3978952727983707,7.583206811006393,17.37982300884956,82,7,United Kingdom,1,3,Regular
17967.0,372,2,223.42,1.0986122886681098,5.4135192962367205,3.662622950819672,59,2,United Kingdom,1,1,Lapsed
17968.0,374,4,590.44,1.6094379124341005,6.382560241248845,4.6128125,106,4,United Kingdom,1,1,Lapsed
17969.0,166,20,2354.29,3.044522437723423,7.764419141119665,11.54063725490196,113,20,United Kingdom,1,2,Best Customers
17970.0,211,1,562.79,0.6931471805599453,6.334681841736619,19.40655172413793,27,1,United Kingdom,1,0,New / Low Engagement
17971.0,548,1,161.94,0.6931471805599453,5.093382034882496,7.711428571428572,21,1,United Kingdom,1,1,Lapsed
17972.0,242,1,135.19,0.6931471805599453,4.914050969580866,4.506333333333333,30,1,United Kingdom,1,0,New / Low Engagement
17973.0,52,1,337.04,0.6931471805599453,5.823164231676282,22.46933333333333,15,1,United Kingdom,1,0,New / Low Engagement
17974.0,25,6,1739.09,1.9459101490553128,7.461692115008859,4.817423822714681,279,6,United Kingdom,1,3,Regular
17975.0,15,24,6696.33,3.218875824868201,8.80946421849117,14.36980686695279,243,24,United Kingdom,1,2,Best Customers
17976.0,372,1,321.79,0.6931471805599453,5.7770019569816125,5.645438596491228,56,1,United Kingdom,1,1,Lapsed
17977.0,29,2,1511.45,1.0986122886681098,7.321486131507334,14.533173076923076,94,2,United Kingdom,1,3,Regular
17978.0,365,4,1159.99,1.6094379124341005,7.05702836839637,17.313283582089554,62,4,United Kingdom,1,3,Regular
17979.0,36,4,732.41,1.6094379124341005,6.597704890668348,5.30731884057971,116,3,United Kingdom,1,3,Regular
17980.0,166,4,1012.72,1.6094379124341005,6.921382011896794,16.601967213114754,41,4,United Kingdom,1,3,Regular
17981.0,411,1,239.12,0.6931471805599453,5.481138798383642,14.065882352941175,17,1,United Kingdom,1,1,Lapsed
17982.0,681,1,138.18,0.6931471805599453,4.935768059416704,10.62923076923077,13,1,United Kingdom,1,1,Lapsed
17983.0,395,1,171.71,0.6931471805599453,5.151613887355828,7.154583333333334,23,1,United Kingdom,1,1,Lapsed
17984.0,145,5,1152.19,1.791759469228055,7.05028729420393,4.761115702479339,209,5,United Kingdom,1,3,Regular
17985.0,22,1,631.35,0.6931471805599453,6.4494430383259855,30.06428571428572,20,1,United Kingdom,1,0,New / Low Engagement
17986.0,56,1,20.8,0.6931471805599453,3.0819099697950434,20.8,1,1,United Kingdom,1,0,New / Low Engagement
17987.0,185,5,965.44,1.791759469228055,6.873619217052455,5.886829268292683,139,5,United Kingdom,1,3,Regular
17988.0,12,14,489.54,2.70805020110221,6.19550682511979,3.98,115,11,United Kingdom,1,3,Regular
17989.0,379,1,207.33,0.6931471805599453,5.339123360940291,7.149310344827587,26,1,United Kingdom,1,1,Lapsed
17990.0,237,6,1527.61,1.9459101490553128,7.332114104721181,26.800175438596494,40,6,United Kingdom,1,3,Regular
17991.0,225,3,300.3,1.3862943611198906,5.708106446136256,7.902631578947369,37,3,United Kingdom,1,0,New / Low Engagement
17992.0,389,1,252.88,0.6931471805599453,5.5368617144382695,4.863076923076923,49,1,United Kingdom,1,1,Lapsed
17993.0,617,1,225.99,0.6931471805599453,5.4249059636476105,3.7665,60,1,United Kingdom,1,1,Lapsed
17994.0,122,11,2270.03,2.4849066497880004,7.727988752057937,7.418398692810457,227,11,United Kingdom,1,3,Regular
17995.0,282,3,495.48,1.3862943611198906,6.20754320070007,17.08551724137931,28,3,United Kingdom,1,0,New / Low Engagement
17996.0,380,3,482.33,1.3862943611198906,6.180699650171005,7.1989552238805965,63,2,United Kingdom,1,1,Lapsed
17997.0,74,8,1962.46,2.19722457733622,7.582463502025479,11.966219512195122,133,8,United Kingdom,1,3,Regular
17998.0,380,3,639.24,1.3862943611198906,6.461843106058791,11.021379310344829,57,3,United Kingdom,1,1,Lapsed
17999.0,37,3,528.46,1.3862943611198906,6.271857619222886,3.943731343283583,125,3,United Kingdom,1,0,New / Low Engagement
18000.0,564,1,124.25,0.6931471805599453,4.830311739964974,20.70833333333333,6,1,United Kingdom,1,1,Lapsed
18001.0,12,6,924.14,1.9459101490553128,6.829945077411316,7.001060606060606,120,5,United Kingdom,1,3,Regular
18002.0,376,4,244.37,1.6094379124341005,5.5027672754149926,4.610754716981132,52,4,United Kingdom,1,1,Lapsed
18003.0,376,1,353.51,0.6931471805599453,5.870736554319034,15.37,23,1,United Kingdom,1,1,Lapsed
18004.0,362,1,157.92,0.6931471805599453,5.068400930946398,4.268108108108108,32,1,United Kingdom,1,1,Lapsed
18005.0,4,2,226.47,1.0986122886681098,5.42701836156377,4.273018867924528,52,2,United Kingdom,1,0,New / Low Engagement
18006.0,23,4,969.51,1.6094379124341005,6.877821706523007,15.389047619047618,57,4,United Kingdom,1,3,Regular
18007.0,393,1,215.22,0.6931471805599453,5.376296407864626,4.3044,46,1,United Kingdom,1,1,Lapsed
18008.0,70,23,19759.08,3.1780538303479458,9.89141901987666,203.70185567010307,77,21,United Kingdom,1,2,Best Customers
18009.0,235,8,2144.23,2.19722457733622,7.671002051721035,11.978938547486033,145,7,United Kingdom,1,3,Regular
18010.0,257,1,174.8,0.6931471805599453,5.169346985251076,12.485714285714286,14,1,United Kingdom,1,0,New / Low Engagement
18011.0,373,2,410.79,1.0986122886681098,6.020513510666006,6.520476190476191,63,2,United Kingdom,1,1,Lapsed
18012.0,723,1,115.3,0.6931471805599453,4.7561730595246186,8.86923076923077,13,1,United Kingdom,1,1,Lapsed
18013.0,155,2,187.29,1.0986122886681098,5.237983327508337,6.041612903225806,31,1,United Kingdom,1,0,New / Low Engagement
18014.0,28,1,162.22,0.6931471805599453,5.095098984041097,5.407333333333333,29,1,United Kingdom,1,0,New / Low Engagement
18015.0,4,1,120.03,0.6931471805599453,4.7960384487505126,2.6093478260869567,46,1,United Kingdom,1,0,New / Low Engagement
18016.0,32,7,1954.56,2.079441541679836,7.578431876414713,11.565443786982248,115,7,United Kingdom,1,3,Regular
18017.0,81,4,688.0,1.6094379124341005,6.535241271013659,172.0,1,4,United Kingdom,1,3,Regular
18018.0,108,4,297.99,1.6094379124341005,5.700410128015343,6.7725,43,4,United Kingdom,1,0,New / Low Engagement
18019.0,52,1,38.45,0.6931471805599453,3.675034047291883,7.69,5,1,United Kingdom,1,0,New / Low Engagement
18020.0,544,1,190.48,0.6931471805599453,5.254783364524308,15.873333333333337,12,1,United Kingdom,1,1,Lapsed
18021.0,510,2,216.41,1.0986122886681098,5.381784971789299,6.7628125,32,2,United Kingdom,1,1,Lapsed
18022.0,36,5,1507.25,1.791759469228055,7.318705317320871,3.546470588235294,306,5,United Kingdom,1,3,Regular
18024.0,153,2,389.78,1.0986122886681098,5.968144741786365,18.56095238095238,21,1,United Kingdom,1,0,New / Low Engagement
18025.0,380,6,1177.72,1.9459101490553128,7.072184382934504,10.515357142857145,83,5,United Kingdom,1,3,Regular
18026.0,501,2,2074.07,1.0986122886681098,7.637750167035548,122.00411764705883,12,2,United Kingdom,1,1,Lapsed
18027.0,99,1,115.31,0.6931471805599453,4.756259040350948,5.490952380952381,21,1,United Kingdom,1,0,New / Low Engagement
18028.0,583,1,192.05,0.6931471805599453,5.262949222710246,48.0125,4,1,United Kingdom,1,1,Lapsed
18029.0,642,1,433.77,0.6931471805599453,6.0748171556265245,24.098333333333333,18,1,United Kingdom,1,1,Lapsed
18030.0,4,2,230.65,1.0986122886681098,5.4452276118626575,25.627777777777776,8,2,United Kingdom,1,0,New / Low Engagement
18031.0,379,1,451.3,0.6931471805599453,6.114345676483797,7.163492063492064,49,1,United Kingdom,1,1,Lapsed
18032.0,334,1,73.5,0.6931471805599453,4.310799125385514,14.7,5,1,United Kingdom,1,1,Lapsed
18033.0,65,1,93.82,0.6931471805599453,4.551980357473973,2.8430303030303032,32,1,United Kingdom,1,0,New / Low Engagement
18034.0,22,3,754.2,1.3862943611198906,6.626982614831291,3.524299065420561,182,2,United Kingdom,1,0,New / Low Engagement
18035.0,36,5,1260.23,1.791759469228055,7.139842714257651,22.109298245614035,52,3,United Kingdom,1,3,Regular
18036.0,32,11,1545.49,2.4849066497880004,7.343743125890186,4.740766871165644,221,10,United Kingdom,1,3,Regular
18037.0,154,15,167.42,2.772588722239781,5.126460859601846,5.073333333333333,31,14,United Kingdom,1,3,Regular
18038.0,556,1,141.48,0.6931471805599453,4.959201638981406,5.239999999999999,25,1,United Kingdom,1,1,Lapsed
18039.0,374,4,548.22,1.6094379124341005,6.30849908983672,3.469746835443038,137,4,United Kingdom,1,1,Lapsed
18040.0,19,2,357.20000000000005,1.0986122886681098,5.881091489626612,18.8,18,2,United Kingdom,1,0,New / Low Engagement
18041.0,12,38,8018.769999999999,3.6635616461296463,8.98966502214509,9.63794471153846,464,36,United Kingdom,1,2,Best Customers
18042.0,54,2,281.15,1.0986122886681098,5.642438844415149,17.571875,13,2,United Kingdom,1,0,New / Low Engagement
18043.0,25,3,529.29,1.3862943611198906,6.273424026714671,4.6025217391304345,106,3,United Kingdom,1,0,New / Low Engagement
18044.0,4,18,3505.61,2.9444389791664403,8.162405037797205,17.52805,128,18,United Kingdom,1,2,Best Customers
18045.0,45,1,178.34,0.6931471805599453,5.189283445523902,4.147441860465117,43,1,United Kingdom,1,0,New / Low Engagement
18046.0,650,1,189.63,0.6931471805599453,5.250334376525886,7.293461538461538,26,1,United Kingdom,1,1,Lapsed
18047.0,381,2,326.09,1.0986122886681098,5.7902353623864,3.9287951807228914,74,1,United Kingdom,1,1,Lapsed
18048.0,203,3,394.93,1.3862943611198906,5.981237427952466,6.693728813559322,56,2,United Kingdom,1,0,New / Low Engagement
18049.0,437,2,500.92,1.0986122886681098,6.218440744442368,5.757701149425287,82,2,United Kingdom,1,1,Lapsed
18050.0,359,2,412.06,1.0986122886681098,6.023592860859504,17.915652173913042,22,2,United Kingdom,1,1,Lapsed
18051.0,634,7,2282.28,2.079441541679836,7.733368284651133,41.496,41,7,United Kingdom,1,1,Lapsed
18052.0,565,1,10877.18,0.6931471805599453,9.294514227005408,679.82375,16,1,United Kingdom,1,1,Lapsed
18053.0,71,3,571.07,1.3862943611198906,6.349261361514645,17.8459375,29,3,United Kingdom,1,0,New / Low Engagement
18054.0,393,1,176.5,0.6931471805599453,5.178970608915471,16.045454545454547,11,1,United Kingdom,1,1,Lapsed
18055.0,7,14,10142.64,2.70805020110221,9.22460218708827,19.029343339587243,320,13,United Kingdom,1,2,Best Customers
18056.0,288,2,554.6,1.0986122886681098,6.320048610880189,18.486666666666668,28,2,United Kingdom,1,0,New / Low Engagement
18057.0,393,3,1188.46,1.3862943611198906,7.081254701602981,8.869104477611941,121,3,United Kingdom,1,1,Lapsed
18058.0,10,3,774.06,1.3862943611198906,6.652940445711463,48.37875,12,3,United Kingdom,1,0,New / Low Engagement
18059.0,23,3,306.46,1.3862943611198906,5.728344997484453,17.025555555555556,17,3,United Kingdom,1,0,New / Low Engagement
18060.0,408,2,1185.46,1.0986122886681098,7.078729362707452,15.806133333333332,74,2,United Kingdom,1,1,Lapsed
18061.0,22,28,6083.81,3.367295829986474,8.713550780612035,49.867295081967214,30,27,United Kingdom,1,2,Best Customers
18062.0,173,6,1632.67,1.9459101490553128,7.398584296639274,30.23462962962963,46,6,United Kingdom,1,3,Regular
18063.0,391,2,186.6,1.0986122886681098,5.234312036572124,62.20000000000001,2,2,United Kingdom,1,1,Lapsed
18064.0,133,11,4481.83,2.4849066497880004,8.408009822401398,70.02859375,53,9,United Kingdom,1,2,Best Customers
18065.0,6,29,5866.63,3.4011973816621555,8.677206083423497,18.924612903225807,193,17,United Kingdom,1,2,Best Customers
18066.0,75,3,1440.4,1.3862943611198906,7.27337014249034,27.17735849056604,37,3,United Kingdom,1,3,Regular
18067.0,40,1,396.33,0.6931471805599453,5.98476716966025,10.71162162162162,36,1,United Kingdom,1,0,New / Low Engagement
18068.0,289,1,101.7,0.6931471805599453,4.631812116934513,101.7,1,1,United Kingdom,1,1,Lapsed
18069.0,26,11,4464.92,2.4849066497880004,8.4042305191183,4.603010309278351,602,10,United Kingdom,1,2,Best Customers
18070.0,669,1,314.1,0.6931471805599453,5.752890048763229,34.900000000000006,9,1,United Kingdom,1,1,Lapsed
18071.0,258,6,1169.68,1.9459101490553128,7.065340055543678,16.474366197183098,52,5,United Kingdom,1,3,Regular
18072.0,186,1,247.44,0.6931471805599453,5.515201367691102,13.746666666666666,18,1,United Kingdom,1,0,New / Low Engagement
18073.0,114,12,3859.82,2.5649493574615367,8.258634875130868,53.60861111111112,23,10,United Kingdom,1,2,Best Customers
18074.0,374,2,1019.44,1.0986122886681098,6.9279891858129465,23.707906976744187,37,2,United Kingdom,1,1,Lapsed
18075.0,23,20,5783.29,3.044522437723423,8.662900900894304,17.904922600619194,180,20,United Kingdom,1,2,Best Customers
18076.0,380,1,151.49,0.6931471805599453,5.027099020126921,18.93625,8,1,United Kingdom,1,1,Lapsed
18077.0,8,18,4078.79,2.9444389791664403,8.313800795485315,11.554645892351274,141,18,United Kingdom,1,2,Best Customers
18078.0,217,4,725.53,1.6094379124341005,6.588279776032511,9.93876712328767,65,4,United Kingdom,1,3,Regular
18079.0,45,5,4203.93,1.791759469228055,8.344012925419499,30.911250000000003,107,4,United Kingdom,1,3,Regular
18080.0,19,2,1231.5,1.0986122886681098,7.116799905916845,615.75,2,2,United Kingdom,1,0,New / Low Engagement
18081.0,36,3,343.45,1.3862943611198906,5.841948942039205,20.20294117647059,14,3,United Kingdom,1,0,New / Low Engagement
18082.0,26,1,680.84,0.6931471805599453,6.524795026214043,9.726285714285714,62,1,United Kingdom,1,0,New / Low Engagement
18083.0,398,1,463.53,0.6931471805599453,6.141026141744223,11.58825,36,1,United Kingdom,1,1,Lapsed
18084.0,16,3,795.23,1.3862943611198906,6.679888088831514,113.60428571428572,7,3,United Kingdom,1,0,New / Low Engagement
18085.0,330,4,1341.85,1.6094379124341005,7.202549500039699,21.642741935483876,42,4,United Kingdom,1,3,Regular
18086.0,274,1,101.34,0.6931471805599453,4.628300603376946,14.477142857142857,7,1,United Kingdom,1,0,New / Low Engagement
18087.0,98,17,14761.52,2.8903717578961645,9.599846815288782,167.74454545454546,44,14,United Kingdom,1,2,Best Customers
18088.0,61,1,166.03,0.6931471805599453,5.118173437001857,4.487297297297298,35,1,United Kingdom,1,0,New / Low Engagement
18089.0,447,1,428.45,0.6931471805599453,6.062505320212233,42.845,9,1,United Kingdom,1,1,Lapsed
18090.0,422,1,321.9,0.6931471805599453,5.77734267776423,5.96111111111111,47,1,United Kingdom,1,1,Lapsed
18091.0,593,1,360.85,0.6931471805599453,5.891229761312137,14.434,25,1,United Kingdom,1,1,Lapsed
18092.0,2,18,14693.72,2.9444389791664403,9.595243524571451,104.95514285714286,42,17,United Kingdom,1,2,Best Customers
18093.0,93,8,4452.71,2.19722457733622,8.401492735684092,72.99524590163935,43,8,United Kingdom,1,3,Regular
18094.0,82,13,6391.52,2.6390573296152584,8.762883835826853,50.72634920634921,55,10,United Kingdom,1,2,Best Customers
18095.0,313,5,2303.09,1.791759469228055,7.742441083552863,47.98104166666667,37,5,United Kingdom,1,3,Regular
18096.0,12,6,1657.87,1.9459101490553128,7.4138919266619965,4.240076726342711,299,6,United Kingdom,1,3,Regular
18097.0,8,11,4627.92,2.4849066497880004,8.44007885853153,29.666153846153847,86,10,United Kingdom,1,2,Best Customers
18098.0,396,1,527.94,0.6931471805599453,6.270875003875495,6.138837209302326,85,1,United Kingdom,1,1,Lapsed
18099.0,127,1,168.31,0.6931471805599453,5.131731354140141,8.858421052631579,19,1,United Kingdom,1,0,New / Low Engagement
18100.0,550,1,451.56,0.6931471805599453,6.1149203510349,15.052,30,1,United Kingdom,1,1,Lapsed
18101.0,11,5,622.01,1.791759469228055,6.434562570022997,5.70651376146789,89,5,United Kingdom,1,3,Regular
18102.0,1,145,580987.04,4.983606621708336,13.272485450424236,558.6413846153846,382,67,United Kingdom,1,2,Best Customers
18103.0,549,1,105.8,0.6931471805599453,4.670957926526095,10.58,10,1,United Kingdom,1,1,Lapsed
18104.0,37,1,754.64,0.6931471805599453,6.627565072288651,19.85894736842105,38,1,United Kingdom,1,0,New / Low Engagement
18105.0,38,1,113.48000000000002,0.6931471805599453,4.740400135248196,6.304444444444446,18,1,United Kingdom,1,0,New / Low Engagement
18106.0,330,6,1441.06,1.9459101490553128,7.273827925855829,7.544816753926701,126,4,United Kingdom,1,3,Regular
18107.0,442,1,165.88,0.6931471805599453,5.117274991252462,4.365263157894737,38,1,United Kingdom,1,1,Lapsed
18108.0,254,3,848.8100000000001,1.3862943611198906,6.745012795086175,18.05978723404256,43,3,United Kingdom,1,0,New / Low Engagement
18109.0,2,38,9555.71,3.6635616461296463,9.164998804555497,14.61117737003058,203,37,United Kingdom,1,2,Best Customers
18110.0,20,2,392.28,1.0986122886681098,5.974521826377671,5.448333333333334,58,2,United Kingdom,1,0,New / Low Engagement
18111.0,589,1,405.85,0.6931471805599453,6.008444567142666,15.031481481481482,27,1,United Kingdom,1,1,Lapsed
18112.0,12,4,773.36,1.6094379124341005,6.652036881735749,12.473548387096775,59,4,United Kingdom,1,3,Regular
18113.0,369,1,76.32000000000001,0.6931471805599453,4.34795265434013,76.32000000000001,1,1,United Kingdom,1,1,Lapsed
18114.0,290,1,220.1,0.6931471805599453,5.3986150878634005,7.860714285714286,28,1,United Kingdom,1,0,New / Low Engagement
18115.0,698,1,9.7,0.6931471805599453,2.3702437414678608,3.233333333333334,3,1,United Kingdom,1,1,Lapsed
18116.0,68,13,2134.49,2.6390573296152584,7.666451407526469,3.784556737588653,311,13,United Kingdom,1,3,Regular
18117.0,26,1,315.65,0.6931471805599453,5.757797062962439,4.384027777777778,68,1,United Kingdom,1,0,New / Low Engagement
18118.0,11,29,6221.02,3.4011973816621555,8.735849891852931,4.350363636363637,444,29,United Kingdom,1,2,Best Customers
18119.0,368,1,180.7,0.6931471805599453,5.202356975402125,6.23103448275862,29,1,United Kingdom,1,1,Lapsed
18120.0,214,1,111.15,0.6931471805599453,4.719837260966218,6.538235294117648,17,1,United Kingdom,1,0,New / Low Engagement
18121.0,149,2,653.3000000000001,1.0986122886681098,6.483565961875693,21.0741935483871,28,2,United Kingdom,1,0,New / Low Engagement
18122.0,8,6,1793.06,1.9459101490553128,7.492236486875529,5.022577030812325,239,6,United Kingdom,1,3,Regular
18123.0,24,3,666.64,1.3862943611198906,6.503749106110217,11.904285714285717,53,3,United Kingdom,1,0,New / Low Engagement
18124.0,472,1,102.65,0.6931471805599453,4.641019838881789,5.1325,20,1,United Kingdom,1,1,Lapsed
18125.0,30,4,1131.75,1.6094379124341005,7.032403583547247,5.89453125,164,4,United Kingdom,1,3,Regular
18126.0,61,1,200.92,0.6931471805599453,5.307871579352848,3.8638461538461537,52,1,United Kingdom,1,0,New / Low Engagement
18127.0,19,4,556.13,1.6094379124341005,6.322798605873071,8.30044776119403,56,3,United Kingdom,1,0,New / Low Engagement
18128.0,537,1,399.29,0.6931471805599453,5.992189284422439,9.506904761904762,42,1,United Kingdom,1,1,Lapsed
18129.0,243,1,112.55,0.6931471805599453,4.732243268551567,8.039285714285715,13,1,United Kingdom,1,0,New / Low Engagement
18130.0,15,3,1059.39,1.3862943611198906,6.966392043966783,15.13414285714286,58,3,United Kingdom,1,3,Regular
18131.0,632,1,222.96,0.6931471805599453,5.411467464480692,55.74,4,1,United Kingdom,1,1,Lapsed
18132.0,504,1,220.13,0.6931471805599453,5.398750763869307,3.5504838709677418,60,1,United Kingdom,1,1,Lapsed
18133.0,212,1,931.5,0.6931471805599453,6.837869151517971,931.5,1,1,United Kingdom,1,0,New / Low Engagement
18134.0,598,2,445.0,1.0986122886681098,6.100318952020064,15.892857142857142,27,2,United Kingdom,1,1,Lapsed
18135.0,29,10,1249.62,2.3978952727983707,7.131394707329006,33.773513513513514,23,10,United Kingdom,1,3,Regular
18136.0,63,5,1631.36,1.791759469228055,7.397782099433339,18.53818181818182,77,5,United Kingdom,1,3,Regular
18137.0,551,2,145.99,1.0986122886681098,4.990364557253896,5.034137931034483,26,1,United Kingdom,1,1,Lapsed
18138.0,295,1,152.65,0.6931471805599453,5.034677288576494,19.08125,8,1,United Kingdom,1,1,Lapsed
18139.0,18,6,8438.34,1.9459101490553128,9.040659385480163,53.07132075471698,35,2,United Kingdom,1,3,Regular
18140.0,474,1,536.41,0.6931471805599453,6.286761304121399,9.933518518518518,49,1,West Indies,0,1,Lapsed
18141.0,402,2,882.47,1.0986122886681098,6.783857335325853,21.01119047619048,38,2,United Kingdom,1,1,Lapsed
18142.0,157,2,1019.52,1.0986122886681098,6.928067580294015,67.968,9,2,United Kingdom,1,0,New / Low Engagement
18143.0,117,2,1000.16,1.0986122886681098,6.908914606701983,16.396065573770493,59,2,United Kingdom,1,0,New / Low Engagement
18144.0,8,19,4892.95,2.995732273553991,8.495755027358681,58.24940476190476,51,18,United Kingdom,1,2,Best Customers
18145.0,13,11,5609.74,2.4849066497880004,8.632437897126115,13.95457711442786,250,11,United Kingdom,1,2,Best Customers
18146.0,141,2,160.35,1.0986122886681098,5.083575918497971,16.035,10,2,United Kingdom,1,0,New / Low Engagement
18147.0,46,2,179.34,1.0986122886681098,5.19484395807176,25.62,7,2,United Kingdom,1,0,New / Low Engagement
18148.0,647,1,112.85,0.6931471805599453,4.734881792509749,11.285,9,1,United Kingdom,1,1,Lapsed
18149.0,51,7,1553.96,2.079441541679836,7.349205100809812,17.076483516483517,54,7,United Kingdom,1,3,Regular
18150.0,32,3,566.58,1.3862943611198906,6.341381708583334,15.312972972972974,29,3,United Kingdom,1,0,New / Low Engagement
18151.0,135,6,1879.44,1.9459101490553128,7.539261070993501,17.730566037735848,99,6,United Kingdom,1,3,Regular
18152.0,646,1,426.69,0.6931471805599453,6.058398634085082,42.669,10,1,United Kingdom,1,1,Lapsed
18153.0,659,1,246.22,0.6931471805599453,5.510278628459677,14.483529411764708,17,1,United Kingdom,1,1,Lapsed
18154.0,3,5,932.6,1.791759469228055,6.839048080972346,19.84255319148936,34,5,United Kingdom,1,3,Regular
18155.0,75,3,371.62,1.3862943611198906,5.920559133592207,14.8648,19,3,United Kingdom,1,0,New / Low Engagement
18156.0,13,2,675.64,1.0986122886681098,6.517139373724178,5.538032786885246,100,2,United Kingdom,1,0,New / Low Engagement
18157.0,571,1,213.9,0.6931471805599453,5.370172803648464,8.556000000000001,25,1,United Kingdom,1,1,Lapsed
18158.0,9,2,453.4,1.0986122886681098,6.118977867406942,13.335294117647058,24,2,United Kingdom,1,0,New / Low Engagement
18159.0,301,1,530.15,0.6931471805599453,6.275044467226023,23.05,23,1,United Kingdom,1,1,Lapsed
18160.0,57,3,1003.88,1.3862943611198906,6.912623410378997,15.444307692307692,56,3,United Kingdom,1,3,Regular
18161.0,15,6,1803.1,1.9459101490553128,7.497817131458757,19.388172043010755,57,6,United Kingdom,1,3,Regular
18162.0,732,1,371.51,0.6931471805599453,5.920263883096861,8.076304347826087,45,1,United Kingdom,1,1,Lapsed
18163.0,584,1,728.84,0.6931471805599453,6.5928253320372185,22.08606060606061,33,1,United Kingdom,1,1,Lapsed
18164.0,37,1,399.65,0.6931471805599453,5.99308822822408,16.652083333333334,24,1,United Kingdom,1,0,New / Low Engagement
18165.0,177,1,302.46,0.6931471805599453,5.715249806097095,30.246,10,1,United Kingdom,1,0,New / Low Engagement
18166.0,624,1,175.5,0.6931471805599453,5.173320876373351,17.55,10,1,United Kingdom,1,1,Lapsed
18167.0,23,3,1384.86,1.3862943611198906,7.234076164546975,37.428648648648654,24,3,United Kingdom,1,3,Regular
18168.0,176,16,3435.5,2.833213344056216,8.14220879056166,9.46418732782369,209,16,United Kingdom,1,2,Best Customers
18169.0,61,1,202.65,0.6931471805599453,5.316402834094422,22.516666666666666,9,1,United Kingdom,1,0,New / Low Engagement
18170.0,33,9,2878.0,2.302585092994046,7.965198290612176,22.84126984126984,59,9,United Kingdom,1,3,Regular
18171.0,59,9,2437.31,2.302585092994046,7.799060455362338,26.4925,76,9,United Kingdom,1,3,Regular
18172.0,15,52,17467.24,3.970291913552122,9.768139653920272,36.77313684210527,176,35,United Kingdom,1,2,Best Customers
18173.0,87,5,2696.36,1.791759469228055,7.9000287958781215,59.91911111111112,34,5,United Kingdom,1,3,Regular
18174.0,7,2,162.5,1.0986122886681098,5.096812990337308,81.25,1,2,United Kingdom,1,0,New / Low Engagement
18175.0,676,1,176.10000000000002,0.6931471805599453,5.176714544788788,25.157142857142865,7,1,United Kingdom,1,1,Lapsed
18176.0,358,1,476.35,0.6931471805599453,6.168249974444042,15.878333333333334,30,1,United Kingdom,1,1,Lapsed
18177.0,31,9,2216.32,2.302585092994046,7.704054538397525,22.38707070707071,66,9,United Kingdom,1,3,Regular
18178.0,129,11,6103.74,2.4849066497880004,8.71682079759532,17.43925714285714,204,11,United Kingdom,1,2,Best Customers
18179.0,9,8,2547.55,2.19722457733622,7.84327984897159,23.37201834862385,101,8,United Kingdom,1,3,Regular
18180.0,5,6,1843.75,1.9459101490553128,7.520099045938476,15.493697478991596,108,6,United Kingdom,1,3,Regular
18181.0,24,5,1188.34,1.791759469228055,7.081153810397246,6.676067415730337,139,5,United Kingdom,1,3,Regular
18182.0,463,1,291.13,0.6931471805599453,5.677198908673179,29.113,10,1,United Kingdom,1,1,Lapsed
18183.0,227,2,632.07,1.0986122886681098,6.450581000548326,17.082972972972975,36,2,United Kingdom,1,0,New / Low Engagement
18184.0,15,1,49.8,0.6931471805599453,3.927896354584436,49.8,1,1,United Kingdom,1,0,New / Low Engagement
18185.0,249,1,304.25,0.6931471805599453,5.721131112990814,17.897058823529413,17,1,United Kingdom,1,0,New / Low Engagement
18186.0,723,1,329.58000000000004,0.6931471805599453,5.800848687489207,29.961818181818185,11,1,United Kingdom,1,1,Lapsed
18187.0,632,1,724.89,0.6931471805599453,6.587398488193701,15.101875,48,1,United Kingdom,1,1,Lapsed
18188.0,15,6,3280.59,1.9459101490553128,8.09608334001947,24.66609022556391,95,6,United Kingdom,1,3,Regular
18189.0,78,3,1403.73,1.3862943611198906,7.2476003924821635,16.322441860465116,79,3,United Kingdom,1,3,Regular
18190.0,192,5,745.62,1.791759469228055,6.6155563542277696,17.752857142857142,34,5,United Kingdom,1,3,Regular
18191.0,262,2,529.4,1.0986122886681098,6.273631438871653,35.29333333333333,15,2,United Kingdom,1,0,New / Low Engagement
18192.0,72,1,957.97,0.6931471805599453,6.865859791808101,21.288222222222224,45,1,United Kingdom,1,0,New / Low Engagement
18193.0,165,3,1207.35,1.3862943611198906,7.09701107162899,17.247857142857146,66,3,United Kingdom,1,3,Regular
18194.0,82,6,4162.04,1.9459101490553128,8.334000855604256,148.6442857142857,23,6,United Kingdom,1,3,Regular
18195.0,387,1,101.16,0.6931471805599453,4.626540211724284,20.232,5,1,United Kingdom,1,1,Lapsed
18196.0,95,4,1457.19,1.6094379124341005,7.284951219578962,5.260613718411553,210,4,United Kingdom,1,3,Regular
18197.0,576,1,230.1,0.6931471805599453,5.442850517280335,25.566666666666663,9,1,United Kingdom,1,1,Lapsed
18198.0,4,17,5425.56,2.8903717578961645,8.599060694675584,34.12301886792453,81,17,United Kingdom,1,2,Best Customers
18199.0,684,1,344.75,0.6931471805599453,5.845715970544868,17.2375,20,1,United Kingdom,1,1,Lapsed
18200.0,106,1,150.35,0.6931471805599453,5.019595035467727,5.011666666666667,29,1,United Kingdom,1,0,New / Low Engagement
18201.0,723,1,447.53,0.6931471805599453,6.105975568893946,16.575185185185187,27,1,United Kingdom,1,1,Lapsed
18202.0,200,3,1396.99,1.3862943611198906,7.242790769692349,20.543970588235293,55,2,United Kingdom,1,3,Regular
18203.0,157,4,492.52,1.6094379124341005,6.201563384901383,8.34779661016949,40,4,United Kingdom,1,0,New / Low Engagement
18204.0,71,3,1975.35,1.3862943611198906,7.589006988129015,10.28828125,159,3,United Kingdom,1,3,Regular
18205.0,36,2,517.36,1.0986122886681098,6.2506699815672135,16.1675,30,2,United Kingdom,1,0,New / Low Engagement
18206.0,553,1,314.66,0.6931471805599453,5.754665684970771,16.561052631578946,19,1,United Kingdom,1,1,Lapsed
18207.0,499,1,544.47,0.6931471805599453,6.301647808343773,17.563548387096777,31,1,United Kingdom,1,1,Lapsed
18208.0,566,1,360.08,0.6931471805599453,5.889099540429954,21.181176470588237,17,1,United Kingdom,1,1,Lapsed
18209.0,29,1,139.10000000000002,0.6931471805599453,4.942356453342962,17.387500000000003,8,1,United Kingdom,1,0,New / Low Engagement
18210.0,2,7,2768.83,2.079441541679836,7.926541225456899,19.22798611111111,116,7,United Kingdom,1,3,Regular
18211.0,26,5,600.07,1.791759469228055,6.3987114002985646,14.287380952380952,37,5,United Kingdom,1,3,Regular
18212.0,326,2,514.37,1.0986122886681098,6.244885089306464,11.18195652173913,40,2,United Kingdom,1,1,Lapsed
18213.0,237,1,232.48,0.6931471805599453,5.453096420335591,15.498666666666669,15,1,United Kingdom,1,0,New / Low Engagement
18214.0,531,4,1780.34,1.6094379124341005,7.485121169056339,30.69551724137931,38,4,United Kingdom,1,1,Lapsed
18215.0,89,5,2232.49,1.791759469228055,7.711320663504336,25.084157303370787,53,5,United Kingdom,1,3,Regular
18216.0,31,1,481.75,0.6931471805599453,6.179498921308624,18.528846153846157,26,1,United Kingdom,1,0,New / Low Engagement
18217.0,29,4,945.04,1.6094379124341005,6.852284851456062,23.626,33,4,United Kingdom,1,3,Regular
18218.0,211,4,1121.84,1.6094379124341005,7.023616469075821,29.522105263157894,25,4,United Kingdom,1,3,Regular
18219.0,3,17,3352.7000000000003,2.8903717578961645,8.11781949294439,17.64578947368421,87,16,United Kingdom,1,2,Best Customers
18220.0,227,6,1921.76,1.9459101490553128,7.561516932807789,76.8704,17,6,United Kingdom,1,3,Regular
18221.0,22,6,1424.94,1.9459101490553128,7.262586524352708,16.96357142857143,71,6,United Kingdom,1,3,Regular
18222.0,93,1,443.0,0.6931471805599453,6.095824562432225,23.31578947368421,19,1,United Kingdom,1,0,New / Low Engagement
18223.0,5,26,14000.85,3.295836866004329,9.54694474272444,24.30703125,192,25,United Kingdom,1,2,Best Customers
18224.0,264,1,158.95000000000002,0.6931471805599453,5.074861266395527,15.895,10,1,United Kingdom,1,0,New / Low Engagement
18225.0,3,26,13014.8,3.295836866004329,9.473919283077072,22.75314685314685,266,25,United Kingdom,1,2,Best Customers
18226.0,44,26,11878.88,3.295836866004329,9.38260149185552,22.497878787878783,299,25,United Kingdom,1,2,Best Customers
18227.0,218,2,388.75,1.0986122886681098,5.965505507937886,64.79166666666667,6,2,United Kingdom,1,0,New / Low Engagement
18228.0,57,2,779.9,1.0986122886681098,6.660447100668629,25.996666666666663,23,2,United Kingdom,1,0,New / Low Engagement
18229.0,12,28,10150.51,3.367295829986474,9.225377741877908,50.50004975124378,73,27,United Kingdom,1,2,Best Customers
18230.0,9,9,4291.06,2.302585092994046,8.364522083149614,30.650428571428574,42,9,United Kingdom,1,2,Best Customers
18231.0,192,28,6854.17,3.367295829986474,8.832758391105399,17.896005221932114,218,25,United Kingdom,1,2,Best Customers
18232.0,82,4,592.97,1.6094379124341005,6.386828813036717,16.026216216216216,31,4,United Kingdom,1,0,New / Low Engagement
18233.0,326,1,440.0,0.6931471805599453,6.089044875446846,440.0,1,1,United Kingdom,1,1,Lapsed
18234.0,552,1,179.6,0.6931471805599453,5.196284640982885,5.986666666666666,30,1,United Kingdom,1,1,Lapsed
18235.0,72,3,1796.48,1.3862943611198906,7.494140962968628,17.273846153846154,100,3,United Kingdom,1,3,Regular
18236.0,30,12,1795.35,2.5649493574615367,7.493512107381559,18.319897959183677,80,10,United Kingdom,1,3,Regular
18237.0,3,5,987.1,1.791759469228055,6.895783907200917,16.181967213114753,40,5,United Kingdom,1,3,Regular
18238.0,515,1,270.92,0.6931471805599453,5.605507905387861,19.35142857142857,14,1,United Kingdom,1,1,Lapsed
18239.0,219,6,1712.26,1.9459101490553128,7.446153267308668,17.836041666666667,85,6,United Kingdom,1,3,Regular
18240.0,46,1,422.58,0.6931471805599453,6.048742398259456,70.42999999999999,6,1,United Kingdom,1,0,New / Low Engagement
18241.0,10,21,2986.99,3.091042453358316,8.002356199526893,18.786100628930814,101,21,United Kingdom,1,2,Best Customers
18242.0,72,8,3605.21,2.19722457733622,8.190412638340476,25.7515,113,7,United Kingdom,1,3,Regular
18243.0,414,1,515.78,0.6931471805599453,6.247617252029137,19.837692307692308,26,1,United Kingdom,1,1,Lapsed
18244.0,431,2,568.64,1.0986122886681098,6.345004582351227,29.928421052631577,19,2,United Kingdom,1,1,Lapsed
18245.0,7,20,6324.9800000000005,3.044522437723423,8.752420242305112,13.81,336,15,United Kingdom,1,2,Best Customers
18246.0,24,3,758.8199999999999,1.3862943611198906,6.633081563123593,151.76399999999998,3,3,United Kingdom,1,0,New / Low Engagement
18247.0,415,3,839.73,1.3862943611198906,6.734270562053164,22.69540540540541,28,3,United Kingdom,1,1,Lapsed
18248.0,123,2,804.02,1.0986122886681098,6.690867121830435,17.1068085106383,39,2,United Kingdom,1,0,New / Low Engagement
18249.0,17,1,95.34,0.6931471805599453,4.567883601202075,11.9175,8,1,United Kingdom,1,0,New / Low Engagement
18250.0,310,1,349.27,0.6931471805599453,5.858704285656805,16.63190476190476,21,1,United Kingdom,1,1,Lapsed
18251.0,87,9,26278.86,2.302585092994046,10.176558145339303,243.3227777777778,87,8,United Kingdom,1,2,Best Customers
18252.0,51,7,1533.69,2.079441541679836,7.336083685228368,11.44544776119403,125,7,United Kingdom,1,3,Regular
18253.0,643,1,317.88,0.6931471805599453,5.7648148564644845,45.41142857142857,7,1,United Kingdom,1,1,Lapsed
18254.0,581,1,267.9,0.6931471805599453,5.5943395632748185,16.74375,16,1,United Kingdom,1,1,Lapsed
18255.0,89,2,303.15,1.0986122886681098,5.717521000766714,15.955263157894736,16,2,United Kingdom,1,0,New / Low Engagement
18256.0,388,1,110.7,0.6931471805599453,4.715816706075155,11.07,10,1,United Kingdom,1,1,Lapsed
18257.0,39,12,4600.15,2.5649493574615367,8.434061551232393,16.667210144927534,219,11,United Kingdom,1,2,Best Customers
18258.0,464,6,2059.67,1.9459101490553128,7.630786451622126,41.1934,30,5,United Kingdom,1,3,Regular
18259.0,25,7,3941.9,2.079441541679836,8.279671772156073,46.37529411764706,51,7,United Kingdom,1,3,Regular
18260.0,173,23,9947.26,3.1780538303479458,9.205152940488473,24.261609756097563,212,22,United Kingdom,1,2,Best Customers
18261.0,43,2,324.24,1.0986122886681098,5.784563371339637,15.44,19,2,United Kingdom,1,0,New / Low Engagement
18262.0,140,3,577.54,1.3862943611198906,6.360507688582179,13.75095238095238,40,3,United Kingdom,1,0,New / Low Engagement
18263.0,26,3,1213.16,1.3862943611198906,7.10180775865179,19.887868852459015,59,3,United Kingdom,1,3,Regular
18264.0,499,1,603.25,0.6931471805599453,6.4039880195835925,16.756944444444443,36,1,United Kingdom,1,1,Lapsed
18265.0,72,2,801.51,1.0986122886681098,6.687744315985722,17.424130434782608,44,2,United Kingdom,1,0,New / Low Engagement
18266.0,434,1,251.1,0.6931471805599453,5.529825834193874,17.935714285714287,14,1,United Kingdom,1,1,Lapsed
18267.0,673,1,269.37,0.6931471805599453,5.599791391268202,15.84529411764706,17,1,United Kingdom,1,1,Lapsed
18268.0,134,6,1490.23,1.9459101490553128,7.307356561754713,22.24223880597015,36,6,United Kingdom,1,3,Regular
18269.0,366,1,168.60000000000002,0.6931471805599453,5.133442723357803,24.08571428571429,7,1,United Kingdom,1,1,Lapsed
18270.0,38,3,444.55,1.3862943611198906,6.099309474058729,26.15,17,3,United Kingdom,1,0,New / Low Engagement
18271.0,610,2,680.85,1.0986122886681098,6.524809692303843,32.42142857142857,19,2,United Kingdom,1,1,Lapsed
18272.0,3,9,4385.9800000000005,2.302585092994046,8.386396342231729,19.40699115044248,145,9,United Kingdom,1,2,Best Customers
18273.0,2,4,357.0,1.6094379124341005,5.8805329864007,89.25,1,4,United Kingdom,1,0,New / Low Engagement
18274.0,30,1,175.92,0.6931471805599453,5.1756976530001255,15.992727272727272,11,1,United Kingdom,1,0,New / Low Engagement
18275.0,578,2,741.85,1.0986122886681098,6.610494140083362,39.04473684210527,19,2,United Kingdom,1,1,Lapsed
18276.0,44,6,1656.52,1.9459101490553128,7.413077788352227,17.622553191489363,81,6,United Kingdom,1,3,Regular
18277.0,58,5,1180.05,1.791759469228055,7.074159152303717,18.43828125,53,4,United Kingdom,1,3,Regular
18278.0,74,2,414.2000000000001,1.0986122886681098,6.028760331851679,17.258333333333336,22,2,United Kingdom,1,0,New / Low Engagement
18279.0,519,1,231.34,0.6931471805599453,5.448201816085329,17.795384615384616,13,1,United Kingdom,1,1,Lapsed
18280.0,278,2,488.15,1.0986122886681098,6.1926691909034375,16.27166666666667,28,2,United Kingdom,1,0,New / Low Engagement
18281.0,181,2,201.14,1.0986122886681098,5.3089605266465165,11.831764705882351,17,2,United Kingdom,1,0,New / Low Engagement
18282.0,8,2,178.05,1.0986122886681098,5.187665096444442,14.8375,12,2,United Kingdom,1,0,New / Low Engagement
18283.0,4,22,2664.9,3.1354942159291497,7.888296990657816,2.841044776119403,352,19,United Kingdom,1,2,Best Customers
18284.0,432,1,461.68,0.6931471805599453,6.137035670427201,16.48857142857143,28,1,United Kingdom,1,1,Lapsed
18285.0,661,1,427.0,0.6931471805599453,6.059123195581797,35.583333333333336,12,1,United Kingdom,1,1,Lapsed
18286.0,477,2,1296.43,1.0986122886681098,7.168140663681035,19.349701492537317,67,2,United Kingdom,1,1,Lapsed
18287.0,43,7,4182.99,2.079441541679836,8.339020615684541,26.987032258064517,120,6,United Kingdom,1,3,Regular
